# Blender 5.0.1
# www.blender.org
mtllib Boneclaw obj attempt 4.mtl
o Boneclaw_OGOGOGOOGOGOGOGOG
v -3.920572 -1.186707 0.241775
v -3.861592 -1.531458 0.001598
v -3.846537 -1.509395 0.290465
v -3.958998 -1.162695 0.001598
v -3.861592 -1.531458 0.001598
v -3.920572 -1.186707 -0.201528
v -3.846537 -1.509395 -0.250218
v -3.958998 -1.162695 0.001598
v -3.858180 -1.463966 -0.533850
v -3.846537 -1.509395 -0.250218
v -3.872018 -1.216751 -0.340170
v -3.920572 -1.186707 -0.201528
v -3.846537 -1.509395 0.290465
v -3.858180 -1.463966 0.574095
v -3.872018 -1.216751 0.380415
v -3.920572 -1.186707 0.241775
v -3.929062 -1.180965 0.368933
v -4.037535 -1.324845 0.596985
v -4.142948 -1.045805 0.584877
v -4.295517 -1.471317 0.275468
v -4.472142 -1.840707 -0.001218
v -4.442842 -1.829800 0.331565
v -4.316003 -1.422402 -0.001218
v -4.472142 -1.840707 -0.001218
v -4.295517 -1.471317 -0.235222
v -4.442842 -1.829800 -0.291318
v -4.316003 -1.422402 -0.001218
v -3.937264 -1.175771 0.753863
v -4.142948 -1.045805 0.584877
v -4.037535 -1.324845 0.596985
v -3.323185 -0.648667 0.476033
v -3.461425 -0.383463 0.400710
v -3.338778 -0.606633 0.605082
v -4.423283 -1.778490 -0.592755
v -4.442842 -1.829800 -0.291318
v -4.269413 -1.532853 -0.369630
v -4.295517 -1.471317 -0.235222
v -3.461425 -0.383465 -0.359650
v -3.338778 -0.606635 -0.564022
v -3.323185 -0.648668 -0.434973
v -4.442842 -1.829800 0.331565
v -4.423283 -1.778490 0.592370
v -4.269413 -1.532853 0.369245
v -4.295517 -1.471317 0.275468
v -4.037535 -1.324845 -0.556740
v -3.929062 -1.180965 -0.328687
v -4.142948 -1.045805 -0.568215
v -4.500682 -1.524300 0.633083
v -4.412825 -1.186335 0.568212
v -4.299742 -1.460108 0.370358
v -4.500682 -1.524300 0.633083
v -4.269413 -1.532853 0.369245
v -4.423283 -1.778490 0.592370
v -4.299742 -1.460108 0.370358
v -4.304062 -1.449585 -0.799848
v -4.500682 -1.524300 -0.619125
v -4.412825 -1.186335 -0.584553
v -4.500682 -1.524300 -0.619125
v -4.299742 -1.460108 -0.356400
v -4.412825 -1.186335 -0.584553
v -4.304062 -1.449585 0.813810
v -4.412825 -1.186335 0.568212
v -4.500682 -1.524300 0.633083
v -4.500682 -1.524300 -0.619125
v -4.269413 -1.532853 -0.369630
v -4.299742 -1.460108 -0.356400
v -4.423283 -1.778490 -0.592755
v -4.276545 0.718515 0.001372
v -4.065225 0.705530 -0.221772
v -4.275645 0.677090 0.001372
v -4.110520 0.805962 -0.186278
v -4.276545 0.718515 0.001372
v -4.065225 0.705530 0.224515
v -4.110520 0.805962 0.189022
v -4.275645 0.677090 0.001372
v -3.535257 -0.382245 0.393990
v -3.278970 -0.681258 0.000983
v -3.323185 -0.648667 0.476033
v -3.533160 -0.382475 0.000983
v -3.278970 -0.681258 0.000983
v -3.535257 -0.382245 -0.352930
v -3.323185 -0.648668 -0.434973
v -3.533160 -0.382475 0.000983
v -4.142640 0.659682 0.001372
v -4.046738 0.559428 -0.152225
v -4.200293 0.563178 0.001372
v -4.142640 0.659682 0.001372
v -4.046738 0.559428 0.154968
v -4.200293 0.563178 0.001372
v -1.852863 -1.887390 0.001377
v -1.626656 -2.190670 -0.444390
v -1.623773 -2.207752 0.001377
v -1.817490 -1.893485 -0.466492
v -1.817490 -1.893480 0.469245
v -1.852863 -1.887390 0.001377
v -1.626656 -2.190670 0.447143
v -1.623773 -2.207752 0.001377
v -3.461425 -0.383463 0.400710
v -3.269500 -0.172585 0.472189
v -3.290180 -0.194425 0.598665
v -3.269500 -0.172587 -0.431130
v -3.461425 -0.383465 -0.359650
v -3.290180 -0.194427 -0.557607
v -4.311168 0.878130 0.001372
v -4.110520 0.805962 -0.186278
v -4.276545 0.718515 0.001372
v -2.578980 -0.649320 0.270792
v -2.377810 -0.913391 0.002945
v -2.374750 -0.891075 0.286853
v -2.605320 -0.644992 0.002945
v -2.605320 -0.644992 0.002945
v -2.374750 -0.891075 -0.246607
v -2.377810 -0.913391 0.002945
v -2.578980 -0.649320 -0.230545
v -4.311168 0.878130 0.001372
v -4.110520 0.805962 0.189022
v -4.276545 0.718515 0.001372
v -2.542732 -0.619545 0.533787
v -2.360085 -0.780520 0.654203
v -2.374750 -0.891075 0.286853
v -2.578980 -0.649320 0.270792
v -2.542732 -0.619545 -0.493540
v -2.360085 -0.780522 -0.613957
v -2.374750 -0.891075 -0.246607
v -2.578980 -0.649320 -0.230545
v -1.567340 -1.078879 0.001377
v -1.376621 -1.372537 -0.440815
v -1.388790 -1.386540 0.001377
v -1.522735 -1.088981 -0.443508
v -1.522735 -1.088981 0.446262
v -1.567340 -1.078879 0.001377
v -1.376625 -1.372533 0.443565
v -1.388790 -1.386540 0.001377
v -2.687407 0.809493 0.001372
v -2.574728 0.738818 -0.130790
v -2.703653 0.709747 0.001372
v -2.595337 0.830250 -0.092990
v -2.687407 0.809493 0.001372
v -2.574728 0.738818 0.133533
v -2.595337 0.830250 0.095733
v -2.703653 0.709747 0.001372
v -2.234028 0.982203 0.001372
v -2.074308 0.922282 -0.170303
v -2.245117 0.873845 0.001372
v -2.092957 1.014093 -0.143232
v -2.234028 0.982203 0.001372
v -2.074308 0.922282 0.173047
v -2.092957 1.014093 0.145975
v -2.245117 0.873845 0.001372
v -2.060295 0.857090 -0.084900
v -2.185575 0.751567 0.001372
v -2.146570 0.857111 0.001372
v -2.056725 0.748413 -0.128010
v -2.060295 0.857090 0.087645
v -2.185575 0.751567 0.001372
v -2.056725 0.748413 0.130755
v -2.146570 0.857111 0.001372
v -0.506678 -2.214195 0.461802
v -0.686547 -1.813443 0.262470
v -0.523140 -2.234977 -0.050985
v -0.675353 -1.827075 -0.050985
v -0.523140 -2.234977 -0.050985
v -0.675353 -1.827075 -0.050985
v -0.686547 -1.813443 -0.231180
v -0.506678 -2.214195 -0.382398
v -0.506678 -2.214195 -0.382398
v -0.688842 -1.808748 -0.297198
v -0.576318 -2.149950 -0.498052
v -0.686547 -1.813443 -0.231180
v -0.688842 -1.808748 0.312623
v -0.506678 -2.214195 0.461802
v -0.576318 -2.149950 0.540755
v -0.686547 -1.813443 0.262470
v -0.862073 0.828783 0.012682
v -0.619200 1.119333 0.012682
v -0.619533 1.092968 -0.232740
v -0.837709 0.829463 -0.218858
v -0.837709 0.829463 0.214525
v -0.619533 1.092968 0.228408
v -0.862073 0.828783 0.012682
v -0.619200 1.119333 0.012682
v -2.248470 1.125056 0.001372
v -2.145160 1.149615 -0.104802
v -2.092957 1.014093 -0.143232
v -2.542732 -0.619545 0.533787
v -2.492423 -0.398215 0.555015
v -2.324520 -0.502537 0.354200
v -2.316172 -0.435730 0.343553
v -2.492423 -0.398215 0.555015
v -2.284080 -0.184740 0.515805
v -0.808781 0.805943 0.424260
v -0.621717 0.962430 0.528352
v -0.619533 1.092968 0.228408
v -0.837709 0.829463 0.214525
v -2.542732 -0.619545 -0.493540
v -2.324520 -0.502535 -0.313953
v -2.492423 -0.398217 -0.514770
v -2.316172 -0.435732 -0.303307
v -2.492423 -0.398217 -0.514770
v -2.284080 -0.184745 -0.497425
v -2.248470 1.125056 0.001372
v -2.145160 1.149615 0.107545
v -2.092957 1.014093 0.145975
v -0.808781 0.805938 -0.400325
v -0.621717 0.962430 -0.504417
v -0.619533 1.092968 -0.232740
v -0.837709 0.829463 -0.218858
v -0.180408 -1.600088 0.001373
v -0.390866 -1.215188 0.001373
v -0.379440 -1.191071 -0.343788
v -0.187923 -1.569090 -0.432168
v -0.187923 -1.569090 0.434918
v -0.379440 -1.191071 0.346535
v -0.180408 -1.600088 0.001373
v -0.390866 -1.215188 0.001373
v -0.745730 -1.789414 0.201848
v -0.858428 -1.970133 0.459848
v -1.014158 -1.660638 0.468323
v -0.745730 -1.789414 -0.199102
v -1.014158 -1.660638 -0.465573
v -0.858428 -1.970133 -0.457102
v -0.209232 0.804315 0.012303
v 0.017472 1.075520 0.012303
v 0.017160 1.050912 -0.216780
v -0.186487 0.804948 -0.203825
v -0.186487 0.804948 0.200707
v 0.017160 1.050912 0.213667
v -0.209232 0.804315 0.012303
v 0.017472 1.075520 0.012303
v -1.232835 -1.967314 0.360620
v -1.213650 -2.174407 0.582878
v -1.207365 -1.968165 0.264590
v -1.213650 -2.174407 -0.580128
v -1.207365 -1.968165 -0.261840
v -1.232835 -1.967314 -0.357870
v -0.159488 0.782993 0.396475
v 0.015124 0.929063 0.493642
v 0.017160 1.050912 0.213667
v -0.186487 0.804948 0.200707
v -0.159488 0.782992 -0.373205
v 0.015124 0.929058 -0.470367
v 0.017160 1.050912 -0.216780
v -0.186487 0.804948 -0.203825
v -0.466470 -1.187752 0.198620
v -0.552873 -1.384185 0.437142
v -0.752688 -1.097928 0.444068
v -0.466470 -1.187752 -0.195873
v -0.752685 -1.097932 -0.441318
v -0.552873 -1.384185 -0.434392
v 0.389003 0.802040 0.013252
v 0.656160 1.121643 0.013252
v 0.655792 1.092641 -0.256715
v 0.415803 0.802781 -0.241445
v 0.415800 0.802785 0.235282
v 0.655788 1.092641 0.250552
v 0.389003 0.802040 0.013252
v 0.656160 1.121643 0.013252
v -1.014470 -1.204113 0.339015
v -1.014953 -1.391958 0.470303
v -0.991638 -1.207060 0.263160
v -1.014953 -1.391958 -0.467550
v -0.991638 -1.207060 -0.260410
v -1.014470 -1.204113 -0.336265
v 0.447623 0.776910 0.465985
v 0.653392 0.949046 0.580492
v 0.655788 1.092641 0.250552
v 0.415800 0.802785 0.235282
v 0.447623 0.776910 -0.441053
v 0.653392 0.949045 -0.555555
v 0.655792 1.092641 -0.256715
v 0.415803 0.802781 -0.241445
v -0.862073 0.828783 0.012682
v -0.630280 0.567605 -0.179832
v -0.631567 0.514583 0.012682
v -0.837709 0.829463 -0.218858
v -0.862073 0.828783 0.012682
v -0.630280 0.567605 0.175500
v -0.837709 0.829463 0.214525
v -0.631567 0.514583 0.012682
v -0.808781 0.805938 -0.400325
v -0.628425 0.634425 -0.245078
v -0.791097 0.672273 -0.428652
v -0.628425 0.634425 0.269013
v -0.808781 0.805943 0.424260
v -0.837709 0.829463 0.214525
v -0.630280 0.567605 0.175500
v -0.627023 0.686738 0.259810
v -0.791100 0.672275 0.442608
v 1.049857 0.782058 0.012682
v 1.292730 1.072609 0.012682
v 1.292397 1.046242 -0.232740
v 1.074221 0.782735 -0.218858
v 1.074221 0.782735 0.214525
v 1.292397 1.046242 0.228408
v 1.049857 0.782058 0.012682
v 1.292730 1.072609 0.012682
v -0.791097 0.672273 -0.428652
v -0.631628 0.450063 -0.405687
v -0.627023 0.686738 -0.245855
v 1.103149 0.759218 0.424260
v 1.290210 0.915701 0.528352
v 1.292397 1.046242 0.228408
v 1.074221 0.782735 0.214525
v 1.103149 0.759217 -0.400325
v 1.290213 0.915700 -0.504417
v 1.292397 1.046242 -0.232740
v 1.074221 0.782735 -0.218858
v -0.791100 0.672275 0.442608
v -0.627023 0.686738 0.259810
v -0.631628 0.450065 0.440722
v 1.853085 -0.994437 -0.600817
v 1.894107 -0.795398 -0.825847
v 1.634502 -0.746400 -0.466660
v 1.853081 -0.994435 0.603567
v 1.894107 -0.795393 0.828597
v 1.634498 -0.746400 0.469410
v -0.209232 0.804315 0.012303
v 0.007128 0.560528 -0.167393
v 0.005925 0.511035 0.012303
v -0.186487 0.804948 -0.203825
v -0.209232 0.804315 0.012303
v 0.007128 0.560528 0.164280
v -0.186487 0.804948 0.200707
v 0.005925 0.511035 0.012303
v -0.159488 0.782992 -0.373205
v 0.008857 0.622898 -0.228297
v -0.142984 0.658225 -0.399645
v 0.005872 0.450805 -0.401738
v 0.010170 0.671726 -0.229020
v 0.008857 0.622898 0.251568
v -0.159488 0.782993 0.396475
v -0.186487 0.804948 0.200707
v 0.007128 0.560528 0.164280
v 0.010170 0.671726 0.242977
v -0.142984 0.658227 0.413602
v 0.005872 0.450807 0.435370
v 1.702700 0.757587 0.012303
v 1.929402 1.028795 0.012303
v 1.929090 1.004182 -0.216780
v 1.725443 0.758220 -0.203825
v 1.725443 0.758220 0.200707
v 1.929090 1.004182 0.213667
v 1.702700 0.757587 0.012303
v 1.929402 1.028795 0.012303
v 1.752443 0.736268 -0.373205
v 1.927055 0.882334 -0.470367
v 1.929090 1.004182 -0.216780
v 1.725443 0.758220 -0.203825
v 1.752443 0.736268 0.396475
v 1.927055 0.882338 0.493642
v 1.929090 1.004182 0.213667
v 1.725443 0.758220 0.200707
v 0.389003 0.802040 0.013252
v 0.643970 0.514743 -0.198510
v 0.642552 0.456420 0.013252
v 0.415803 0.802781 -0.241445
v 0.389003 0.802040 0.013252
v 0.643970 0.514743 0.192348
v 0.415800 0.802785 0.235282
v 0.642552 0.456420 0.013252
v 0.447623 0.776910 -0.441053
v 0.646012 0.588244 -0.270282
v 0.467075 0.629880 -0.472215
v 0.646012 0.588244 0.295218
v 0.447623 0.776910 0.465985
v 0.415800 0.802785 0.235282
v 0.643970 0.514743 0.192348
v 0.647553 0.645787 0.285093
v 0.467075 0.629880 0.486172
v 0.467075 0.629880 -0.472215
v 0.642492 0.385440 -0.398745
v 0.647553 0.645787 -0.271137
v 0.467075 0.629880 0.486172
v 0.647553 0.645787 0.285093
v 0.642492 0.385445 0.435892
v 2.201936 -1.157253 0.488408
v 2.053557 -1.062750 0.619425
v 1.974791 -0.816055 0.404465
v 1.974791 -0.816056 -0.401715
v 2.053557 -1.062755 -0.616675
v 2.201936 -1.157253 -0.485658
v 2.236980 -1.166622 0.001377
v 1.974791 -0.816056 -0.401715
v 2.201936 -1.157253 -0.485658
v 1.990042 -0.820740 0.001377
v 1.974791 -0.816055 0.404465
v 2.236980 -1.166622 0.001377
v 2.201936 -1.157253 0.488408
v 1.990042 -0.820740 0.001377
v 2.300932 0.755313 0.013252
v 2.568090 1.074918 0.013252
v 2.567727 1.045915 -0.256715
v 2.327730 0.756056 -0.241445
v 2.327730 0.756056 0.235282
v 2.567723 1.045915 0.250552
v 2.300932 0.755313 0.013252
v 2.568090 1.074918 0.013252
v 2.359552 0.730185 -0.441053
v 2.565322 0.902320 -0.555555
v 2.567727 1.045915 -0.256715
v 2.327730 0.756056 -0.241445
v 2.359552 0.730185 0.465985
v 2.565322 0.902321 0.580492
v 2.567723 1.045915 0.250552
v 2.327730 0.756056 0.235282
v 1.049857 0.782058 0.012682
v 1.281649 0.520878 -0.179832
v 1.280358 0.467857 0.012682
v 1.074221 0.782735 -0.218858
v 1.049857 0.782058 0.012682
v 1.281645 0.520878 0.175500
v 1.074221 0.782735 0.214525
v 1.280358 0.467857 0.012682
v 1.103149 0.759217 -0.400325
v 1.283505 0.587695 -0.245078
v 1.120835 0.625548 -0.428652
v 1.283505 0.587695 0.269013
v 1.103149 0.759218 0.424260
v 1.074221 0.782735 0.214525
v 1.281645 0.520878 0.175500
v 1.284903 0.640010 0.259810
v 1.120830 0.625550 0.442608
v 1.120835 0.625548 -0.428652
v 1.280303 0.403330 -0.402717
v 1.284903 0.640010 -0.245855
v 1.120830 0.625550 0.442608
v 1.284903 0.640010 0.259810
v 1.280303 0.403335 0.437752
v 3.015075 0.712485 -0.400325
v 3.202145 0.868972 -0.504417
v 3.204327 0.999513 -0.232740
v 2.986147 0.736009 -0.218858
v 3.015075 0.712485 0.424260
v 3.202145 0.868977 0.528352
v 3.204327 0.999513 0.228408
v 2.986147 0.736009 0.214525
v 2.961787 0.735330 0.012682
v 3.204655 1.025880 0.012682
v 3.204327 0.999513 -0.232740
v 2.986147 0.736009 -0.218858
v 2.986147 0.736009 0.214525
v 3.204327 0.999513 0.228408
v 2.961787 0.735330 0.012682
v 3.204655 1.025880 0.012682
v 3.011737 -0.408097 0.580820
v 3.214852 -0.554565 0.712260
v 2.976102 -0.504768 0.457040
v 3.209382 -0.731763 0.485030
v 3.011737 -0.408098 -0.540573
v 3.214852 -0.554565 -0.672015
v 2.976102 -0.504770 -0.416793
v 3.209382 -0.731765 -0.444783
v 1.702700 0.757587 0.012303
v 1.919060 0.513799 0.164280
v 1.725443 0.758220 0.200707
v 1.917850 0.464307 0.012303
v 1.702700 0.757587 0.012303
v 1.919060 0.513799 -0.167393
v 1.917850 0.464307 0.012303
v 1.725443 0.758220 -0.203825
v 1.752443 0.736268 -0.373205
v 1.920792 0.576168 -0.228297
v 1.768945 0.611500 -0.399645
v 1.920792 0.576168 0.251568
v 1.752443 0.736268 0.396475
v 1.725443 0.758220 0.200707
v 1.919060 0.513799 0.164280
v 1.922100 0.624997 0.242977
v 1.768945 0.611498 0.413602
v 1.917803 0.404082 0.432415
v 1.768945 0.611500 -0.399645
v 1.917803 0.404080 -0.398783
v 1.922100 0.624997 -0.229020
v 3.664372 0.689538 -0.373205
v 3.838980 0.835605 -0.470367
v 3.841017 0.957458 -0.216780
v 3.637368 0.711495 -0.203825
v 3.664372 0.689540 0.396475
v 3.838980 0.835610 0.493638
v 3.841017 0.957458 0.213667
v 3.637368 0.711495 0.200707
v 3.614628 0.710862 0.012303
v 3.841332 0.982068 0.012303
v 3.841017 0.957458 -0.216780
v 3.637368 0.711495 -0.203825
v 3.637368 0.711495 0.200707
v 3.841017 0.957458 0.213667
v 3.614628 0.710862 0.012303
v 3.841332 0.982068 0.012303
v 2.379007 0.583150 -0.472215
v 2.554420 0.338715 -0.385875
v 2.559488 0.599063 -0.271137
v 2.300932 0.755313 0.013252
v 2.555898 0.468018 0.192348
v 2.327730 0.756056 0.235282
v 2.554482 0.409690 0.013252
v 2.300932 0.755313 0.013252
v 2.555898 0.468018 -0.198510
v 2.554482 0.409690 0.013252
v 2.327730 0.756056 -0.241445
v 2.379007 0.583152 0.486172
v 2.559488 0.599063 0.285093
v 2.554420 0.338715 0.423022
v 2.359552 0.730185 -0.441053
v 2.557942 0.541515 -0.270282
v 2.379007 0.583150 -0.472215
v 2.557942 0.541515 0.295218
v 2.359552 0.730185 0.465985
v 2.327730 0.756056 0.235282
v 2.555898 0.468018 0.192348
v 2.559488 0.599063 0.285093
v 2.379007 0.583152 0.486172
v 3.223025 -0.270295 0.378345
v 2.947488 -0.551655 0.001373
v 2.976102 -0.504768 0.457040
v 3.222980 -0.272393 0.001373
v 2.947488 -0.551655 0.001373
v 3.223025 -0.270297 -0.338100
v 2.976102 -0.504770 -0.416793
v 3.222980 -0.272393 0.001373
v 4.132953 -0.432132 -0.566590
v 4.281034 -0.538913 -0.669213
v 4.107177 -0.494055 -0.497350
v 4.277257 -0.659543 -0.527295
v 4.133164 -0.423577 0.583913
v 4.281243 -0.530355 0.686540
v 4.107177 -0.494055 0.487388
v 4.277254 -0.659542 0.517332
v 3.041032 -0.176502 -0.582862
v 3.225203 -0.197235 -0.352042
v 3.232890 0.062895 -0.567679
v 4.271478 0.683455 -0.441053
v 4.477250 0.855592 -0.555555
v 4.479650 0.999187 -0.256715
v 4.239660 0.709330 -0.241445
v 4.271478 0.683457 0.465985
v 4.477250 0.855593 0.580492
v 4.479650 0.999187 0.250552
v 4.239655 0.709330 0.235282
v 3.223025 -0.270295 0.378345
v 2.976102 -0.504768 0.457040
v 3.223368 -0.266455 0.384788
v 3.011737 -0.408097 0.580820
v 3.041032 -0.176500 0.603990
v 3.223368 -0.266455 0.384788
v 3.225203 -0.197235 0.373167
v 3.041032 -0.176500 0.603990
v 3.232890 0.062895 0.580503
v 3.223368 -0.266457 -0.344542
v 3.011737 -0.408098 -0.540573
v 2.976102 -0.504770 -0.416793
v 3.223025 -0.270297 -0.338100
v 3.041032 -0.176502 -0.582862
v 3.225203 -0.197235 -0.352042
v 4.212858 0.708585 0.013252
v 4.480017 1.028190 0.013252
v 4.479650 0.999187 -0.256715
v 4.239660 0.709330 -0.241445
v 4.239655 0.709330 0.235282
v 4.479650 0.999187 0.250552
v 4.212858 0.708585 0.013252
v 4.480017 1.028190 0.013252
v 3.032763 0.578823 -0.428652
v 3.192233 0.356605 -0.399447
v 3.196833 0.593283 -0.245855
v 3.032760 0.578825 0.442608
v 3.196833 0.593283 0.259810
v 3.192233 0.356607 0.434485
v 2.961787 0.735330 0.012682
v 3.193578 0.474150 0.175500
v 2.986147 0.736009 0.214525
v 3.192288 0.421133 0.012682
v 2.961787 0.735330 0.012682
v 3.193578 0.474150 -0.179832
v 3.192288 0.421133 0.012682
v 2.986147 0.736009 -0.218858
v 3.777532 -0.288483 0.233235
v 3.515633 -0.555920 0.002175
v 3.542828 -0.511355 0.280077
v 3.777491 -0.290475 0.002175
v 3.515633 -0.555920 0.002175
v 3.777532 -0.288485 -0.193237
v 3.542828 -0.511355 -0.240078
v 3.777491 -0.290475 0.002175
v 3.015075 0.712485 -0.400325
v 3.195430 0.540971 -0.245078
v 3.032763 0.578823 -0.428652
v 3.195430 0.540971 0.269013
v 3.015075 0.712485 0.424260
v 2.986147 0.736009 0.214525
v 3.193578 0.474150 0.175500
v 3.196833 0.593283 0.259810
v 3.032760 0.578825 0.442608
v 3.576705 -0.419468 -0.550747
v 3.542828 -0.511355 -0.240078
v 3.777860 -0.284832 -0.351205
v 3.777532 -0.288485 -0.193237
v 3.777860 -0.284832 -0.351205
v 3.604549 -0.199335 -0.577942
v 3.779598 -0.219038 -0.349113
v 3.604549 -0.199335 -0.577942
v 3.786911 0.028215 -0.563088
v 3.542828 -0.511355 0.280077
v 3.576705 -0.419467 0.590750
v 3.777860 -0.284830 0.391205
v 3.777532 -0.288483 0.233235
v 3.604549 -0.199335 0.598819
v 3.777860 -0.284830 0.391205
v 3.779598 -0.219037 0.369990
v 3.604549 -0.199335 0.598819
v 3.786911 0.028215 0.575665
v -0.930997 -1.039773 0.483765
v -0.991638 -1.207060 0.263160
v -1.014470 -1.204113 0.339015
v -0.930997 -1.039773 -0.481015
v -0.991638 -1.207060 -0.260410
v -1.014470 -1.204113 -0.336265
v 4.287195 -0.323115 0.403208
v 4.086323 -0.528237 0.006330
v 4.107177 -0.494055 0.487388
v 4.287168 -0.324642 0.006330
v 4.086323 -0.528237 0.006330
v 4.287195 -0.323115 -0.413170
v 4.107177 -0.494055 -0.497350
v 4.287168 -0.324642 0.006330
v 3.614628 0.710862 0.012303
v 3.830985 0.467075 0.164280
v 3.637368 0.711495 0.200707
v 3.829782 0.417581 0.012303
v 3.614628 0.710862 0.012303
v 3.830985 0.467075 -0.167393
v 3.829782 0.417581 0.012303
v 3.637368 0.711495 -0.203825
v 3.832717 0.529443 0.251568
v 3.664372 0.689540 0.396475
v 3.637368 0.711495 0.200707
v 3.830985 0.467075 0.164280
v 3.834027 0.578273 0.242977
v 3.680877 0.564773 0.413602
v 3.829730 0.357353 0.443617
v 3.664372 0.689538 -0.373205
v 3.832717 0.529443 -0.228297
v 3.680877 0.564772 -0.399645
v 3.829730 0.357352 -0.409985
v 3.834027 0.578273 -0.229020
v 4.488037 -0.471555 -0.001218
v 4.800303 -0.206708 -0.235223
v 4.801605 -0.153686 -0.001218
v 4.800303 -0.206707 0.275468
v 4.488037 -0.471555 -0.001218
v 4.801605 -0.153686 -0.001218
v 5.288442 -0.125832 -0.713618
v 5.144340 -0.233123 -0.556740
v 5.137624 0.065092 -0.542268
v 4.287243 -0.328865 -0.413538
v 4.132953 -0.432132 -0.566590
v 4.107177 -0.494055 -0.497350
v 4.288788 -0.269850 -0.450232
v 4.287195 -0.323115 0.403208
v 4.107177 -0.494055 0.487388
v 4.287455 -0.320313 0.430860
v 4.133164 -0.423577 0.583913
v 4.288788 -0.269850 0.464475
v 5.288442 -0.125830 0.753863
v 5.137620 0.065093 0.558927
v 5.144340 -0.233122 0.596985
v 4.290933 0.536427 0.486172
v 4.471413 0.552333 0.285093
v 4.466348 0.291995 0.426814
v 4.290933 0.536425 -0.472215
v 4.466348 0.291993 -0.389666
v 4.471413 0.552333 -0.271137
v 4.591417 -0.171153 0.633083
v 4.809791 0.101333 0.568210
v 4.801043 -0.194752 0.370358
v 4.558077 -0.434760 -0.592755
v 4.798954 -0.273540 -0.369630
v 4.591417 -0.171155 -0.619125
v 4.801043 -0.194753 -0.356400
v 4.591417 -0.171155 -0.619125
v 4.809791 0.101332 -0.584553
v 4.212858 0.708585 0.013252
v 4.467830 0.421290 0.192348
v 4.239655 0.709330 0.235282
v 4.466411 0.362966 0.013252
v 4.212858 0.708585 0.013252
v 4.467830 0.421290 -0.198510
v 4.466411 0.362966 0.013252
v 4.239660 0.709330 -0.241445
v 4.558077 -0.434760 0.592370
v 4.591417 -0.171153 0.633083
v 4.798954 -0.273540 0.369245
v 4.801043 -0.194752 0.370358
v 4.271478 0.683455 -0.441053
v 4.469872 0.494790 -0.270282
v 4.290933 0.536425 -0.472215
v 4.469872 0.494790 0.295218
v 4.271478 0.683457 0.465985
v 4.239655 0.709330 0.235282
v 4.467830 0.421290 0.192348
v 4.471413 0.552333 0.285093
v 4.290933 0.536427 0.486172
v -1.232835 -1.967314 0.360620
v -1.158090 -1.777417 0.603567
v -1.207365 -1.968165 0.264590
v -1.232835 -1.967314 -0.357870
v -1.158090 -1.777417 -0.600817
v -1.207365 -1.968165 -0.261840
v 5.144340 -0.233122 0.596985
v 5.137620 0.065093 0.558927
v 5.294467 -0.133462 0.368933
v 5.144340 -0.233123 -0.556740
v 5.294467 -0.133463 -0.328687
v 5.137624 0.065092 -0.542268
v 6.860456 -0.335892 -0.271173
v 6.857078 -0.469512 -0.130327
v 6.709265 -0.323047 -0.111142
v 6.740880 -0.252645 -0.190650
v 6.857078 -0.469512 0.133073
v 6.860456 -0.335890 0.273920
v 6.709265 -0.323047 0.113888
v 6.740880 -0.252645 0.193400
v 7.212882 -0.373947 -0.261787
v 7.209753 -0.502020 -0.118840
v 7.080405 -0.371817 -0.106840
v 7.112201 -0.301797 -0.191745
v 7.209753 -0.502020 0.121587
v 7.212882 -0.373945 0.264533
v 7.080405 -0.371817 0.109587
v 7.112201 -0.301795 0.194490
v 5.263177 -0.470650 0.290465
v 5.267270 -0.423925 0.574095
v 5.336365 -0.186160 0.380415
v 5.300550 -0.141690 0.241775
v 5.267270 -0.423927 -0.533850
v 5.263177 -0.470651 -0.250218
v 5.336365 -0.186162 -0.340170
v 5.300550 -0.141690 -0.201529
v 5.241638 -0.486457 0.001598
v 5.300550 -0.141690 -0.201529
v 5.272293 -0.106280 0.001598
v 5.300550 -0.141690 0.241775
v 5.241638 -0.486457 0.001598
v 5.263177 -0.470650 0.290465
v 5.272293 -0.106280 0.001598
v 7.814232 -0.230982 -0.209425
v 7.908282 -0.110813 -0.202054
v 7.906875 -0.229797 -0.301177
v 6.864105 -0.191228 0.001373
v 6.709265 -0.323047 0.113888
v 6.864450 -0.177150 0.080622
v 6.708353 -0.347933 0.001373
v 7.814232 -0.230981 0.212172
v 7.906875 -0.229795 0.303923
v 7.908282 -0.110812 0.204800
v 6.864105 -0.191228 0.001373
v 6.709265 -0.323047 -0.111142
v 6.708353 -0.347933 0.001373
v 6.864450 -0.177150 -0.077875
v 6.740880 -0.252645 0.193400
v 6.864640 -0.169237 0.094700
v 6.864450 -0.177150 0.080622
v 6.709265 -0.323047 0.113888
v 6.864888 -0.159220 0.101960
v 6.755172 -0.154375 0.222555
v 6.868530 -0.014725 0.198120
v 6.709265 -0.323047 -0.111142
v 6.864450 -0.177150 -0.077875
v 6.740880 -0.252645 -0.190650
v 6.864640 -0.169237 -0.091953
v 6.864888 -0.159222 -0.099213
v 6.755172 -0.154376 -0.219810
v 6.868530 -0.014727 -0.195375
v 7.905011 -0.384267 -0.255750
v 7.903646 -0.498483 -0.125662
v 7.776814 -0.375877 -0.108502
v 7.803170 -0.315162 -0.182253
v 7.903646 -0.498483 0.128408
v 7.905011 -0.384267 0.258495
v 7.776814 -0.375877 0.111248
v 7.803170 -0.315161 0.185000
v 8.210598 -0.361932 -0.268885
v 8.208004 -0.495761 -0.127635
v 8.065042 -0.357758 -0.114663
v 8.098305 -0.282968 -0.198922
v 8.208004 -0.495761 0.130377
v 8.210598 -0.361930 0.271632
v 8.065042 -0.357758 0.117410
v 8.098305 -0.282967 0.201668
v 7.216062 -0.243847 0.088178
v 7.080405 -0.371817 0.109587
v 7.112201 -0.301795 0.194490
v 7.216372 -0.231087 0.112560
v 7.080405 -0.371817 -0.106840
v 7.216062 -0.243847 -0.085432
v 7.112201 -0.301797 -0.191745
v 7.216372 -0.231087 -0.109815
v 7.112201 -0.301795 0.194490
v 7.125760 -0.207412 0.217673
v 7.216372 -0.231087 0.112560
v 7.216835 -0.212302 0.121703
v 7.125760 -0.207412 0.217673
v 7.220115 -0.078037 0.187905
v 7.125760 -0.207413 -0.214927
v 7.216372 -0.231087 -0.109815
v 7.216835 -0.212303 -0.118957
v 7.112201 -0.301797 -0.191745
v 7.220115 -0.078038 -0.185160
v 7.125760 -0.207413 -0.214927
v 7.215667 -0.259890 0.001373
v 7.080405 -0.371817 -0.106840
v 7.079622 -0.394773 0.001373
v 7.216062 -0.243847 -0.085432
v 7.215667 -0.259890 0.001373
v 7.080405 -0.371817 0.109587
v 7.216062 -0.243847 0.088178
v 7.079622 -0.394773 0.001373
v 7.576335 -0.180198 0.001373
v 7.407630 -0.323673 0.158985
v 7.576720 -0.164437 0.105338
v 7.406663 -0.350981 0.001373
v 7.576335 -0.180198 0.001373
v 7.407630 -0.323674 -0.156240
v 7.406663 -0.350981 0.001373
v 7.576720 -0.164438 -0.102592
v 7.442538 -0.245958 0.210680
v 7.576720 -0.164437 0.105338
v 7.407630 -0.323673 0.158985
v 7.407630 -0.323674 -0.156240
v 7.576720 -0.164438 -0.102592
v 7.442538 -0.245960 -0.207933
v 7.906807 -0.233959 0.102480
v 7.814232 -0.230981 0.212172
v 7.908282 -0.110812 0.204800
v 7.906807 -0.233960 -0.099735
v 7.908282 -0.110813 -0.202054
v 7.814232 -0.230982 -0.209425
v 8.213921 -0.189147 0.115515
v 8.112465 -0.180907 0.233705
v 8.216693 -0.046623 0.217099
v 8.213921 -0.189147 -0.112770
v 8.216693 -0.046625 -0.214353
v 8.112465 -0.180908 -0.230958
v 7.906482 -0.262778 0.001373
v 7.776814 -0.375877 -0.108502
v 7.776296 -0.397103 0.001373
v 7.906631 -0.250527 -0.078738
v 7.906482 -0.262778 0.001373
v 7.776814 -0.375877 0.111248
v 7.906631 -0.250527 0.081480
v 7.776296 -0.397103 0.001373
v 7.803170 -0.315161 0.185000
v 7.906728 -0.243300 0.095243
v 7.906631 -0.250527 0.081480
v 7.776814 -0.375877 0.111248
v 7.906807 -0.233959 0.102480
v 7.814232 -0.230981 0.212172
v 7.776814 -0.375877 -0.108502
v 7.906631 -0.250527 -0.078738
v 7.803170 -0.315162 -0.182253
v 7.906728 -0.243300 -0.092497
v 7.906807 -0.233960 -0.099735
v 7.814232 -0.230982 -0.209425
v 8.213142 -0.230321 0.001373
v 8.065042 -0.357758 0.117410
v 8.213405 -0.214833 0.086697
v 8.064240 -0.383037 0.001373
v 8.213142 -0.230321 0.001373
v 8.065042 -0.357758 -0.114663
v 8.064240 -0.383037 0.001373
v 8.213405 -0.214833 -0.083955
v 8.213405 -0.214833 0.086697
v 8.065042 -0.357758 0.117410
v 8.098305 -0.282967 0.201668
v 8.213633 -0.204070 0.105120
v 8.213921 -0.189147 0.115515
v 8.112465 -0.180907 0.233705
v 8.065042 -0.357758 -0.114663
v 8.213405 -0.214833 -0.083955
v 8.098305 -0.282968 -0.198922
v 8.213633 -0.204071 -0.102375
v 8.213921 -0.189147 -0.112770
v 8.112465 -0.180908 -0.230958
v 7.906482 -0.262778 0.001373
v 8.033430 -0.378953 -0.108502
v 7.906631 -0.250527 -0.078738
v 7.906631 -0.250527 0.081480
v 8.033430 -0.378953 0.111248
v 7.906482 -0.262778 0.001373
v -3.269500 -0.172585 0.472189
v -3.220099 -0.151040 0.000983
v -3.535257 -0.382245 0.393990
v -3.533160 -0.382475 0.000983
v -3.220099 -0.151040 0.000983
v -3.535257 -0.382245 -0.352930
v -3.533160 -0.382475 0.000983
v -3.269500 -0.172587 -0.431130
v -2.578980 -0.649320 0.270792
v -2.542732 -0.619545 0.533787
v -2.324520 -0.502537 0.354200
v -2.317807 -0.445830 0.225645
v -2.542732 -0.619545 -0.493540
v -2.578980 -0.649320 -0.230545
v -2.324520 -0.502535 -0.313953
v -2.317807 -0.445830 -0.185400
v -2.317807 -0.445830 0.225645
v -2.605320 -0.644992 0.002945
v -2.578980 -0.649320 0.270792
v -2.312280 -0.400867 0.002945
v -2.605320 -0.644992 0.002945
v -2.317807 -0.445830 -0.185400
v -2.578980 -0.649320 -0.230545
v -2.312280 -0.400867 0.002945
v 5.064393 -0.487230 -0.288690
v 4.798954 -0.273540 -0.369630
v 4.800303 -0.206708 -0.235223
v 5.030292 -0.448988 -0.585750
v 5.064393 -0.487230 0.328935
v 5.095083 -0.485742 -0.001218
v 4.800303 -0.206707 0.275468
v 4.798954 -0.273540 0.369245
v 5.064393 -0.487230 0.328935
v 4.800303 -0.206707 0.275468
v 5.030292 -0.448987 0.585365
v 5.095083 -0.485742 -0.001218
v 4.800303 -0.206708 -0.235223
v 5.064393 -0.487230 -0.288690
v 5.097390 1.267972 -0.087815
v 5.063952 1.368645 0.001372
v 5.200685 1.292538 0.001372
v 5.013520 1.339447 -0.047573
v 5.013520 1.339447 0.050317
v 5.063952 1.368645 0.001372
v 4.873612 1.381635 0.001372
v 5.063952 1.368645 0.001372
v 5.097390 1.267972 0.090558
v 5.200685 1.292538 0.001372
v -2.892025 1.147425 0.001372
v -2.937018 1.105395 -0.060185
v -3.091050 1.115600 0.001372
v -3.532767 -0.375547 0.388595
v -3.791227 -0.345210 0.604752
v -3.522528 -0.189985 0.621843
v 3.998075 -0.522743 -0.237885
v 3.777860 -0.284832 -0.351205
v 3.971043 -0.431348 -0.544485
v 5.063952 1.368645 0.001372
v 5.013520 1.339447 -0.047573
v 4.873612 1.381635 0.001372
v 3.777860 -0.284830 0.391205
v 3.998075 -0.522743 0.277883
v 3.971043 -0.431347 0.584483
v -4.242495 1.051080 0.001372
v -4.302443 1.004977 -0.074240
v -4.489585 1.035565 0.001372
v -1.573282 1.460557 0.001372
v -1.623698 1.431360 -0.047573
v -1.763637 1.473550 0.001372
v -1.276616 -0.876740 0.001377
v -1.522735 -1.088981 -0.443508
v -1.567340 -1.078879 0.001377
v -1.231845 -0.887460 -0.423037
v -1.276616 -0.876740 0.001377
v -1.522735 -1.088981 0.446262
v -1.231845 -0.887460 0.425787
v -1.567340 -1.078879 0.001377
v 5.429080 -0.012927 -0.549739
v 5.288442 -0.125832 -0.713618
v 5.137624 0.065092 -0.542268
v -1.553658 -1.634070 0.001377
v -1.817490 -1.893485 -0.466492
v -1.852863 -1.887390 0.001377
v -1.518018 -1.640823 -0.439465
v -1.553658 -1.634070 0.001377
v -1.817490 -1.893480 0.469245
v -1.518018 -1.640820 0.442220
v -1.852863 -1.887390 0.001377
v -2.178600 1.250284 0.001372
v -2.229015 1.221087 -0.056895
v -2.368955 1.263281 0.001372
v 5.429080 -0.012925 0.589983
v 5.137620 0.065093 0.558927
v 5.288442 -0.125830 0.753863
v -3.599475 -1.114478 0.288185
v -3.872018 -1.216751 0.380415
v -3.642447 -1.122927 0.568017
v -3.920572 -1.186707 0.241775
v -3.599475 -1.114478 -0.247935
v -3.872018 -1.216751 -0.340170
v -3.920572 -1.186707 -0.201528
v -3.642447 -1.122927 -0.527770
v -3.522528 -0.189987 -0.600720
v -3.532767 -0.375547 -0.367465
v -3.461425 -0.383465 -0.359650
v -3.290180 -0.194427 -0.557607
v -3.522528 -0.189987 -0.600720
v -3.791227 -0.345210 -0.592278
v 5.627396 -0.180248 -0.247938
v 5.336365 -0.186162 -0.340170
v 5.300550 -0.141690 -0.201529
v 5.584085 -0.173952 -0.527771
v 5.627396 -0.180247 0.288184
v 5.336365 -0.186160 0.380415
v 5.584085 -0.173947 0.568017
v 5.300550 -0.141690 0.241775
v 5.294467 -0.133462 0.368933
v 5.137620 0.065093 0.558927
v 5.429080 -0.012925 0.589983
v -2.937018 1.105395 0.062928
v -2.892025 1.147425 0.001372
v -3.091050 1.115600 0.001372
v -2.892025 1.147425 0.001372
v -2.833710 1.051737 0.113538
v -2.733198 1.101555 0.001372
v 5.294467 -0.133463 -0.328687
v 5.429080 -0.012927 -0.549739
v 5.137624 0.065092 -0.542268
v 5.627396 -0.180247 0.288184
v 5.646663 -0.162420 0.001598
v 5.300550 -0.141690 0.241775
v 5.272293 -0.106280 0.001598
v 5.646663 -0.162420 0.001598
v 5.300550 -0.141690 -0.201529
v 5.272293 -0.106280 0.001598
v 5.627396 -0.180248 -0.247938
v -1.623698 1.431360 0.050317
v -1.573282 1.460557 0.001372
v -1.763637 1.473550 0.001372
v -1.573282 1.460557 0.001372
v -1.539845 1.359890 0.090558
v -1.436553 1.384451 0.001372
v -3.587243 -1.091260 0.001598
v -3.920572 -1.186707 -0.201528
v -3.958998 -1.162695 0.001598
v -3.599475 -1.114478 -0.247935
v -3.599475 -1.114478 0.288185
v -3.587243 -1.091260 0.001598
v -3.920572 -1.186707 0.241775
v -3.958998 -1.162695 0.001598
v 1.894107 -0.795398 -0.825847
v 2.143902 -0.622260 -0.608554
v 1.937824 -0.602637 -0.580128
v -2.833710 1.051737 -0.110795
v -2.892025 1.147425 0.001372
v -2.733198 1.101555 0.001372
v -2.937018 1.105395 -0.060185
v 1.937820 -0.602635 0.582878
v 1.894107 -0.795393 0.828597
v 2.143902 -0.622260 0.611303
v -3.842141 -1.022553 0.589985
v -4.142948 -1.045805 0.584877
v -3.937264 -1.175771 0.753863
v -2.229015 1.221087 0.059640
v -2.178600 1.250284 0.001372
v -2.368955 1.263281 0.001372
v -2.178600 1.250284 0.001372
v -2.145160 1.149615 0.107545
v -2.041857 1.174178 0.001372
v -1.539845 1.359890 -0.087815
v -1.573282 1.460557 0.001372
v -1.436553 1.384451 0.001372
v -1.623698 1.431360 -0.047573
v -0.379440 -1.191071 0.346535
v 0.010522 -1.030140 0.001373
v -0.390866 -1.215188 0.001373
v 0.001655 -1.000050 0.439260
v 0.010522 -1.030140 0.001373
v -0.379440 -1.191071 -0.343788
v -0.390866 -1.215188 0.001373
v 0.001655 -1.000050 -0.436515
v -4.242495 1.051080 0.001372
v -4.302443 1.004977 0.076987
v -4.182427 0.927225 0.139150
v -4.053690 0.976320 0.001372
v -4.242495 1.051080 0.001372
v -4.489585 1.035565 0.001372
v 1.937824 -0.602637 -0.580128
v 1.894107 -0.795398 -0.825847
v 1.634502 -0.746400 -0.466660
v 1.937820 -0.602635 0.582878
v 1.634498 -0.746400 0.469410
v 1.894107 -0.795393 0.828597
v -3.842141 -1.022553 -0.549738
v -3.937264 -1.175772 -0.713617
v -4.142948 -1.045805 -0.568215
v -0.427361 -0.986629 0.452648
v -0.466470 -1.187752 0.198620
v -0.752688 -1.097928 0.444068
v -0.427361 -0.986630 -0.449898
v -0.752685 -1.097932 -0.441318
v -0.466470 -1.187752 -0.195873
v -2.145160 1.149615 -0.104802
v -2.178600 1.250284 0.001372
v -2.041857 1.174178 0.001372
v -2.229015 1.221087 -0.056895
v -3.290180 -0.194425 0.598665
v -3.461425 -0.383463 0.400710
v -3.522528 -0.189985 0.621843
v -3.532767 -0.375547 0.388595
v -3.929062 -1.180965 -0.328687
v -3.842141 -1.022553 -0.549738
v -4.142948 -1.045805 -0.568215
v -2.736278 0.957157 -0.151395
v -2.733198 1.101555 0.001372
v -2.571723 1.038323 0.001372
v -2.833710 1.051737 -0.110795
v -2.733198 1.101555 0.001372
v -2.833710 1.051737 0.113538
v -2.736278 0.957157 0.154140
v -2.571723 1.038323 0.001372
v 2.143902 -0.622260 0.611303
v 1.941653 -0.810585 0.360620
v 1.937820 -0.602635 0.582878
v 1.937824 -0.602637 -0.580128
v 1.941653 -0.810585 -0.357870
v 2.143902 -0.622260 -0.608554
v -4.182427 0.927225 -0.136407
v -4.242495 1.051080 0.001372
v -4.053690 0.976320 0.001372
v -4.302443 1.004977 -0.074240
v 2.349277 -0.599685 0.001377
v 1.974791 -0.816056 -0.401715
v 1.990042 -0.820740 0.001377
v 2.350905 -0.616935 -0.491100
v 2.350905 -0.616935 0.493850
v 2.349277 -0.599685 0.001377
v 1.974791 -0.816055 0.404465
v 1.990042 -0.820740 0.001377
v 1.916317 -0.807850 0.264590
v 1.634498 -0.746400 0.469410
v 1.937820 -0.602635 0.582878
v 1.916317 -0.807850 -0.261840
v 1.937824 -0.602637 -0.580128
v 1.634502 -0.746400 -0.466660
v -3.929062 -1.180965 0.368933
v -4.142948 -1.045805 0.584877
v -3.842141 -1.022553 0.589985
v -1.363060 -1.724100 -0.616675
v -1.184295 -1.978947 -0.825847
v -1.542552 -1.927523 -0.790210
v -1.158090 -1.777417 -0.600817
v -1.518018 -1.640823 -0.439465
v -1.817490 -1.893485 -0.466492
v -1.363060 -1.724100 -0.616675
v -1.363060 -1.724100 0.619425
v -1.184295 -1.978947 0.828597
v -1.158090 -1.777417 0.603567
v -1.542552 -1.927522 0.792960
v -1.518018 -1.640820 0.442220
v -1.363060 -1.724100 0.619425
v -1.817490 -1.893480 0.469245
v -0.771716 -1.785465 -0.628680
v -0.633348 -1.620607 -0.457285
v -1.014158 -1.660638 -0.465573
v -0.771716 -1.785465 0.631430
v -0.633348 -1.620607 0.460035
v -1.014158 -1.660638 0.468323
v 2.143902 -0.622260 -0.608554
v 1.941653 -0.810585 -0.357870
v 2.350905 -0.616935 -0.491100
v 2.350905 -0.616935 0.493850
v 1.974791 -0.816055 0.404465
v 2.143902 -0.622260 0.611303
v -0.211068 -1.028303 0.490995
v -0.379440 -1.191071 0.346535
v 0.001655 -1.000050 0.439260
v -0.211068 -1.028303 -0.488250
v -0.379440 -1.191071 -0.343788
v 0.001655 -1.000050 -0.436515
v -0.686547 -1.813443 0.262470
v -0.209382 -1.725380 -0.050985
v -0.675353 -1.827075 -0.050985
v -0.239662 -1.703002 0.345390
v -0.675353 -1.827075 -0.050985
v -0.209382 -1.725380 -0.050985
v -0.239662 -1.703002 -0.294085
v -0.686547 -1.813443 -0.231180
v -0.633348 -1.620607 0.460035
v -0.745730 -1.789414 0.201848
v -1.014158 -1.660638 0.468323
v -0.633348 -1.620607 -0.457285
v -1.014158 -1.660638 -0.465573
v -0.745730 -1.789414 -0.199102
v 3.576705 -0.419468 -0.550747
v 3.542828 -0.511355 -0.240078
v 3.777860 -0.284832 -0.351205
v 3.542828 -0.511355 0.280077
v 3.576705 -0.419467 0.590750
v 3.777860 -0.284830 0.391205
v -0.426792 -1.692180 -0.499225
v -0.688842 -1.808748 -0.297198
v -0.317112 -1.697985 -0.451713
v -0.688842 -1.808748 -0.297198
v -0.239662 -1.703002 -0.294085
v -0.686547 -1.813443 -0.231180
v -0.426792 -1.692185 0.501972
v -0.688842 -1.808748 0.312623
v -0.317112 -1.697985 0.478485
v -0.239662 -1.703002 0.345390
v -0.688842 -1.808748 0.312623
v -0.686547 -1.813443 0.262470
v 4.488037 -0.471555 -0.001218
v 4.800303 -0.206708 -0.235223
v 4.519245 -0.473588 -0.291318
v 4.800303 -0.206707 0.275468
v 4.488037 -0.471555 -0.001218
v 4.519245 -0.473587 0.331565
v -4.109583 -1.367440 0.625017
v -4.412825 -1.186335 0.568212
v -4.304062 -1.449585 0.813810
v 4.558077 -0.434760 -0.592755
v 4.519245 -0.473588 -0.291318
v 4.798954 -0.273540 -0.369630
v 4.800303 -0.206708 -0.235223
v 4.519245 -0.473587 0.331565
v 4.558077 -0.434760 0.592370
v 4.798954 -0.273540 0.369245
v 4.800303 -0.206707 0.275468
v -4.109583 -1.367442 -0.611055
v -4.304062 -1.449585 -0.799848
v -4.412825 -1.186335 -0.584553
v -1.363060 -1.724100 0.619425
v -1.266285 -1.964303 0.366233
v -1.232835 -1.967314 0.360620
v -1.363060 -1.724100 0.619425
v -1.158090 -1.777417 0.603567
v -1.207365 -1.968165 0.264590
v -0.921785 -2.008627 0.469410
v -1.266285 -1.964303 -0.363483
v -1.363060 -1.724100 -0.616675
v -1.232835 -1.967314 -0.357870
v -1.363060 -1.724100 -0.616675
v -1.158090 -1.777417 -0.600817
v -1.207365 -1.968165 -0.261840
v -0.921785 -2.008627 -0.466660
v -3.842141 -1.022553 -0.549738
v -3.872018 -1.216751 -0.340170
v -3.642447 -1.122927 -0.527770
v -3.842141 -1.022553 0.589985
v -3.872018 -1.216751 0.380415
v -3.642447 -1.122927 0.568017
v -2.324520 -0.502537 0.354200
v -2.116662 -0.706308 0.268677
v -2.142469 -0.670957 0.528150
v -2.116662 -0.706308 -0.228430
v -2.324520 -0.502535 -0.313953
v -2.142469 -0.670958 -0.487905
v -3.912390 -1.605398 -0.001218
v -4.295517 -1.471317 -0.235222
v -4.316003 -1.422402 -0.001218
v -3.939772 -1.619307 -0.288690
v -3.939772 -1.619307 0.328935
v -3.912390 -1.605398 -0.001218
v -4.295517 -1.471317 0.275468
v -4.316003 -1.422402 -0.001218
v -4.299742 -1.460108 -0.356400
v -4.109583 -1.367442 -0.611055
v -4.412825 -1.186335 -0.584553
v -3.939772 -1.619307 0.328935
v -4.269413 -1.532853 0.369245
v -3.986565 -1.598355 0.585365
v -4.295517 -1.471317 0.275468
v -4.109583 -1.367440 0.625017
v -4.299742 -1.460108 0.370358
v -4.412825 -1.186335 0.568212
v -3.939772 -1.619307 -0.288690
v -4.269413 -1.532853 -0.369630
v -4.295517 -1.471317 -0.235222
v -3.986565 -1.598355 -0.585750
v -3.858180 -1.463966 0.574095
v -4.037535 -1.324845 0.596985
v -3.872018 -1.216751 0.380415
v -3.461425 -0.383465 -0.359650
v -3.323185 -0.648668 -0.434973
v -3.535257 -0.382245 -0.352930
v -3.937264 -1.175772 -0.713617
v -4.037535 -1.324845 -0.556740
v -4.142948 -1.045805 -0.568215
v 8.008522 -0.317622 -0.182253
v 7.906875 -0.229797 -0.301177
v 7.999443 -0.233202 -0.209425
v 7.905011 -0.384267 -0.255750
v -4.423283 -1.778490 -0.592755
v -4.304062 -1.449585 -0.799848
v -4.144145 -1.836070 -0.742360
v -4.500682 -1.524300 -0.619125
v 8.325635 -0.287235 -0.202053
v 8.214018 -0.183668 -0.318581
v 8.315246 -0.182735 -0.234705
v 8.210598 -0.361932 -0.268885
v 7.576950 -0.155133 0.099855
v 7.706759 -0.252415 0.210680
v 7.576720 -0.164437 0.105338
v -4.142640 0.659682 0.001372
v -4.046738 0.559428 -0.152225
v -4.044345 0.657278 -0.096927
v -3.269500 -0.172587 -0.431130
v -3.461425 -0.383465 -0.359650
v -3.535257 -0.382245 -0.352930
v -4.311168 0.878130 0.001372
v -4.110520 0.805962 -0.186278
v -4.182427 0.927225 -0.136407
v -4.302443 1.004977 -0.074240
v -4.362348 0.958875 0.001372
v 7.696477 -0.143628 0.210360
v 7.576950 -0.155133 0.099855
v 7.577243 -0.143115 0.096743
v 7.706759 -0.252415 0.210680
v 7.737833 -0.331744 -0.156240
v 7.572517 -0.336525 -0.298683
v 7.706759 -0.252417 -0.207933
v 7.568925 -0.483495 -0.187173
v 8.214018 -0.183668 -0.318581
v 8.216693 -0.046625 -0.214353
v 8.315246 -0.182735 -0.234705
v 7.316965 -0.306802 -0.191745
v 7.216980 -0.206265 -0.298342
v 7.308035 -0.211867 -0.214927
v 7.212882 -0.373947 -0.261787
v 7.706759 -0.252417 -0.207933
v 7.577373 -0.137760 -0.302655
v 7.696477 -0.143628 -0.207615
v 7.572517 -0.336525 -0.298683
v -2.314960 -0.426080 -0.660228
v -2.542732 -0.619545 -0.493540
v -2.492423 -0.398217 -0.514770
v -2.360085 -0.780522 -0.613957
v 7.696477 -0.143628 0.210360
v 7.577243 -0.143115 0.096743
v 7.581117 0.015342 0.198450
v 5.584085 -0.173952 -0.527771
v 5.510085 -0.406077 -0.663715
v 5.288442 -0.125832 -0.713618
v 5.429080 -0.012927 -0.549739
v -3.542715 -0.374378 -0.773644
v -3.569463 -0.557205 -0.608107
v -3.791227 -0.345210 -0.592278
v 7.577373 -0.137760 -0.302655
v 7.581117 0.015340 -0.195705
v 7.696477 -0.143628 -0.207615
v 6.984065 -0.258772 -0.190650
v 6.865002 -0.154553 -0.320313
v 6.974741 -0.159908 -0.219810
v 6.860456 -0.335892 -0.271173
v 7.216980 -0.206265 -0.298342
v 7.220115 -0.078038 -0.185160
v 7.308035 -0.211867 -0.214927
v 6.865002 -0.154553 -0.320313
v 6.868530 -0.014727 -0.195375
v 6.974741 -0.159908 -0.219810
v 4.676187 0.676522 -0.435690
v 4.477250 0.855592 -0.555555
v 4.471155 0.539812 -0.610530
v 4.651977 0.534760 -0.466040
v 5.030292 -0.448988 -0.585750
v 4.789263 -0.601470 -0.742360
v 4.801375 -0.183372 -0.799850
v 5.012457 -0.187955 -0.611055
v -2.736278 0.957157 -0.151395
v -2.818594 0.767715 0.001372
v -2.869830 0.882994 0.001372
v -2.641264 0.858953 -0.191757
v -2.229015 1.221087 -0.056895
v -2.248470 1.125056 0.001372
v -2.279472 1.191893 0.001372
v -2.145160 1.149615 -0.104802
v -2.092957 1.014093 -0.143232
v -2.234028 0.982203 0.001372
v -0.858428 -1.970133 -0.457102
v -1.014158 -1.660638 -0.465573
v -0.771716 -1.785465 -0.628680
v -2.833710 1.051737 -0.110795
v -2.869830 0.882994 0.001372
v -2.934222 1.001925 0.001372
v -2.736278 0.957157 -0.151395
v -0.627259 0.675355 -0.554393
v -0.808781 0.805938 -0.400325
v -0.621717 0.962430 -0.504417
v -0.791097 0.672273 -0.428652
v -1.289531 -1.141812 -0.633708
v -1.200668 -1.370325 -0.508732
v -1.376621 -1.372537 -0.440815
v -1.522735 -1.088981 -0.443508
v -3.522528 -0.189987 -0.600720
v -3.542715 -0.374378 -0.773644
v -3.791227 -0.345210 -0.592278
v 5.149582 1.132455 -0.120098
v 5.200685 1.292538 0.001372
v 5.290632 1.164345 0.001372
v 5.097390 1.267972 -0.087815
v -1.817490 -1.893485 -0.466492
v -1.420617 -2.170061 -0.608553
v -1.626656 -2.190670 -0.444390
v -1.542552 -1.927523 -0.790210
v -1.420617 -2.170061 -0.608553
v -1.184295 -1.978947 -0.825847
v -1.451400 0.958687 -0.107310
v -1.541255 1.067385 0.001372
v -1.454982 1.067362 -0.071097
v -1.580257 0.961841 0.001372
v 5.264865 0.825469 0.001372
v 5.307360 0.563715 0.001372
v 5.178505 0.566865 -0.107310
v 5.178590 0.825495 -0.071097
v 5.164567 0.890681 -0.142835
v 5.290632 1.164345 0.001372
v 5.361877 0.887153 0.001372
v 5.149582 1.132455 -0.120098
v -2.314960 -0.426080 -0.660228
v -2.492423 -0.398217 -0.514770
v -2.284080 -0.184745 -0.497425
v 5.012457 -0.187955 -0.611055
v 4.801375 -0.183372 -0.799850
v 4.809791 0.101332 -0.584553
v -0.552873 -1.384185 -0.434392
v -0.752685 -1.097932 -0.441318
v -0.492953 -1.187547 -0.618532
v -1.628712 1.192477 0.001372
v -1.539845 1.359890 -0.087815
v -1.487655 1.224370 -0.120098
v -1.643152 1.335330 0.001372
v -1.469002 1.132557 -0.142835
v -1.628712 1.192477 0.001372
v -1.639763 1.084114 0.001372
v -2.937018 1.105395 -0.060185
v -2.934222 1.001925 0.001372
v -2.982008 1.063365 0.001372
v -2.833710 1.051737 -0.110795
v 4.281034 -0.538913 -0.669213
v 4.289000 -0.262560 -0.696596
v 4.435417 -0.441247 -0.561783
v 4.424202 -0.265497 -0.570477
v 4.007794 0.683655 -0.368655
v 3.838980 0.835605 -0.470367
v 3.833813 0.567648 -0.517017
v 3.987247 0.563362 -0.394407
v 3.829730 0.357352 -0.409985
v 3.833813 0.567648 -0.517017
v 0.009948 0.661098 -0.517017
v -0.159488 0.782992 -0.373205
v 0.015124 0.929058 -0.470367
v -0.142984 0.658225 -0.399645
v 4.424202 -0.265497 -0.570477
v 4.289000 -0.262560 -0.696596
v 4.294395 -0.080202 -0.563558
v 3.971043 -0.431348 -0.544485
v 3.769763 -0.558683 -0.684547
v 3.779880 -0.209535 -0.735348
v 3.956152 -0.213365 -0.570915
v 3.382995 0.706185 -0.395450
v 3.202145 0.868972 -0.504417
v 3.196602 0.581898 -0.554393
v 3.360982 0.577308 -0.423038
v 3.956152 -0.213365 -0.570915
v 3.779880 -0.209535 -0.735348
v 3.786911 0.028215 -0.563088
v -0.492953 -1.187547 -0.618532
v -0.356625 -1.472730 -0.481810
v -0.552873 -1.384185 -0.434392
v -0.133605 -1.299600 -0.625725
v -4.302443 1.004977 -0.074240
v -4.362348 0.958875 0.001372
v -4.489585 1.035565 0.001372
v -0.434602 -1.946437 -0.639783
v -0.576318 -2.149950 -0.498052
v -0.678195 -2.084910 -0.492645
v -0.287502 -2.007732 -0.544087
v -0.771716 -1.785465 -0.628680
v -0.434602 -1.946437 -0.639783
v -0.858428 -1.970133 -0.457102
v -1.623698 1.431360 -0.047573
v -1.643152 1.335330 0.001372
v -1.674153 1.402166 0.001372
v -1.539845 1.359890 -0.087815
v -1.200668 -1.370325 0.511482
v -1.014470 -1.204113 0.339015
v -1.014953 -1.391958 0.470303
v 0.647303 0.633265 -0.610530
v 0.447623 0.776910 -0.441053
v 0.653392 0.949045 -0.555555
v 0.467075 0.629880 -0.472215
v 3.214852 -0.554565 -0.672015
v 3.225495 -0.187235 -0.741642
v 3.426615 -0.420600 -0.534420
v 3.410947 -0.191265 -0.575775
v 4.435623 -0.432690 0.579110
v 4.288788 -0.269850 0.464475
v 4.424202 -0.265495 0.584715
v -0.628425 0.634425 -0.245078
v -0.837709 0.829463 -0.218858
v -0.630280 0.567605 -0.179832
v 3.410947 -0.191265 -0.575775
v 3.225495 -0.187235 -0.741642
v 3.232890 0.062895 -0.567679
v 4.651977 0.534760 -0.466040
v 4.466348 0.291993 -0.389666
v 4.471155 0.539812 -0.610530
v -0.627259 0.675355 -0.554393
v -0.631628 0.450063 -0.405687
v -0.791097 0.672273 -0.428652
v 2.764260 0.723247 -0.435690
v 2.565322 0.902320 -0.555555
v 2.559230 0.586537 -0.610530
v 2.740050 0.581490 -0.466040
v -1.200668 -1.370325 -0.508732
v -1.289531 -1.141812 -0.633708
v -0.971820 -1.218732 -0.627465
v -1.014953 -1.391958 -0.467550
v 4.288788 -0.269850 0.464475
v 4.294395 -0.080200 0.577800
v 4.424202 -0.265495 0.584715
v -2.229015 1.221087 -0.056895
v -2.279472 1.191893 0.001372
v -2.368955 1.263281 0.001372
v 1.284675 0.628627 -0.554393
v 1.103149 0.759217 -0.400325
v 1.290213 0.915700 -0.504417
v 1.120835 0.625548 -0.428652
v -3.937264 -1.175772 -0.713617
v -3.858180 -1.463966 -0.533850
v -4.037535 -1.324845 -0.556740
v -3.635119 -1.366448 -0.663715
v 0.009948 0.661098 -0.517017
v 0.005872 0.450805 -0.401738
v -0.142984 0.658225 -0.399645
v 1.894107 -0.795398 -0.825847
v 2.053557 -1.062755 -0.616675
v 2.247581 -0.873150 -0.790210
v 5.164567 0.890681 -0.142835
v 5.264865 0.825469 0.001372
v 5.178590 0.825495 -0.071097
v -0.133605 -1.299600 -0.625725
v -0.187923 -1.569090 -0.432168
v -0.356625 -1.472730 -0.481810
v 0.169718 -1.371262 -0.469495
v 0.008857 0.622898 -0.228297
v -0.186487 0.804948 -0.203825
v 0.007128 0.560528 -0.167393
v 5.584085 -0.173947 0.568017
v 5.429080 -0.012925 0.589983
v 5.336365 -0.186160 0.380415
v 3.360982 0.577308 -0.423038
v 3.192233 0.356605 -0.399447
v 3.196602 0.581898 -0.554393
v -0.678195 -2.084910 0.495395
v -0.688842 -1.808748 0.312623
v -0.576318 -2.149950 0.540755
v -0.723372 -1.803267 0.292347
v -0.858428 -1.970133 0.459848
v -1.231845 -0.887460 -0.423037
v -1.289531 -1.141812 -0.633708
v -1.522735 -1.088981 -0.443508
v -1.110724 -0.974280 -0.514320
v -2.937018 1.105395 -0.060185
v -2.982008 1.063365 0.001372
v -3.091050 1.115600 0.001372
v 2.095865 0.730383 -0.368655
v 1.927055 0.882334 -0.470367
v 1.921883 0.614373 -0.517017
v 2.075322 0.610088 -0.394407
v 1.917803 0.404080 -0.398783
v 1.921883 0.614373 -0.517017
v -1.623698 1.431360 -0.047573
v -1.674153 1.402166 0.001372
v -1.763637 1.473550 0.001372
v 1.921883 0.614373 -0.517017
v 1.752443 0.736268 -0.373205
v 1.927055 0.882334 -0.470367
v 1.768945 0.611500 -0.399645
v 0.647303 0.633265 -0.610530
v 0.642492 0.385440 -0.398745
v 0.467075 0.629880 -0.472215
v -0.356625 -1.472730 0.484560
v -0.379440 -1.191071 0.346535
v -0.187923 -1.569090 0.434918
v 0.646012 0.588244 -0.270282
v 0.415803 0.802781 -0.241445
v 0.643970 0.514743 -0.198510
v 2.247581 -0.873150 -0.790210
v 2.350905 -0.616935 -0.491100
v 2.143902 -0.622260 -0.608554
v 2.740050 0.581490 -0.466040
v 2.554420 0.338715 -0.385875
v 2.559230 0.586537 -0.610530
v 1.471065 0.752910 -0.395450
v 1.290213 0.915700 -0.504417
v 1.284675 0.628627 -0.554393
v 1.449053 0.624033 -0.423038
v 1.284675 0.628627 -0.554393
v 1.280303 0.403330 -0.402717
v 1.120835 0.625548 -0.428652
v -0.552873 -1.384185 0.437142
v -0.442180 -1.198354 0.285968
v -0.356625 -1.472730 0.484560
v 2.559230 0.586537 -0.610530
v 2.359552 0.730185 -0.441053
v 2.565322 0.902320 -0.555555
v 2.379007 0.583150 -0.472215
v 1.894107 -0.795398 -0.825847
v 2.143902 -0.622260 -0.608554
v 2.247581 -0.873150 -0.790210
v 1.921883 0.614373 -0.517017
v 1.917803 0.404080 -0.398783
v 1.768945 0.611500 -0.399645
v 1.283505 0.587695 -0.245078
v 1.074221 0.782735 -0.218858
v 1.281649 0.520878 -0.179832
v -0.492953 -1.187547 -0.618532
v -0.211068 -1.028303 -0.488250
v -0.133605 -1.299600 -0.625725
v -0.427361 -0.986630 -0.449898
v -0.752685 -1.097932 -0.441318
v 0.852330 0.769977 -0.435690
v 0.653392 0.949045 -0.555555
v 0.647303 0.633265 -0.610530
v 0.828120 0.628210 -0.466040
v 1.449053 0.624033 -0.423038
v 1.280303 0.403330 -0.402717
v 1.284675 0.628627 -0.554393
v 3.225495 -0.187235 -0.741642
v 3.041032 -0.176502 -0.582862
v 3.232890 0.062895 -0.567679
v 3.196602 0.581898 -0.554393
v 3.015075 0.712485 -0.400325
v 3.202145 0.868972 -0.504417
v 3.032763 0.578823 -0.428652
v 3.011737 -0.408098 -0.540573
v 3.225495 -0.187235 -0.741642
v 3.214852 -0.554565 -0.672015
v 3.041032 -0.176502 -0.582862
v 2.559230 0.586537 -0.610530
v 2.554420 0.338715 -0.385875
v 2.379007 0.583150 -0.472215
v 5.288442 -0.125832 -0.713618
v 5.267270 -0.423927 -0.533850
v 5.144340 -0.233123 -0.556740
v 5.510085 -0.406077 -0.663715
v 1.920792 0.576168 -0.228297
v 1.725443 0.758220 -0.203825
v 1.919060 0.513799 -0.167393
v -0.133605 -1.299600 -0.625725
v 0.001655 -1.000050 -0.436515
v 0.169718 -1.371262 -0.469495
v -0.211068 -1.028303 -0.488250
v 0.828120 0.628210 -0.466040
v 0.642492 0.385440 -0.398745
v 0.647303 0.633265 -0.610530
v 3.779880 -0.209535 -0.735348
v 3.604549 -0.199335 -0.577942
v 3.786911 0.028215 -0.563088
v 3.196602 0.581898 -0.554393
v 3.192233 0.356605 -0.399447
v 3.032763 0.578823 -0.428652
v -1.363060 -1.724100 -0.616675
v -1.184295 -1.978947 -0.825847
v -1.542552 -1.927523 -0.790210
v -0.771716 -1.785465 -0.628680
v -0.426792 -1.692180 -0.499225
v -0.434602 -1.946437 -0.639783
v -0.633348 -1.620607 -0.457285
v 0.183934 0.777108 -0.368655
v 0.015124 0.929058 -0.470367
v 0.009948 0.661098 -0.517017
v 0.163390 0.656812 -0.394407
v 0.005872 0.450805 -0.401738
v 0.009948 0.661098 -0.517017
v -0.442180 -1.198354 0.285968
v -0.211068 -1.028303 0.490995
v -0.379440 -1.191071 0.346535
v 3.833813 0.567648 -0.517017
v 3.664372 0.689538 -0.373205
v 3.838980 0.835605 -0.470367
v 3.680877 0.564772 -0.399645
v 3.576705 -0.419468 -0.550747
v 3.779880 -0.209535 -0.735348
v 3.769763 -0.558683 -0.684547
v 3.604549 -0.199335 -0.577942
v -1.110724 -0.974280 -0.514320
v -0.971820 -1.218732 -0.627465
v -1.289531 -1.141812 -0.633708
v -0.930997 -1.039773 -0.481015
v -0.738330 -1.267900 -0.462940
v 4.289000 -0.262560 -0.696596
v 4.154517 -0.254735 -0.575865
v 4.294395 -0.080202 -0.563558
v 2.557942 0.541515 -0.270282
v 2.327730 0.756056 -0.241445
v 2.555898 0.468018 -0.198510
v 3.833813 0.567648 -0.517017
v 3.829730 0.357352 -0.409985
v 3.680877 0.564772 -0.399645
v -0.440865 0.799638 -0.395450
v -0.621717 0.962430 -0.504417
v -0.627259 0.675355 -0.554393
v -0.462874 0.670762 -0.423038
v 4.801375 -0.183372 -0.799850
v 4.591417 -0.171155 -0.619125
v 4.809791 0.101332 -0.584553
v 4.132953 -0.432132 -0.566590
v 4.289000 -0.262560 -0.696596
v 4.281034 -0.538913 -0.669213
v 4.154517 -0.254735 -0.575865
v -1.487655 1.224370 -0.120098
v -1.436553 1.384451 0.001372
v -1.346607 1.256258 0.001372
v -1.539845 1.359890 -0.087815
v 4.471155 0.539812 -0.610530
v 4.271478 0.683455 -0.441053
v 4.477250 0.855592 -0.555555
v 4.290933 0.536425 -0.472215
v -2.571723 1.038323 0.001372
v -2.641264 0.858953 -0.191757
v -2.736278 0.957157 -0.151395
v -2.437639 0.910110 0.001372
v -0.462874 0.670762 -0.423038
v -0.631628 0.450063 -0.405687
v -0.627259 0.675355 -0.554393
v -1.469002 1.132557 -0.142835
v -1.346607 1.256258 0.001372
v -1.271693 1.129027 0.001372
v -1.487655 1.224370 -0.120098
v 4.471155 0.539812 -0.610530
v 4.466348 0.291993 -0.389666
v 4.290933 0.536425 -0.472215
v 3.195430 0.540971 -0.245078
v 2.986147 0.736009 -0.218858
v 3.193578 0.474150 -0.179832
v -1.322547 0.955542 0.001372
v -1.451400 0.958687 -0.107310
v -1.368710 1.067340 0.001372
v -1.454982 1.067362 -0.071097
v 4.558077 -0.434760 -0.592755
v 4.801375 -0.183372 -0.799850
v 4.789263 -0.601470 -0.742360
v 4.591417 -0.171155 -0.619125
v -2.092957 1.014093 -0.143232
v -2.041857 1.174178 0.001372
v -1.951925 1.045987 0.001372
v -2.145160 1.149615 -0.104802
v -0.930997 -1.039773 0.483765
v -1.014470 -1.204113 0.339015
v -1.110724 -0.974280 0.517070
v -0.427361 -0.986629 0.452648
v -0.442180 -1.198354 0.285968
v -0.211068 -1.028303 0.490995
v -0.434602 -1.946437 -0.639783
v -0.317112 -1.697985 -0.451713
v -0.287502 -2.007732 -0.544087
v -0.426792 -1.692180 -0.499225
v -0.723372 -1.803267 0.292347
v -0.426792 -1.692185 0.501972
v -0.688842 -1.808748 0.312623
v -0.633348 -1.620607 0.460035
v -0.426792 -1.692185 0.501972
v 4.154517 -0.254733 0.590108
v 4.294395 -0.080200 0.577800
v 4.288788 -0.269850 0.464475
v -2.074308 0.922282 -0.170303
v -1.951925 1.045987 0.001372
v -1.877010 0.918754 0.001372
v -2.092957 1.014093 -0.143232
v 3.832717 0.529443 -0.228297
v 3.637368 0.711495 -0.203825
v 3.830985 0.467075 -0.167393
v -2.360085 -0.780522 -0.613957
v -2.314960 -0.426080 -0.660228
v -2.142469 -0.670958 -0.487905
v -2.135885 -0.447560 -0.508275
v 5.178505 0.566865 -0.107310
v 5.092317 0.825518 0.001372
v 5.178590 0.825495 -0.071097
v 5.049653 0.570012 0.001372
v -4.110520 0.805962 -0.186278
v -4.053690 0.976320 0.001372
v -3.944460 0.893412 0.001372
v -4.182427 0.927225 -0.136407
v 5.013520 1.339447 -0.047573
v 4.963099 1.310250 0.001372
v 4.873612 1.381635 0.001372
v 5.008540 1.100561 0.001372
v 5.097390 1.267972 -0.087815
v 5.149582 1.132455 -0.120098
v 4.994100 1.243410 0.001372
v 5.164567 0.890681 -0.142835
v 5.008540 1.100561 0.001372
v 4.993785 0.842247 0.001372
v -3.290180 -0.194427 -0.557607
v -3.175173 -0.417060 -0.701055
v -3.542715 -0.374378 -0.773644
v -3.522528 -0.189987 -0.600720
v -3.338778 -0.606635 -0.564022
v -3.175173 -0.417060 -0.701055
v -3.542715 -0.374378 -0.773644
v -3.569463 -0.557205 -0.608107
v -2.445802 0.767895 0.001372
v -2.574728 0.738818 -0.130790
v -2.503300 0.851010 0.001372
v -2.595337 0.830250 -0.092990
v 4.133164 -0.423577 0.583913
v 4.288788 -0.269850 0.464475
v 4.154517 -0.254733 0.590108
v -2.135885 -0.447560 -0.508275
v -2.314960 -0.426080 -0.660228
v -2.284080 -0.184745 -0.497425
v -1.469002 1.132557 -0.142835
v -1.368710 1.067340 0.001372
v -1.454982 1.067362 -0.071097
v -2.056725 0.748413 -0.128010
v -1.974023 0.857067 0.001372
v -2.060295 0.857090 -0.084900
v 5.013520 1.339447 -0.047573
v 4.994100 1.243410 0.001372
v 4.963099 1.310250 0.001372
v 5.097390 1.267972 -0.087815
v 4.469872 0.494790 -0.270282
v 4.239660 0.709330 -0.241445
v 4.467830 0.421290 -0.198510
v 6.755172 -0.154376 -0.219810
v 6.868530 -0.014727 -0.195375
v 6.865002 -0.154553 -0.320313
v -3.929062 -1.180965 0.368933
v -3.842141 -1.022553 0.589985
v -3.872018 -1.216751 0.380415
v 5.294467 -0.133462 0.368933
v 5.336365 -0.186160 0.380415
v 5.144340 -0.233122 0.596985
v 5.267270 -0.423925 0.574095
v 7.125760 -0.207413 -0.214927
v 7.220115 -0.078038 -0.185160
v 7.216980 -0.206265 -0.298342
v -4.065225 0.705530 -0.221772
v -3.944460 0.893412 0.001372
v -3.841173 0.706905 0.001372
v -4.110520 0.805962 -0.186278
v 6.860456 -0.335892 -0.271173
v 6.740880 -0.252645 -0.190650
v 6.865002 -0.154553 -0.320313
v 6.755172 -0.154376 -0.219810
v 7.572517 -0.336525 -0.298683
v 7.442538 -0.245960 -0.207933
v 7.577373 -0.137760 -0.302655
v 7.458123 -0.137805 -0.207615
v 7.581117 0.015340 -0.195705
v 7.577373 -0.137760 -0.302655
v 7.212882 -0.373947 -0.261787
v 7.112201 -0.301797 -0.191745
v 7.216980 -0.206265 -0.298342
v 7.125760 -0.207413 -0.214927
v 7.442538 -0.245960 -0.207933
v 7.572517 -0.336525 -0.298683
v 7.407630 -0.323674 -0.156240
v 7.568925 -0.483495 -0.187173
v 8.112465 -0.180908 -0.230958
v 8.216693 -0.046625 -0.214353
v 8.214018 -0.183668 -0.318581
v -3.893220 0.555675 0.001372
v -4.044345 0.657278 -0.096927
v -4.046738 0.559428 -0.152225
v 7.577243 -0.143115 0.096743
v 7.458123 -0.137805 0.210360
v 7.581117 0.015342 0.198450
v 8.210598 -0.361932 -0.268885
v 8.098305 -0.282968 -0.198922
v 8.214018 -0.183668 -0.318581
v 8.112465 -0.180908 -0.230958
v 7.905011 -0.384267 -0.255750
v 7.803170 -0.315162 -0.182253
v 7.906875 -0.229797 -0.301177
v 7.814232 -0.230982 -0.209425
v 7.576950 -0.155133 0.099855
v 7.442538 -0.245958 0.210680
v 7.458123 -0.137805 0.210360
v 7.577243 -0.143115 0.096743
v 7.442538 -0.245958 0.210680
v 7.576950 -0.155133 0.099855
v 7.576720 -0.164437 0.105338
v -3.986565 -1.598355 0.585365
v -4.269413 -1.532853 0.369245
v -4.109583 -1.367440 0.625017
v -3.986565 -1.598355 -0.585750
v -4.144145 -1.836070 -0.742360
v -4.304062 -1.449585 -0.799848
v -4.109583 -1.367442 -0.611055
v -3.635119 -1.366448 -0.663715
v -3.937264 -1.175772 -0.713617
v -3.642447 -1.122927 -0.527770
v -3.842141 -1.022553 -0.549738
v 8.325635 -0.287235 0.204800
v 8.213405 -0.214833 0.086697
v 8.213633 -0.204070 0.105120
v 8.356560 -0.364715 0.118917
v 8.213921 -0.189147 0.115515
v 8.315246 -0.182733 0.237450
v 8.325635 -0.287235 -0.202053
v 8.213405 -0.214833 -0.083955
v 8.356560 -0.364715 -0.116175
v 8.213633 -0.204071 -0.102375
v 8.213921 -0.189147 -0.112770
v 8.315246 -0.182735 -0.234705
v 8.213142 -0.230321 0.001373
v 8.356380 -0.390488 0.001373
v 8.356560 -0.364715 -0.116175
v 8.213405 -0.214833 -0.083955
v 8.213405 -0.214833 0.086697
v 8.356560 -0.364715 0.118917
v 8.213142 -0.230321 0.001373
v 8.356380 -0.390488 0.001373
v 8.008522 -0.317621 0.185000
v 7.906631 -0.250527 0.081480
v 7.906728 -0.243300 0.095243
v 8.033430 -0.378953 0.111248
v 7.906807 -0.233959 0.102480
v 7.999443 -0.233200 0.212172
v 8.008522 -0.317622 -0.182253
v 7.906631 -0.250527 -0.078738
v 8.033430 -0.378953 -0.108502
v 7.906728 -0.243300 -0.092497
v 7.906807 -0.233960 -0.099735
v 7.999443 -0.233202 -0.209425
v 7.906482 -0.262778 0.001373
v 8.033400 -0.400180 0.001373
v 8.033430 -0.378953 -0.108502
v 8.033430 -0.378953 0.111248
v 7.906482 -0.262778 0.001373
v 8.033400 -0.400180 0.001373
v 8.315246 -0.182733 0.237450
v 8.213921 -0.189147 0.115515
v 8.216693 -0.046623 0.217099
v 8.315246 -0.182735 -0.234705
v 8.216693 -0.046625 -0.214353
v 8.213921 -0.189147 -0.112770
v 8.008522 -0.317622 -0.182253
v 7.905011 -0.384267 -0.255750
v 8.033430 -0.378953 -0.108502
v 7.903646 -0.498483 -0.125662
v 8.008522 -0.317621 0.185000
v 7.905011 -0.384267 0.258495
v 8.033430 -0.378953 0.111248
v 7.903646 -0.498483 0.128408
v 7.576335 -0.180198 0.001373
v 7.737465 -0.359066 0.001373
v 7.737833 -0.331744 -0.156240
v 7.576720 -0.164438 -0.102592
v 7.576720 -0.164437 0.105338
v 7.737833 -0.331743 0.158985
v 7.576335 -0.180198 0.001373
v 7.737465 -0.359066 0.001373
v 8.325635 -0.287235 -0.202053
v 8.210598 -0.361932 -0.268885
v 8.356560 -0.364715 -0.116175
v 8.208004 -0.495761 -0.127635
v 8.325635 -0.287235 0.204800
v 8.210598 -0.361930 0.271632
v 8.356560 -0.364715 0.118917
v 8.208004 -0.495761 0.130377
v 7.706759 -0.252415 0.210680
v 7.576720 -0.164437 0.105338
v 7.737833 -0.331743 0.158985
v 7.706759 -0.252417 -0.207933
v 7.576720 -0.164438 -0.102592
v 7.737833 -0.331744 -0.156240
v 7.999443 -0.233200 0.212172
v 7.906807 -0.233959 0.102480
v 7.908282 -0.110812 0.204800
v 7.999443 -0.233202 -0.209425
v 7.908282 -0.110813 -0.202054
v 7.906807 -0.233960 -0.099735
v 7.906875 -0.229797 -0.301177
v 7.908282 -0.110813 -0.202054
v 7.999443 -0.233202 -0.209425
v 7.906875 -0.229795 0.303923
v 7.999443 -0.233200 0.212172
v 7.908282 -0.110812 0.204800
v 7.215667 -0.259890 0.001373
v 7.345005 -0.401257 0.001373
v 7.345303 -0.378288 -0.106840
v 7.216062 -0.243847 -0.085432
v 7.216062 -0.243847 0.088178
v 7.345303 -0.378288 0.109587
v 7.215667 -0.259890 0.001373
v 7.345005 -0.401257 0.001373
v 5.578797 -0.493920 0.307782
v 5.592581 -0.511735 0.001598
v 5.627396 -0.180247 0.288184
v 5.646663 -0.162420 0.001598
v 5.592581 -0.511735 0.001598
v 5.627396 -0.180248 -0.247938
v 5.646663 -0.162420 0.001598
v 5.578797 -0.493920 -0.267535
v 7.316965 -0.306802 0.194490
v 7.216062 -0.243847 0.088178
v 7.216372 -0.231087 0.112560
v 7.345303 -0.378288 0.109587
v 7.316965 -0.306802 -0.191745
v 7.216062 -0.243847 -0.085432
v 7.345303 -0.378288 -0.106840
v 7.216372 -0.231087 -0.109815
v 7.216372 -0.231087 0.112560
v 7.308035 -0.211867 0.217673
v 7.316965 -0.306802 0.194490
v 7.216835 -0.212302 0.121703
v 7.216372 -0.231087 -0.109815
v 7.308035 -0.211867 -0.214927
v 7.216835 -0.212303 -0.118957
v 7.316965 -0.306802 -0.191745
v 6.984065 -0.258772 0.193400
v 6.864450 -0.177150 0.080622
v 6.864640 -0.169237 0.094700
v 7.012091 -0.330675 0.113888
v 6.864888 -0.159220 0.101960
v 6.974741 -0.159907 0.222555
v 6.984065 -0.258772 -0.190650
v 6.864450 -0.177150 -0.077875
v 7.012091 -0.330675 -0.111142
v 6.864640 -0.169237 -0.091953
v 6.864888 -0.159222 -0.099213
v 6.974741 -0.159908 -0.219810
v 6.864105 -0.191228 0.001373
v 7.011747 -0.355575 0.001373
v 7.012091 -0.330675 -0.111142
v 6.864450 -0.177150 -0.077875
v 6.864450 -0.177150 0.080622
v 7.012091 -0.330675 0.113888
v 6.864105 -0.191228 0.001373
v 7.011747 -0.355575 0.001373
v 7.212882 -0.373947 -0.261787
v 7.345303 -0.378288 -0.106840
v 7.209753 -0.502020 -0.118840
v 7.316965 -0.306802 -0.191745
v 7.212882 -0.373945 0.264533
v 7.345303 -0.378288 0.109587
v 7.316965 -0.306802 0.194490
v 7.209753 -0.502020 0.121587
v 7.308035 -0.211867 0.217673
v 7.216835 -0.212302 0.121703
v 7.220115 -0.078037 0.187905
v 7.308035 -0.211867 -0.214927
v 7.220115 -0.078038 -0.185160
v 7.216835 -0.212303 -0.118957
v 5.584085 -0.173947 0.568017
v 5.578797 -0.493920 0.307782
v 5.627396 -0.180247 0.288184
v 5.510085 -0.406075 0.703962
v 5.578797 -0.493920 -0.267535
v 5.584085 -0.173952 -0.527771
v 5.627396 -0.180248 -0.247938
v 5.510085 -0.406077 -0.663715
v 6.860456 -0.335892 -0.271173
v 7.012091 -0.330675 -0.111142
v 6.857078 -0.469512 -0.130327
v 6.984065 -0.258772 -0.190650
v 6.860456 -0.335890 0.273920
v 7.012091 -0.330675 0.113888
v 6.984065 -0.258772 0.193400
v 6.857078 -0.469512 0.133073
v 6.974741 -0.159907 0.222555
v 6.864888 -0.159220 0.101960
v 6.868530 -0.014725 0.198120
v 6.974741 -0.159908 -0.219810
v 6.868530 -0.014727 -0.195375
v 6.864888 -0.159222 -0.099213
v 4.732923 0.695165 0.013252
v 4.479650 0.999187 -0.256715
v 4.480017 1.028190 0.013252
v 4.706738 0.698265 -0.239430
v 4.479650 0.999187 0.250552
v 4.732923 0.695165 0.013252
v 4.480017 1.028190 0.013252
v 4.706738 0.698265 0.233268
v 4.676187 0.676523 0.460627
v 4.479650 0.999187 0.250552
v 4.477250 0.855593 0.580492
v 4.706738 0.698265 0.233268
v 4.479650 0.999187 -0.256715
v 4.676187 0.676522 -0.435690
v 4.477250 0.855592 -0.555555
v 4.706738 0.698265 -0.239430
v 4.055937 0.699472 0.012303
v 3.841017 0.957458 -0.216780
v 3.841332 0.982068 0.012303
v 4.033718 0.702105 -0.202115
v 3.841017 0.957458 0.213667
v 4.055937 0.699472 0.012303
v 3.841332 0.982068 0.012303
v 4.033718 0.702105 0.199000
v 5.030292 -0.448988 -0.585750
v 4.798954 -0.273540 -0.369630
v 5.012457 -0.187955 -0.611055
v 4.801043 -0.194753 -0.356400
v 5.095083 -0.485742 -0.001218
v 4.800303 -0.206707 0.275468
v 4.801605 -0.153686 -0.001218
v 5.030292 -0.448987 0.585365
v 4.798954 -0.273540 0.369245
v 5.012457 -0.187953 0.625015
v 4.801043 -0.194752 0.370358
v 4.809791 0.101333 0.568210
v 5.012457 -0.187953 0.625015
v 5.095083 -0.485742 -0.001218
v 4.800303 -0.206708 -0.235223
v 4.801605 -0.153686 -0.001218
v 4.281034 -0.538913 -0.669213
v 4.456354 -0.502793 -0.493405
v 4.277257 -0.659543 -0.527295
v 4.435417 -0.441247 -0.561783
v 4.435623 -0.432690 0.579110
v 4.281243 -0.530355 0.686540
v 4.456354 -0.502792 0.483443
v 4.277254 -0.659542 0.517332
v 4.007794 0.683655 0.391927
v 3.841017 0.957458 0.213667
v 3.838980 0.835610 0.493638
v 4.033718 0.702105 0.199000
v 3.841017 0.957458 -0.216780
v 4.007794 0.683655 -0.368655
v 3.838980 0.835605 -0.470367
v 4.033718 0.702105 -0.202115
v 4.801043 -0.194753 -0.356400
v 5.012457 -0.187955 -0.611055
v 4.809791 0.101332 -0.584553
v 3.434573 0.723127 0.012682
v 3.204327 0.999513 -0.232740
v 3.204655 1.025880 0.012682
v 3.410772 0.725947 -0.217032
v 3.204327 0.999513 0.228408
v 3.434573 0.723127 0.012682
v 3.204655 1.025880 0.012682
v 3.410768 0.725947 0.212700
v 3.382995 0.706185 0.419385
v 3.204327 0.999513 0.228408
v 3.202145 0.868977 0.528352
v 3.410768 0.725947 0.212700
v 4.456354 -0.502792 0.483443
v 4.475145 -0.537323 0.006330
v 4.287195 -0.323115 0.403208
v 4.287168 -0.324642 0.006330
v 4.475145 -0.537323 0.006330
v 4.287195 -0.323115 -0.413170
v 4.287168 -0.324642 0.006330
v 4.456354 -0.502793 -0.493405
v 3.204327 0.999513 -0.232740
v 3.382995 0.706185 -0.395450
v 3.202145 0.868972 -0.504417
v 3.410772 0.725947 -0.217032
v 4.732923 0.695165 0.013252
v 4.466411 0.362966 0.013252
v 4.467830 0.421290 -0.198510
v 4.706738 0.698265 -0.239430
v 4.706738 0.698265 0.233268
v 4.467830 0.421290 0.192348
v 4.732923 0.695165 0.013252
v 4.466411 0.362966 0.013252
v 4.287455 -0.320313 0.430860
v 4.456354 -0.502792 0.483443
v 4.287195 -0.323115 0.403208
v 4.435623 -0.432690 0.579110
v 4.435417 -0.441247 -0.561783
v 4.287243 -0.328865 -0.413538
v 4.456354 -0.502793 -0.493405
v 4.706738 0.698265 -0.239430
v 4.469872 0.494790 -0.270282
v 4.676187 0.676522 -0.435690
v 4.467830 0.421290 -0.198510
v 4.469872 0.494790 -0.270282
v 4.651977 0.534760 -0.466040
v 4.469872 0.494790 0.295218
v 4.706738 0.698265 0.233268
v 4.676187 0.676523 0.460627
v 4.467830 0.421290 0.192348
v 4.651977 0.534762 0.479995
v 4.471413 0.552333 0.285093
v 3.426615 -0.420600 0.574665
v 3.214852 -0.554565 0.712260
v 3.455052 -0.516753 0.453350
v 3.209382 -0.731763 0.485030
v 3.214852 -0.554565 -0.672015
v 3.455052 -0.516755 -0.413107
v 3.209382 -0.731765 -0.444783
v 3.426615 -0.420600 -0.534420
v 4.435623 -0.432690 0.579110
v 4.288788 -0.269850 0.464475
v 4.287455 -0.320313 0.430860
v 4.288788 -0.269850 -0.450232
v 4.435417 -0.441247 -0.561783
v 4.287243 -0.328865 -0.413538
v 3.777491 -0.290475 0.002175
v 3.998075 -0.522743 -0.237885
v 3.777532 -0.288485 -0.193237
v 4.022570 -0.567770 0.002175
v 3.998075 -0.522743 -0.237885
v 3.777860 -0.284832 -0.351205
v 3.971043 -0.431348 -0.544485
v 3.777860 -0.284832 -0.351205
v 3.956152 -0.213365 -0.570915
v 3.779598 -0.219038 -0.349113
v 3.777860 -0.284830 0.391205
v 3.998075 -0.522743 0.277883
v 3.777532 -0.288483 0.233235
v 3.971043 -0.431347 0.584483
v 3.777860 -0.284830 0.391205
v 3.956152 -0.213363 0.591790
v 3.779598 -0.219037 0.369990
v 4.471413 0.552333 -0.271137
v 4.466348 0.291993 -0.389666
v 4.651977 0.534760 -0.466040
v 3.998075 -0.522743 0.277883
v 4.022570 -0.567770 0.002175
v 3.777532 -0.288483 0.233235
v 3.777491 -0.290475 0.002175
v 2.820997 0.741888 0.013252
v 2.567727 1.045915 -0.256715
v 2.568090 1.074918 0.013252
v 2.794812 0.744990 -0.239430
v 2.567723 1.045915 0.250552
v 2.820997 0.741888 0.013252
v 2.568090 1.074918 0.013252
v 2.794812 0.744990 0.233268
v 4.471413 0.552333 0.285093
v 4.651977 0.534762 0.479995
v 4.466348 0.291995 0.426814
v 2.764260 0.723248 0.460627
v 2.567723 1.045915 0.250552
v 2.565322 0.902321 0.580492
v 2.794812 0.744990 0.233268
v 2.567727 1.045915 -0.256715
v 2.764260 0.723247 -0.435690
v 2.565322 0.902320 -0.555555
v 2.794812 0.744990 -0.239430
v 4.055937 0.699472 0.012303
v 3.829782 0.417581 0.012303
v 3.830985 0.467075 -0.167393
v 4.033718 0.702105 -0.202115
v 4.033718 0.702105 0.199000
v 3.830985 0.467075 0.164280
v 4.055937 0.699472 0.012303
v 3.829782 0.417581 0.012303
v 3.779598 -0.219037 0.369990
v 3.786911 0.028215 0.575665
v 3.956152 -0.213363 0.591790
v 3.779598 -0.219038 -0.349113
v 3.956152 -0.213365 -0.570915
v 3.786911 0.028215 -0.563088
v 4.033718 0.702105 -0.202115
v 3.832717 0.529443 -0.228297
v 4.007794 0.683655 -0.368655
v 3.830985 0.467075 -0.167393
v 3.832717 0.529443 -0.228297
v 3.987247 0.563362 -0.394407
v 3.832717 0.529443 0.251568
v 4.033718 0.702105 0.199000
v 4.007794 0.683655 0.391927
v 3.830985 0.467075 0.164280
v 3.987247 0.563363 0.408363
v 3.834027 0.578273 0.242977
v 3.455052 -0.516753 0.453350
v 3.480822 -0.564124 0.001373
v 3.223025 -0.270295 0.378345
v 3.222980 -0.272393 0.001373
v 3.480822 -0.564124 0.001373
v 3.223025 -0.270297 -0.338100
v 3.222980 -0.272393 0.001373
v 3.455052 -0.516755 -0.413107
v 3.223368 -0.266455 0.384788
v 3.455052 -0.516753 0.453350
v 3.223025 -0.270295 0.378345
v 3.426615 -0.420600 0.574665
v 3.223368 -0.266455 0.384788
v 3.410947 -0.191265 0.596898
v 3.225203 -0.197235 0.373167
v 3.455052 -0.516755 -0.413107
v 3.223368 -0.266457 -0.344542
v 3.223025 -0.270297 -0.338100
v 3.426615 -0.420600 -0.534420
v 3.410947 -0.191265 -0.575775
v 3.225203 -0.197235 -0.352042
v 3.410947 -0.191265 -0.575775
v 3.232890 0.062895 -0.567679
v 5.336365 -0.186162 -0.340170
v 5.429080 -0.012927 -0.549739
v 5.294467 -0.133463 -0.328687
v 2.144010 0.746198 0.012303
v 1.929090 1.004182 -0.216780
v 1.929402 1.028795 0.012303
v 2.121788 0.748830 -0.202115
v 1.929090 1.004182 0.213667
v 2.144010 0.746198 0.012303
v 1.929402 1.028795 0.012303
v 2.121788 0.748830 0.199000
v 5.429080 -0.012925 0.589983
v 5.336365 -0.186160 0.380415
v 5.294467 -0.133462 0.368933
v 3.225203 -0.197235 0.373167
v 3.232890 0.062895 0.580503
v 3.410947 -0.191265 0.596898
v 3.834027 0.578273 -0.229020
v 3.829730 0.357352 -0.409985
v 3.987247 0.563362 -0.394407
v 3.434573 0.723127 0.012682
v 3.192288 0.421133 0.012682
v 3.193578 0.474150 -0.179832
v 3.410772 0.725947 -0.217032
v 3.410768 0.725947 0.212700
v 3.193578 0.474150 0.175500
v 3.434573 0.723127 0.012682
v 3.192288 0.421133 0.012682
v 2.095865 0.730385 0.391927
v 1.929090 1.004182 0.213667
v 1.927055 0.882338 0.493642
v 2.121788 0.748830 0.199000
v 3.834027 0.578273 0.242977
v 3.987247 0.563363 0.408363
v 3.829730 0.357353 0.443617
v 1.929090 1.004182 -0.216780
v 2.095865 0.730383 -0.368655
v 1.927055 0.882334 -0.470367
v 2.121788 0.748830 -0.202115
v 3.410772 0.725947 -0.217032
v 3.195430 0.540971 -0.245078
v 3.382995 0.706185 -0.395450
v 3.193578 0.474150 -0.179832
v 3.195430 0.540971 -0.245078
v 3.360982 0.577308 -0.423038
v 3.195430 0.540971 0.269013
v 3.410768 0.725947 0.212700
v 3.382995 0.706185 0.419385
v 3.193578 0.474150 0.175500
v 3.360982 0.577310 0.436995
v 3.196833 0.593283 0.259810
v -0.356625 -1.472730 0.484560
v -0.379440 -1.191071 0.346535
v -0.442180 -1.198354 0.285968
v -0.356625 -1.472730 -0.481810
v -0.379440 -1.191071 -0.343788
v -0.442180 -1.198354 -0.283218
v 3.196833 0.593283 -0.245855
v 3.192233 0.356605 -0.399447
v 3.360982 0.577308 -0.423038
v 2.519246 -0.927408 -0.515515
v 2.247581 -0.873150 -0.790210
v 2.350905 -0.616935 -0.491100
v 2.247585 -0.873150 0.792960
v 2.350905 -0.616935 0.493850
v 2.519246 -0.927408 0.518270
v 3.196833 0.593283 0.259810
v 3.360982 0.577310 0.436995
v 3.192233 0.356607 0.434485
v 1.522645 0.769855 0.012682
v 1.292397 1.046242 -0.232740
v 1.292730 1.072609 0.012682
v 1.498837 0.772677 -0.217032
v 1.292397 1.046242 0.228408
v 1.522645 0.769855 0.012682
v 1.292730 1.072609 0.012682
v 1.498837 0.772677 0.212700
v 1.292397 1.046242 -0.232740
v 1.471065 0.752910 -0.395450
v 1.290213 0.915700 -0.504417
v 1.498837 0.772677 -0.217032
v 2.554095 -0.936100 0.001377
v 2.350905 -0.616935 -0.491100
v 2.349277 -0.599685 0.001377
v 2.519246 -0.927408 -0.515515
v 2.519246 -0.927408 0.518270
v 2.554095 -0.936100 0.001377
v 2.350905 -0.616935 0.493850
v 2.349277 -0.599685 0.001377
v 2.053557 -1.062750 0.619425
v 1.974791 -0.816055 0.404465
v 1.941653 -0.810585 0.360620
v 1.853081 -0.994435 0.603567
v 1.916317 -0.807850 0.264590
v 1.974791 -0.816056 -0.401715
v 2.053557 -1.062755 -0.616675
v 1.941653 -0.810585 -0.357870
v 1.853085 -0.994437 -0.600817
v 1.916317 -0.807850 -0.261840
v 2.820997 0.741888 0.013252
v 2.554482 0.409690 0.013252
v 2.555898 0.468018 -0.198510
v 2.794812 0.744990 -0.239430
v 2.794812 0.744990 0.233268
v 2.555898 0.468018 0.192348
v 2.820997 0.741888 0.013252
v 2.554482 0.409690 0.013252
v -0.552873 -1.384185 0.437142
v -0.442180 -1.198354 0.285968
v -0.466470 -1.187752 0.198620
v -0.466470 -1.187752 -0.195873
v -0.552873 -1.384185 -0.434392
v -0.442180 -1.198354 -0.283218
v 1.471065 0.752910 0.419385
v 1.292397 1.046242 0.228408
v 1.290210 0.915701 0.528352
v 1.498837 0.772677 0.212700
v 2.794812 0.744990 -0.239430
v 2.557942 0.541515 -0.270282
v 2.764260 0.723247 -0.435690
v 2.555898 0.468018 -0.198510
v 2.557942 0.541515 -0.270282
v 2.740050 0.581490 -0.466040
v 2.557942 0.541515 0.295218
v 2.794812 0.744990 0.233268
v 2.764260 0.723248 0.460627
v 2.555898 0.468018 0.192348
v 2.740046 0.581490 0.479995
v 2.559488 0.599063 0.285093
v 2.559488 0.599063 -0.271137
v 2.554420 0.338715 -0.385875
v 2.740050 0.581490 -0.466040
v 2.559488 0.599063 0.285093
v 2.740046 0.581490 0.479995
v 2.554420 0.338715 0.423022
v 0.655792 1.092641 -0.256715
v 0.852330 0.769977 -0.435690
v 0.653392 0.949045 -0.555555
v 0.882880 0.791715 -0.239430
v 0.852330 0.769977 0.460627
v 0.655788 1.092641 0.250552
v 0.653392 0.949046 0.580492
v 0.882880 0.791715 0.233268
v 0.909068 0.788615 0.013252
v 0.655792 1.092641 -0.256715
v 0.656160 1.121643 0.013252
v 0.882880 0.791715 -0.239430
v 0.655788 1.092641 0.250552
v 0.909068 0.788615 0.013252
v 0.656160 1.121643 0.013252
v 0.882880 0.791715 0.233268
v 2.121788 0.748830 0.199000
v 1.919060 0.513799 0.164280
v 2.144010 0.746198 0.012303
v 1.917850 0.464307 0.012303
v 2.144010 0.746198 0.012303
v 1.917850 0.464307 0.012303
v 1.919060 0.513799 -0.167393
v 2.121788 0.748830 -0.202115
v 2.121788 0.748830 -0.202115
v 1.920792 0.576168 -0.228297
v 2.095865 0.730383 -0.368655
v 1.919060 0.513799 -0.167393
v 1.920792 0.576168 -0.228297
v 2.075322 0.610088 -0.394407
v 1.920792 0.576168 0.251568
v 2.121788 0.748830 0.199000
v 2.095865 0.730385 0.391927
v 1.919060 0.513799 0.164280
v 2.075322 0.610088 0.408363
v 1.922100 0.624997 0.242977
v 1.922100 0.624997 -0.229020
v 1.917803 0.404080 -0.398783
v 2.075322 0.610088 -0.394407
v 1.922100 0.624997 0.242977
v 2.075322 0.610088 0.408363
v 1.917803 0.404082 0.432415
v 1.941653 -0.810585 0.360620
v 1.937820 -0.602635 0.582878
v 1.916317 -0.807850 0.264590
v 1.937824 -0.602637 -0.580128
v 1.916317 -0.807850 -0.261840
v 1.941653 -0.810585 -0.357870
v 0.232080 0.792927 0.012303
v 0.017160 1.050912 -0.216780
v 0.017472 1.075520 0.012303
v 0.209858 0.795559 -0.202115
v 0.017160 1.050912 0.213667
v 0.232080 0.792927 0.012303
v 0.017472 1.075520 0.012303
v 0.209858 0.795559 0.199000
v -1.158090 -1.777417 -0.600817
v -1.184295 -1.978947 -0.825847
v -0.921785 -2.008627 -0.466660
v -1.158090 -1.777417 0.603567
v -1.184295 -1.978947 0.828597
v -0.921785 -2.008627 0.469410
v 1.498837 0.772677 0.212700
v 1.281645 0.520878 0.175500
v 1.522645 0.769855 0.012682
v 1.280358 0.467857 0.012682
v 1.522645 0.769855 0.012682
v 1.280358 0.467857 0.012682
v 1.281649 0.520878 -0.179832
v 1.498837 0.772677 -0.217032
v 0.183934 0.777108 0.391927
v 0.017160 1.050912 0.213667
v 0.015124 0.929063 0.493642
v 0.209858 0.795559 0.199000
v 0.017160 1.050912 -0.216780
v 0.183934 0.777108 -0.368655
v 0.015124 0.929058 -0.470367
v 0.209858 0.795559 -0.202115
v 1.284903 0.640010 -0.245855
v 1.280303 0.403330 -0.402717
v 1.449053 0.624033 -0.423038
v 1.498837 0.772677 -0.217032
v 1.283505 0.587695 -0.245078
v 1.471065 0.752910 -0.395450
v 1.281649 0.520878 -0.179832
v 1.283505 0.587695 -0.245078
v 1.449053 0.624033 -0.423038
v 1.284903 0.640010 0.259810
v 1.449053 0.624035 0.436995
v 1.280303 0.403335 0.437752
v 1.283505 0.587695 0.269013
v 1.498837 0.772677 0.212700
v 1.471065 0.752910 0.419385
v 1.281645 0.520878 0.175500
v 1.449053 0.624035 0.436995
v 1.284903 0.640010 0.259810
v -0.619533 1.092968 -0.232740
v -0.440865 0.799638 -0.395450
v -0.621717 0.962430 -0.504417
v -0.413092 0.819402 -0.217032
v -0.389283 0.816582 0.012682
v -0.619533 1.092968 -0.232740
v -0.619200 1.119333 0.012682
v -0.413092 0.819402 -0.217032
v -0.619533 1.092968 0.228408
v -0.389283 0.816582 0.012682
v -0.619200 1.119333 0.012682
v -0.413092 0.819402 0.212700
v 0.647553 0.645787 -0.271137
v 0.642492 0.385440 -0.398745
v 0.828120 0.628210 -0.466040
v 0.647553 0.645787 0.285093
v 0.828117 0.628215 0.479995
v 0.642492 0.385445 0.435892
v 0.882880 0.791715 0.233268
v 0.643970 0.514743 0.192348
v 0.909068 0.788615 0.013252
v 0.642552 0.456420 0.013252
v 0.909068 0.788615 0.013252
v 0.642552 0.456420 0.013252
v 0.643970 0.514743 -0.198510
v 0.882880 0.791715 -0.239430
v -0.440865 0.799638 0.419385
v -0.619533 1.092968 0.228408
v -0.621717 0.962430 0.528352
v -0.413092 0.819402 0.212700
v 0.882880 0.791715 -0.239430
v 0.646012 0.588244 -0.270282
v 0.852330 0.769977 -0.435690
v 0.643970 0.514743 -0.198510
v 0.646012 0.588244 -0.270282
v 0.828120 0.628210 -0.466040
v 0.646012 0.588244 0.295218
v 0.882880 0.791715 0.233268
v 0.852330 0.769977 0.460627
v 0.643970 0.514743 0.192348
v 0.828117 0.628215 0.479995
v 0.647553 0.645787 0.285093
v 0.010170 0.671726 0.242977
v 0.163390 0.656813 0.408363
v 0.005872 0.450807 0.435370
v 0.010170 0.671726 -0.229020
v 0.005872 0.450805 -0.401738
v 0.163390 0.656812 -0.394407
v -0.317112 -1.697985 0.478485
v -0.287502 -2.007732 0.574898
v -0.172635 -2.068233 0.374885
v -0.239662 -1.703002 0.345390
v -0.723372 -1.803267 -0.289600
v -0.633348 -1.620607 -0.457285
v -0.745730 -1.789414 -0.199102
v 0.209858 0.795559 0.199000
v 0.007128 0.560528 0.164280
v 0.232080 0.792927 0.012303
v 0.005925 0.511035 0.012303
v 0.232080 0.792927 0.012303
v 0.005925 0.511035 0.012303
v 0.007128 0.560528 -0.167393
v 0.209858 0.795559 -0.202115
v -0.930997 -1.039773 0.483765
v -0.738330 -1.267900 0.465690
v -0.991638 -1.207060 0.263160
v -0.427361 -0.986629 0.452648
v -0.442180 -1.198354 0.285968
v -0.466470 -1.187752 0.198620
v -0.930997 -1.039773 -0.481015
v -0.991638 -1.207060 -0.260410
v -0.738330 -1.267900 -0.462940
v -0.317112 -1.697985 -0.451713
v -0.287502 -2.007732 -0.544087
v -0.172635 -2.068237 -0.316462
v -0.239662 -1.703002 -0.294085
v -0.427361 -0.986630 -0.449898
v -0.442180 -1.198354 -0.283218
v -0.466470 -1.187752 -0.195873
v 0.209858 0.795559 -0.202115
v 0.008857 0.622898 -0.228297
v 0.183934 0.777108 -0.368655
v 0.007128 0.560528 -0.167393
v 0.008857 0.622898 -0.228297
v 0.163390 0.656812 -0.394407
v 0.008857 0.622898 0.251568
v 0.209858 0.795559 0.199000
v 0.183934 0.777108 0.391927
v 0.007128 0.560528 0.164280
v 0.163390 0.656813 0.408363
v 0.010170 0.671726 0.242977
v -0.723372 -1.803267 0.292347
v -0.633348 -1.620607 0.460035
v -0.745730 -1.789414 0.201848
v 0.001655 -1.000050 0.439260
v 0.169718 -1.371262 0.472242
v 0.010522 -1.030140 0.001373
v 0.178057 -1.401870 0.001373
v 0.010522 -1.030140 0.001373
v 0.178057 -1.401870 0.001373
v 0.169718 -1.371262 -0.469495
v 0.001655 -1.000050 -0.436515
v -3.076720 -0.436053 0.505212
v -3.290180 -0.194425 0.598665
v -3.175173 -0.417060 0.742115
v -3.269500 -0.172585 0.472189
v -0.627023 0.686738 0.259810
v -0.462874 0.670763 0.436995
v -0.631628 0.450065 0.440722
v -0.627023 0.686738 -0.245855
v -0.631628 0.450063 -0.405687
v -0.462874 0.670762 -0.423038
v -3.076720 -0.436055 -0.464155
v -3.290180 -0.194427 -0.557607
v -3.269500 -0.172587 -0.431130
v -3.175173 -0.417060 -0.701055
v -0.209382 -1.725380 -0.050985
v -0.142942 -2.091041 -0.050985
v -0.172635 -2.068237 -0.316462
v -0.239662 -1.703002 -0.294085
v -0.239662 -1.703002 0.345390
v -0.172635 -2.068233 0.374885
v -0.209382 -1.725380 -0.050985
v -0.142942 -2.091041 -0.050985
v -0.413092 0.819402 0.212700
v -0.630280 0.567605 0.175500
v -0.389283 0.816582 0.012682
v -0.631567 0.514583 0.012682
v -0.389283 0.816582 0.012682
v -0.631567 0.514583 0.012682
v -0.630280 0.567605 -0.179832
v -0.413092 0.819402 -0.217032
v -1.927880 0.745272 0.001372
v -2.056725 0.748413 -0.128010
v -1.974023 0.857067 0.001372
v -2.056725 0.748413 0.130755
v -1.974023 0.857067 0.001372
v -1.927880 0.745272 0.001372
v -0.413092 0.819402 -0.217032
v -0.628425 0.634425 -0.245078
v -0.440865 0.799638 -0.395450
v -0.630280 0.567605 -0.179832
v -0.628425 0.634425 -0.245078
v -0.462874 0.670762 -0.423038
v -0.628425 0.634425 0.269013
v -0.413092 0.819402 0.212700
v -0.440865 0.799638 0.419385
v -0.630280 0.567605 0.175500
v -0.462874 0.670763 0.436995
v -0.627023 0.686738 0.259810
v -1.363060 -1.724100 0.619425
v -1.266285 -1.964303 0.366233
v -1.518018 -1.640820 0.442220
v -1.266285 -1.964303 -0.363483
v -1.363060 -1.724100 -0.616675
v -1.518018 -1.640823 -0.439465
v -1.014470 -1.204113 -0.336265
v -1.110724 -0.974280 -0.514320
v -1.231845 -0.887460 -0.423037
v -1.033211 -1.199865 0.368232
v -1.231845 -0.887460 0.425787
v -1.110724 -0.974280 0.517070
v -1.276616 -0.876740 0.001377
v -1.033211 -1.199865 -0.365482
v -1.231845 -0.887460 -0.423037
v -1.060207 -1.193753 0.001377
v -1.033211 -1.199865 0.368232
v -1.276616 -0.876740 0.001377
v -1.231845 -0.887460 0.425787
v -1.060207 -1.193753 0.001377
v -2.324520 -0.502537 0.354200
v -2.116662 -0.706308 0.268677
v -2.317807 -0.445830 0.225645
v -2.116662 -0.706308 -0.228430
v -2.324520 -0.502535 -0.313953
v -2.317807 -0.445830 -0.185400
v -2.135885 -0.447560 -0.508275
v -2.316172 -0.435732 -0.303307
v -2.324520 -0.502535 -0.313953
v -2.142469 -0.670958 -0.487905
v -2.142469 -0.670957 0.528150
v -2.324520 -0.502537 0.354200
v -2.135885 -0.447558 0.548520
v -2.316172 -0.435730 0.343553
v -2.316172 -0.435732 -0.303307
v -2.135885 -0.447560 -0.508275
v -2.284080 -0.184745 -0.497425
v -2.316172 -0.435730 0.343553
v -2.284080 -0.184740 0.515805
v -2.135885 -0.447558 0.548520
v -2.090433 -0.707598 0.002945
v -2.317807 -0.445830 -0.185400
v -2.312280 -0.400867 0.002945
v -2.116662 -0.706308 -0.228430
v -2.116662 -0.706308 0.268677
v -2.090433 -0.707598 0.002945
v -2.317807 -0.445830 0.225645
v -2.312280 -0.400867 0.002945
v -1.553658 -1.634070 0.001377
v -1.266285 -1.964303 -0.363483
v -1.518018 -1.640823 -0.439465
v -1.281844 -1.960760 0.001377
v -1.266285 -1.964303 0.366233
v -1.553658 -1.634070 0.001377
v -1.518018 -1.640820 0.442220
v -1.281844 -1.960760 0.001377
v -3.893220 0.555675 0.001372
v -4.044345 0.657278 -0.096927
v -3.946087 0.654878 0.001372
v -4.044345 0.657278 0.099670
v -3.893220 0.555675 0.001372
v -3.946087 0.654878 0.001372
v -3.005351 -0.444412 0.000983
v -3.269500 -0.172587 -0.431130
v -3.220099 -0.151040 0.000983
v -3.076720 -0.436055 -0.464155
v -3.076720 -0.436053 0.505212
v -3.005351 -0.444412 0.000983
v -3.269500 -0.172585 0.472189
v -3.220099 -0.151040 0.000983
v -4.269413 -1.532853 0.369245
v -4.109583 -1.367440 0.625017
v -4.299742 -1.460108 0.370358
v -4.269413 -1.532853 -0.369630
v -4.109583 -1.367442 -0.611055
v -4.299742 -1.460108 -0.356400
v -3.986565 -1.598355 0.585365
v -4.094884 -1.956982 0.351515
v -3.939772 -1.619307 0.328935
v -4.144145 -1.836075 0.741980
v -4.094884 -1.956982 -0.311268
v -3.986565 -1.598355 -0.585750
v -3.939772 -1.619307 -0.288690
v -4.144145 -1.836070 -0.742360
v -3.642447 -1.122927 0.568017
v -3.541121 -1.426478 0.307782
v -3.599475 -1.114478 0.288185
v -3.635119 -1.366448 0.703962
v -3.541121 -1.426478 -0.267535
v -3.642447 -1.122927 -0.527770
v -3.599475 -1.114478 -0.247935
v -3.635119 -1.366448 -0.663715
v -4.094884 -1.956982 0.351515
v -4.085055 -1.981452 -0.001218
v -3.939772 -1.619307 0.328935
v -3.912390 -1.605398 -0.001218
v -4.085055 -1.981452 -0.001218
v -3.939772 -1.619307 -0.288690
v -3.912390 -1.605398 -0.001218
v -4.094884 -1.956982 -0.311268
v -3.541121 -1.426478 0.307782
v -3.522172 -1.438699 0.001598
v -3.599475 -1.114478 0.288185
v -3.587243 -1.091260 0.001598
v -3.522172 -1.438699 0.001598
v -3.599475 -1.114478 -0.247935
v -3.587243 -1.091260 0.001598
v -3.541121 -1.426478 -0.267535
v -3.872018 -1.216751 -0.340170
v -4.037535 -1.324845 -0.556740
v -3.929062 -1.180965 -0.328687
v -4.037535 -1.324845 0.596985
v -3.872018 -1.216751 0.380415
v -3.929062 -1.180965 0.368933
v 8.207490 -0.521366 0.001373
v 8.356560 -0.364715 -0.116175
v 8.356380 -0.390488 0.001373
v 8.208004 -0.495761 -0.127635
v 8.356560 -0.364715 0.118917
v 8.207490 -0.521366 0.001373
v 8.356380 -0.390488 0.001373
v 8.208004 -0.495761 0.130377
v 7.903398 -0.520830 0.001373
v 8.033430 -0.378953 -0.108502
v 8.033400 -0.400180 0.001373
v 7.903646 -0.498483 -0.125662
v 8.033430 -0.378953 0.111248
v 7.903398 -0.520830 0.001373
v 8.033400 -0.400180 0.001373
v 7.903646 -0.498483 0.128408
v -4.144145 -1.836070 -0.742360
v -4.094884 -1.956982 -0.311268
v -4.423283 -1.778490 -0.592755
v -4.442842 -1.829800 -0.291318
v -4.144145 -1.836075 0.741980
v -4.423283 -1.778490 0.592370
v -4.094884 -1.956982 0.351515
v -4.442842 -1.829800 0.331565
v 7.568220 -0.512247 0.001373
v 7.737833 -0.331744 -0.156240
v 7.737465 -0.359066 0.001373
v 7.568925 -0.483495 -0.187173
v 7.737833 -0.331743 0.158985
v 7.568220 -0.512247 0.001373
v 7.737465 -0.359066 0.001373
v 7.568925 -0.483495 0.189920
v 7.209169 -0.525941 0.001373
v 7.345303 -0.378288 -0.106840
v 7.345005 -0.401257 0.001373
v 7.209753 -0.502020 -0.118840
v 7.345303 -0.378288 0.109587
v 7.209169 -0.525941 0.001373
v 7.345005 -0.401257 0.001373
v 7.209753 -0.502020 0.121587
v -4.442842 -1.829800 0.331565
v -4.085055 -1.981452 -0.001218
v -4.094884 -1.956982 0.351515
v -4.472142 -1.840707 -0.001218
v -4.085055 -1.981452 -0.001218
v -4.442842 -1.829800 -0.291318
v -4.094884 -1.956982 -0.311268
v -4.472142 -1.840707 -0.001218
v 6.856436 -0.495777 0.001373
v 7.012091 -0.330675 -0.111142
v 7.011747 -0.355575 0.001373
v 6.857078 -0.469512 -0.130327
v 7.012091 -0.330675 0.113888
v 6.856436 -0.495777 0.001373
v 7.011747 -0.355575 0.001373
v 6.857078 -0.469512 0.133073
v -3.569463 -0.557205 -0.608107
v -3.532767 -0.375547 -0.367465
v -3.791227 -0.345210 -0.592278
v 4.784775 -0.731955 -0.311268
v 5.030292 -0.448988 -0.585750
v 5.064393 -0.487230 -0.288690
v 4.789263 -0.601470 -0.742360
v 4.784775 -0.731955 0.351515
v 5.030292 -0.448987 0.585365
v 4.789263 -0.601470 0.741980
v 5.064393 -0.487230 0.328935
v 4.784775 -0.731955 0.351515
v 4.783735 -0.758299 -0.001218
v 5.064393 -0.487230 0.328935
v 5.095083 -0.485742 -0.001218
v 4.783735 -0.758299 -0.001218
v 5.064393 -0.487230 -0.288690
v 5.095083 -0.485742 -0.001218
v 4.784775 -0.731955 -0.311268
v -1.817490 -1.893485 -0.466492
v -1.420617 -2.170061 -0.608553
v -1.542552 -1.927523 -0.790210
v -1.420617 -2.170061 -0.608553
v -1.184295 -1.978947 -0.825847
v -1.213650 -2.174407 -0.580128
v -1.184295 -1.978947 -0.825847
v -0.921785 -2.008627 -0.466660
v -1.817490 -1.893480 0.469245
v -1.420617 -2.170061 0.611303
v -1.542552 -1.927522 0.792960
v -1.184295 -1.978947 0.828597
v -1.420617 -2.170061 0.611303
v -1.213650 -2.174407 0.582878
v -0.921785 -2.008627 0.469410
v -1.184295 -1.978947 0.828597
v -1.420617 -2.170061 0.611303
v -1.232835 -1.967314 0.360620
v -1.213650 -2.174407 0.582878
v -1.213650 -2.174407 -0.580128
v -1.232835 -1.967314 -0.357870
v -1.420617 -2.170061 -0.608553
v 4.277254 -0.659542 0.517332
v 4.275723 -0.711908 0.006330
v 4.456354 -0.502792 0.483443
v 4.475145 -0.537323 0.006330
v 4.275723 -0.711908 0.006330
v 4.456354 -0.502793 -0.493405
v 4.475145 -0.537323 0.006330
v 4.277257 -0.659543 -0.527295
v 3.764569 -0.727110 0.296742
v 3.971043 -0.431347 0.584483
v 3.769765 -0.558682 0.724545
v 3.998075 -0.522743 0.277883
v 3.764569 -0.727110 -0.256743
v 3.971043 -0.431348 -0.544485
v 3.998075 -0.522743 -0.237885
v 3.769763 -0.558683 -0.684547
v -3.569463 -0.557205 0.629235
v -3.791227 -0.345210 0.604752
v -3.532767 -0.375547 0.388595
v -3.461425 -0.383463 0.400710
v -3.569463 -0.557205 0.629235
v -3.338778 -0.606633 0.605082
v 3.764569 -0.727110 0.296742
v 3.762567 -0.795380 0.002175
v 3.998075 -0.522743 0.277883
v 4.022570 -0.567770 0.002175
v 3.762567 -0.795380 0.002175
v 3.998075 -0.522743 -0.237885
v 4.022570 -0.567770 0.002175
v 3.764569 -0.727110 -0.256743
v 4.706738 0.698265 -0.239430
v 4.469872 0.494790 -0.270282
v 4.676187 0.676522 -0.435690
v -0.287502 -2.007732 0.574898
v -0.506678 -2.214195 0.461802
v -0.172635 -2.068233 0.374885
v -0.287502 -2.007732 -0.544087
v -0.506678 -2.214195 -0.382398
v -0.576318 -2.149950 -0.498052
v -0.172635 -2.068237 -0.316462
v 4.469872 0.494790 0.295218
v 4.706738 0.698265 0.233268
v 4.676187 0.676523 0.460627
v 3.209382 -0.731763 0.485030
v 3.207278 -0.803587 0.001373
v 3.455052 -0.516753 0.453350
v 3.480822 -0.564124 0.001373
v 3.207278 -0.803587 0.001373
v 3.455052 -0.516755 -0.413107
v 3.480822 -0.564124 0.001373
v 3.209382 -0.731765 -0.444783
v -0.808781 0.805938 -0.400325
v -0.628425 0.634425 -0.245078
v -0.837709 0.829463 -0.218858
v -0.628425 0.634425 0.269013
v -0.808781 0.805943 0.424260
v -0.837709 0.829463 0.214525
v -3.569463 -0.557205 -0.608107
v -3.461425 -0.383465 -0.359650
v -3.532767 -0.375547 -0.367465
v -3.338778 -0.606635 -0.564022
v 4.033718 0.702105 -0.202115
v 3.832717 0.529443 -0.228297
v 4.007794 0.683655 -0.368655
v 3.832717 0.529443 0.251568
v 4.033718 0.702105 0.199000
v 4.007794 0.683655 0.391927
v -0.723372 -1.803267 -0.289600
v -0.858428 -1.970133 -0.457102
v -0.745730 -1.789414 -0.199102
v 2.236980 -1.166622 0.001377
v 2.519246 -0.927408 -0.515515
v 2.554095 -0.936100 0.001377
v 2.201936 -1.157253 -0.485658
v 2.236980 -1.166622 0.001377
v 2.519246 -0.927408 0.518270
v 2.201936 -1.157253 0.488408
v 2.554095 -0.936100 0.001377
v -3.858180 -1.463966 0.574095
v -3.635119 -1.366448 0.703962
v -3.541121 -1.426478 0.307782
v -3.846537 -1.509395 0.290465
v -3.858180 -1.463966 -0.533850
v -3.635119 -1.366448 -0.663715
v -3.541121 -1.426478 -0.267535
v -3.846537 -1.509395 -0.250218
v -0.172635 -2.068233 0.374885
v -0.523140 -2.234977 -0.050985
v -0.142942 -2.091041 -0.050985
v -0.506678 -2.214195 0.461802
v -0.523140 -2.234977 -0.050985
v -0.172635 -2.068237 -0.316462
v -0.142942 -2.091041 -0.050985
v -0.506678 -2.214195 -0.382398
v 1.894107 -0.795398 -0.825847
v 2.053557 -1.062755 -0.616675
v 1.853085 -0.994437 -0.600817
v 2.247581 -0.873150 -0.790210
v 2.201936 -1.157253 -0.485658
v 2.519246 -0.927408 -0.515515
v 2.053557 -1.062755 -0.616675
v 1.894107 -0.795393 0.828597
v 2.053557 -1.062750 0.619425
v 2.247585 -0.873150 0.792960
v 1.853081 -0.994435 0.603567
v 2.201936 -1.157253 0.488408
v 2.053557 -1.062750 0.619425
v 2.519246 -0.927408 0.518270
v 5.164567 0.890681 -0.142835
v 5.361877 0.887153 0.001372
v 5.264865 0.825469 0.001372
v 5.264865 0.825469 0.001372
v 5.164567 0.890681 0.145578
v 5.361877 0.887153 0.001372
v -0.159488 0.782992 -0.373205
v 0.008857 0.622898 -0.228297
v -0.186487 0.804948 -0.203825
v 0.008857 0.622898 0.251568
v -0.159488 0.782993 0.396475
v -0.186487 0.804948 0.200707
v -0.723372 -1.803267 0.292347
v -0.858428 -1.970133 0.459848
v -0.745730 -1.789414 0.201848
v 3.410772 0.725947 -0.217032
v 3.195430 0.540971 -0.245078
v 3.382995 0.706185 -0.395450
v 3.195430 0.540971 0.269013
v 3.410768 0.725947 0.212700
v 3.382995 0.706185 0.419385
v -1.207365 -1.968165 0.264590
v -0.921785 -2.008627 0.469410
v -1.213650 -2.174407 0.582878
v -1.207365 -1.968165 -0.261840
v -1.213650 -2.174407 -0.580128
v -0.921785 -2.008627 -0.466660
v 0.447623 0.776910 -0.441053
v 0.646012 0.588244 -0.270282
v 0.415803 0.802781 -0.241445
v 0.646012 0.588244 0.295218
v 0.447623 0.776910 0.465985
v 0.415800 0.802785 0.235282
v -4.065225 0.705530 -0.221772
v -4.142640 0.659682 0.001372
v -4.275645 0.677090 0.001372
v -4.044345 0.657278 -0.096927
v -4.142640 0.659682 0.001372
v -4.044345 0.657278 0.099670
v -4.065225 0.705530 0.224515
v -4.275645 0.677090 0.001372
v 0.169718 -1.371262 0.472242
v -0.187923 -1.569090 0.434918
v 0.178057 -1.401870 0.001373
v -0.180408 -1.600088 0.001373
v 0.178057 -1.401870 0.001373
v -0.180408 -1.600088 0.001373
v -0.187923 -1.569090 -0.432168
v 0.169718 -1.371262 -0.469495
v -1.014953 -1.391958 -0.467550
v -0.971820 -1.218732 -0.627465
v -0.738330 -1.267900 -0.462940
v -1.014953 -1.391958 0.470303
v -0.738330 -1.267900 0.465690
v -0.971817 -1.218730 0.630215
v 1.941653 -0.810585 0.360620
v 2.053557 -1.062750 0.619425
v 1.853081 -0.994435 0.603567
v 1.916317 -0.807850 0.264590
v 1.634498 -0.746400 0.469410
v -2.074308 0.922282 -0.170303
v -2.146570 0.857111 0.001372
v -2.245117 0.873845 0.001372
v -2.060295 0.857090 -0.084900
v 1.941653 -0.810585 -0.357870
v 2.053557 -1.062755 -0.616675
v 1.853085 -0.994437 -0.600817
v 1.916317 -0.807850 -0.261840
v 1.634502 -0.746400 -0.466660
v -2.074308 0.922282 0.173047
v -2.146570 0.857111 0.001372
v -2.060295 0.857090 0.087645
v -2.245117 0.873845 0.001372
v -1.420617 -2.170061 -0.608553
v -1.266285 -1.964303 -0.363483
v -1.626656 -2.190670 -0.444390
v -1.232835 -1.967314 -0.357870
v -1.232835 -1.967314 0.360620
v -1.420617 -2.170061 0.611303
v -1.266285 -1.964303 0.366233
v -1.626656 -2.190670 0.447143
v 2.794812 0.744990 -0.239430
v 2.557942 0.541515 -0.270282
v 2.764260 0.723247 -0.435690
v 2.557942 0.541515 0.295218
v 2.794812 0.744990 0.233268
v 2.764260 0.723248 0.460627
v 5.263177 -0.470650 0.290465
v 5.592581 -0.511735 0.001598
v 5.578797 -0.493920 0.307782
v 5.241638 -0.486457 0.001598
v 5.592581 -0.511735 0.001598
v 5.263177 -0.470651 -0.250218
v 5.578797 -0.493920 -0.267535
v 5.241638 -0.486457 0.001598
v -1.200668 -1.370325 -0.508732
v -1.014470 -1.204113 -0.336265
v -1.376621 -1.372537 -0.440815
v 1.103149 0.759217 -0.400325
v 1.283505 0.587695 -0.245078
v 1.074221 0.782735 -0.218858
v 1.283505 0.587695 0.269013
v 1.103149 0.759218 0.424260
v 1.074221 0.782735 0.214525
v -1.469002 1.132557 -0.142835
v -1.541255 1.067385 0.001372
v -1.639763 1.084114 0.001372
v -1.454982 1.067362 -0.071097
v -1.541255 1.067385 0.001372
v -1.454982 1.067362 0.073840
v -1.469002 1.132557 0.145578
v -1.639763 1.084114 0.001372
v -1.376625 -1.372533 0.443565
v -1.033211 -1.199865 0.368232
v -1.200668 -1.370325 0.511482
v -3.846537 -1.509395 0.290465
v -3.522172 -1.438699 0.001598
v -3.541121 -1.426478 0.307782
v -3.861592 -1.531458 0.001598
v -3.522172 -1.438699 0.001598
v -3.846537 -1.509395 -0.250218
v -3.541121 -1.426478 -0.267535
v -3.861592 -1.531458 0.001598
v -1.623773 -2.207752 0.001377
v -1.266285 -1.964303 -0.363483
v -1.281844 -1.960760 0.001377
v -1.626656 -2.190670 -0.444390
v -1.626656 -2.190670 0.447143
v -1.623773 -2.207752 0.001377
v -1.266285 -1.964303 0.366233
v -1.281844 -1.960760 0.001377
v -0.991638 -1.207060 0.263160
v -0.738330 -1.267900 0.465690
v -1.014953 -1.391958 0.470303
v -0.991638 -1.207060 -0.260410
v -1.014953 -1.391958 -0.467550
v -0.738330 -1.267900 -0.462940
v 2.121788 0.748830 -0.202115
v 1.920792 0.576168 -0.228297
v 2.095865 0.730383 -0.368655
v 1.920792 0.576168 0.251568
v 2.121788 0.748830 0.199000
v 2.095865 0.730385 0.391927
v 5.510085 -0.406075 0.703962
v 5.267270 -0.423925 0.574095
v 5.578797 -0.493920 0.307782
v 5.263177 -0.470650 0.290465
v -1.388790 -1.386540 0.001377
v -1.033211 -1.199865 -0.365482
v -1.060207 -1.193753 0.001377
v -1.376621 -1.372537 -0.440815
v -1.376625 -1.372533 0.443565
v -1.388790 -1.386540 0.001377
v -1.033211 -1.199865 0.368232
v -1.060207 -1.193753 0.001377
v 5.510085 -0.406077 -0.663715
v 5.578797 -0.493920 -0.267535
v 5.267270 -0.423927 -0.533850
v 5.263177 -0.470651 -0.250218
v 2.976102 -0.504768 0.457040
v 3.207278 -0.803587 0.001373
v 3.209382 -0.731763 0.485030
v 2.947488 -0.551655 0.001373
v 3.207278 -0.803587 0.001373
v 2.976102 -0.504770 -0.416793
v 3.209382 -0.731765 -0.444783
v 2.947488 -0.551655 0.001373
v 1.752443 0.736268 -0.373205
v 1.920792 0.576168 -0.228297
v 1.725443 0.758220 -0.203825
v 1.920792 0.576168 0.251568
v 1.752443 0.736268 0.396475
v 1.725443 0.758220 0.200707
v -3.338778 -0.606633 0.605082
v -3.175173 -0.417060 0.742115
v -3.076720 -0.436053 0.505212
v -3.323185 -0.648667 0.476033
v 1.498837 0.772677 -0.217032
v 1.283505 0.587695 -0.245078
v 1.471065 0.752910 -0.395450
v 1.283505 0.587695 0.269013
v 1.498837 0.772677 0.212700
v 1.471065 0.752910 0.419385
v 3.762567 -0.795380 0.002175
v 3.542828 -0.511355 -0.240078
v 3.764569 -0.727110 -0.256743
v 3.515633 -0.555920 0.002175
v 3.542828 -0.511355 0.280077
v 3.762567 -0.795380 0.002175
v 3.764569 -0.727110 0.296742
v 3.515633 -0.555920 0.002175
v 3.576705 -0.419467 0.590750
v 3.769765 -0.558682 0.724545
v 3.764569 -0.727110 0.296742
v 3.542828 -0.511355 0.280077
v 3.576705 -0.419468 -0.550747
v 3.769763 -0.558683 -0.684547
v 3.764569 -0.727110 -0.256743
v 3.542828 -0.511355 -0.240078
v 2.359552 0.730185 -0.441053
v 2.557942 0.541515 -0.270282
v 2.327730 0.756056 -0.241445
v 2.557942 0.541515 0.295218
v 2.359552 0.730185 0.465985
v 2.327730 0.756056 0.235282
v 0.882880 0.791715 -0.239430
v 0.646012 0.588244 -0.270282
v 0.852330 0.769977 -0.435690
v 0.646012 0.588244 0.295218
v 0.882880 0.791715 0.233268
v 0.852330 0.769977 0.460627
v 4.107177 -0.494055 0.487388
v 4.275723 -0.711908 0.006330
v 4.277254 -0.659542 0.517332
v 4.086323 -0.528237 0.006330
v 4.275723 -0.711908 0.006330
v 4.107177 -0.494055 -0.497350
v 4.277257 -0.659543 -0.527295
v 4.086323 -0.528237 0.006330
v 3.015075 0.712485 -0.400325
v 3.195430 0.540971 -0.245078
v 2.986147 0.736009 -0.218858
v 3.195430 0.540971 0.269013
v 3.015075 0.712485 0.424260
v 2.986147 0.736009 0.214525
v 4.558077 -0.434760 0.592370
v 4.789263 -0.601470 0.741980
v 4.784775 -0.731955 0.351515
v 4.519245 -0.473587 0.331565
v 4.558077 -0.434760 -0.592755
v 4.789263 -0.601470 -0.742360
v 4.784775 -0.731955 -0.311268
v 4.519245 -0.473588 -0.291318
v 4.519245 -0.473587 0.331565
v 4.783735 -0.758299 -0.001218
v 4.784775 -0.731955 0.351515
v 4.488037 -0.471555 -0.001218
v 4.783735 -0.758299 -0.001218
v 4.519245 -0.473588 -0.291318
v 4.784775 -0.731955 -0.311268
v 4.488037 -0.471555 -0.001218
v 5.164567 0.890681 -0.142835
v 5.092317 0.825518 0.001372
v 4.993785 0.842247 0.001372
v 5.178590 0.825495 -0.071097
v 5.092317 0.825518 0.001372
v 5.178590 0.825495 0.073840
v 5.164567 0.890681 0.145578
v 4.993785 0.842247 0.001372
v -2.641264 0.858953 -0.191757
v -2.687407 0.809493 0.001372
v -2.818594 0.767715 0.001372
v -2.595337 0.830250 -0.092990
v -2.687407 0.809493 0.001372
v -2.595337 0.830250 0.095733
v -2.641264 0.858953 0.194500
v -2.818594 0.767715 0.001372
v -2.374750 -0.891075 0.286853
v -2.377810 -0.913391 0.002945
v -2.116662 -0.706308 0.268677
v -2.090433 -0.707598 0.002945
v -2.377810 -0.913391 0.002945
v -2.116662 -0.706308 -0.228430
v -2.090433 -0.707598 0.002945
v -2.374750 -0.891075 -0.246607
v 0.209858 0.795559 -0.202115
v 0.008857 0.622898 -0.228297
v 0.183934 0.777108 -0.368655
v 0.008857 0.622898 0.251568
v 0.209858 0.795559 0.199000
v 0.183934 0.777108 0.391927
v -2.142469 -0.670957 0.528150
v -2.374750 -0.891075 0.286853
v -2.116662 -0.706308 0.268677
v -2.360085 -0.780520 0.654203
v 3.832717 0.529443 0.251568
v 3.664372 0.689540 0.396475
v 3.637368 0.711495 0.200707
v 3.664372 0.689538 -0.373205
v 3.832717 0.529443 -0.228297
v 3.637368 0.711495 -0.203825
v -2.374750 -0.891075 -0.246607
v -2.142469 -0.670958 -0.487905
v -2.116662 -0.706308 -0.228430
v -2.360085 -0.780522 -0.613957
v -3.278970 -0.681258 0.000983
v -3.076720 -0.436055 -0.464155
v -3.005351 -0.444412 0.000983
v -3.323185 -0.648668 -0.434973
v -3.323185 -0.648668 -0.434973
v -3.338778 -0.606635 -0.564022
v -3.175173 -0.417060 -0.701055
v -1.469002 1.132557 -0.142835
v -1.271693 1.129027 0.001372
v -1.368710 1.067340 0.001372
v -1.368710 1.067340 0.001372
v -1.469002 1.132557 0.145578
v -1.271693 1.129027 0.001372
v -0.413092 0.819402 -0.217032
v -0.628425 0.634425 -0.245078
v -0.440865 0.799638 -0.395450
v -0.628425 0.634425 0.269013
v -0.413092 0.819402 0.212700
v -0.440865 0.799638 0.419385
v 4.271478 0.683455 -0.441053
v 4.469872 0.494790 -0.270282
v 4.239660 0.709330 -0.241445
v 4.469872 0.494790 0.295218
v 4.271478 0.683457 0.465985
v 4.239655 0.709330 0.235282
v -1.877010 0.918754 0.001372
v -2.060295 0.857090 -0.084900
v -2.074308 0.922282 -0.170303
v -1.974023 0.857067 0.001372
v -1.877010 0.918754 0.001372
v -2.060295 0.857090 0.087645
v -1.974023 0.857067 0.001372
v -2.074308 0.922282 0.173047
v -3.278970 -0.681258 0.000983
v -3.076720 -0.436053 0.505212
v -3.323185 -0.648667 0.476033
v -3.005351 -0.444412 0.000983
v -3.841173 0.706905 0.001372
v -4.044345 0.657278 -0.096927
v -4.065225 0.705530 -0.221772
v -3.946087 0.654878 0.001372
v -3.841173 0.706905 0.001372
v -4.044345 0.657278 0.099670
v -3.946087 0.654878 0.001372
v -4.065225 0.705530 0.224515
v -2.595337 0.830250 -0.092990
v -2.437639 0.910110 0.001372
v -2.503300 0.851010 0.001372
v -2.641264 0.858953 -0.191757
v -2.437639 0.910110 0.001372
v -2.595337 0.830250 0.095733
v -2.503300 0.851010 0.001372
v -2.641264 0.858953 0.194500
v 6.856436 -0.495777 0.001373
v 6.708353 -0.347933 0.001373
v 6.709265 -0.323047 -0.111142
v 6.857078 -0.469512 -0.130327
v 6.857078 -0.469512 0.133073
v 6.709265 -0.323047 0.113888
v 6.856436 -0.495777 0.001373
v 6.708353 -0.347933 0.001373
v 7.209169 -0.525941 0.001373
v 7.079622 -0.394773 0.001373
v 7.080405 -0.371817 -0.106840
v 7.209753 -0.502020 -0.118840
v 7.209753 -0.502020 0.121587
v 7.080405 -0.371817 0.109587
v 7.209169 -0.525941 0.001373
v 7.079622 -0.394773 0.001373
v 7.568220 -0.512247 0.001373
v 7.406663 -0.350981 0.001373
v 7.407630 -0.323674 -0.156240
v 7.568925 -0.483495 -0.187173
v 7.568925 -0.483495 0.189920
v 7.407630 -0.323673 0.158985
v 7.568220 -0.512247 0.001373
v 7.406663 -0.350981 0.001373
v 7.903398 -0.520830 0.001373
v 7.776296 -0.397103 0.001373
v 7.776814 -0.375877 -0.108502
v 7.903646 -0.498483 -0.125662
v 7.903646 -0.498483 0.128408
v 7.776814 -0.375877 0.111248
v 7.903398 -0.520830 0.001373
v 7.776296 -0.397103 0.001373
v 8.207490 -0.521366 0.001373
v 8.064240 -0.383037 0.001373
v 8.065042 -0.357758 -0.114663
v 8.208004 -0.495761 -0.127635
v 8.208004 -0.495761 0.130377
v 8.065042 -0.357758 0.117410
v 8.207490 -0.521366 0.001373
v 8.064240 -0.383037 0.001373
v -3.858180 -1.463966 -0.533850
v -3.872018 -1.216751 -0.340170
v -4.037535 -1.324845 -0.556740
v -3.535257 -0.382245 0.393990
v -3.323185 -0.648667 0.476033
v -3.461425 -0.383463 0.400710
v 7.906875 -0.229795 0.303923
v 8.008522 -0.317621 0.185000
v 7.999443 -0.233200 0.212172
v 7.905011 -0.384267 0.258495
v -4.423283 -1.778490 0.592370
v -4.304062 -1.449585 0.813810
v -4.500682 -1.524300 0.633083
v -4.144145 -1.836075 0.741980
v 8.214018 -0.183667 0.321326
v 8.325635 -0.287235 0.204800
v 8.315246 -0.182733 0.237450
v 8.210598 -0.361930 0.271632
v 7.706759 -0.252417 -0.207933
v 7.576950 -0.155134 -0.097110
v 7.576720 -0.164438 -0.102592
v -4.142640 0.659682 0.001372
v -4.046738 0.559428 0.154968
v -4.044345 0.657278 0.099670
v -3.461425 -0.383463 0.400710
v -3.269500 -0.172585 0.472189
v -3.535257 -0.382245 0.393990
v 7.696477 -0.143628 -0.207615
v 7.576950 -0.155134 -0.097110
v 7.706759 -0.252417 -0.207933
v 7.577243 -0.143115 -0.093997
v 7.572517 -0.336525 0.301430
v 7.737833 -0.331743 0.158985
v 7.706759 -0.252415 0.210680
v 7.568925 -0.483495 0.189920
v 8.214018 -0.183667 0.321326
v 8.315246 -0.182733 0.237450
v 8.216693 -0.046623 0.217099
v 7.216980 -0.206265 0.301088
v 7.316965 -0.306802 0.194490
v 7.308035 -0.211867 0.217673
v 7.212882 -0.373945 0.264533
v 7.577373 -0.137760 0.305400
v 7.706759 -0.252415 0.210680
v 7.696477 -0.143628 0.210360
v 7.572517 -0.336525 0.301430
v -4.311168 0.878130 0.001372
v -4.110520 0.805962 0.189022
v -4.182427 0.927225 0.139150
v -4.302443 1.004977 0.076987
v -4.362348 0.958875 0.001372
v -4.302443 1.004977 0.076987
v -4.489585 1.035565 0.001372
v -2.314960 -0.426082 0.700475
v -2.542732 -0.619545 0.533787
v -2.360085 -0.780520 0.654203
v -2.492423 -0.398215 0.555015
v -3.542715 -0.374380 0.794772
v -3.791227 -0.345210 0.604752
v -3.569463 -0.557205 0.629235
v 7.696477 -0.143628 -0.207615
v 7.581117 0.015340 -0.195705
v 7.577243 -0.143115 -0.093997
v 5.584085 -0.173947 0.568017
v 5.510085 -0.406075 0.703962
v 5.288442 -0.125830 0.753863
v 5.429080 -0.012925 0.589983
v 7.577373 -0.137760 0.305400
v 7.696477 -0.143628 0.210360
v 7.581117 0.015342 0.198450
v 6.865040 -0.154552 0.323059
v 6.984065 -0.258772 0.193400
v 6.974741 -0.159907 0.222555
v 6.860456 -0.335890 0.273920
v 7.216980 -0.206265 0.301088
v 7.308035 -0.211867 0.217673
v 7.220115 -0.078037 0.187905
v 6.865040 -0.154552 0.323059
v 6.974741 -0.159907 0.222555
v 6.868530 -0.014725 0.198120
v 4.676187 0.676523 0.460627
v 4.477250 0.855593 0.580492
v 4.471155 0.539813 0.624490
v 4.651977 0.534762 0.479995
v 5.030292 -0.448987 0.585365
v 4.789263 -0.601470 0.741980
v 4.801375 -0.183370 0.813810
v 5.012457 -0.187953 0.625015
v -2.869830 0.882994 0.001372
v -2.818594 0.767715 0.001372
v -2.736278 0.957157 0.154140
v -2.641264 0.858953 0.194500
v -0.858428 -1.970133 0.459848
v -0.771716 -1.785465 0.631430
v -1.014158 -1.660638 0.468323
v -3.522528 -0.189985 0.621843
v -3.791227 -0.345210 0.604752
v -3.542715 -0.374380 0.794772
v -2.934222 1.001925 0.001372
v -2.869830 0.882994 0.001372
v -2.833710 1.051737 0.113538
v -2.736278 0.957157 0.154140
v -0.627259 0.675357 0.568353
v -0.808781 0.805943 0.424260
v -0.791100 0.672275 0.442608
v -0.621717 0.962430 0.528352
v -2.279472 1.191893 0.001372
v -2.229015 1.221087 0.059640
v -2.368955 1.263281 0.001372
v -2.248470 1.125056 0.001372
v -2.229015 1.221087 0.059640
v -2.145160 1.149615 0.107545
v -2.092957 1.014093 0.145975
v -2.234028 0.982203 0.001372
v -1.522735 -1.088981 0.446262
v -1.376625 -1.372533 0.443565
v -1.289531 -1.141810 0.636458
v -1.200668 -1.370325 0.511482
v 5.097390 1.267972 0.090558
v 5.149582 1.132455 0.122842
v 5.200685 1.292538 0.001372
v 5.290632 1.164345 0.001372
v -1.817490 -1.893480 0.469245
v -1.420617 -2.170061 0.611303
v -1.542552 -1.927522 0.792960
v -1.626656 -2.190670 0.447143
v -1.184295 -1.978947 0.828597
v -1.420617 -2.170061 0.611303
v -1.541255 1.067385 0.001372
v -1.451400 0.958687 0.110055
v -1.454982 1.067362 0.073840
v -1.580257 0.961841 0.001372
v 5.178505 0.566865 0.110055
v 5.264865 0.825469 0.001372
v 5.178590 0.825495 0.073840
v 5.307360 0.563715 0.001372
v 5.149582 1.132455 0.122842
v 5.164567 0.890681 0.145578
v 5.290632 1.164345 0.001372
v 5.361877 0.887153 0.001372
v -0.552873 -1.384185 0.437142
v -0.492953 -1.187546 0.621282
v -0.752688 -1.097928 0.444068
v 5.012457 -0.187953 0.625015
v 4.809791 0.101333 0.568210
v 4.801375 -0.183370 0.813810
v -1.628712 1.192477 0.001372
v -1.469002 1.132557 0.145578
v -1.487655 1.224370 0.122842
v -1.639763 1.084114 0.001372
v -1.628712 1.192477 0.001372
v -1.539845 1.359890 0.090558
v -1.643152 1.335330 0.001372
v -2.314960 -0.426082 0.700475
v -2.284080 -0.184740 0.515805
v -2.492423 -0.398215 0.555015
v 4.289002 -0.262560 0.710840
v 4.435623 -0.432690 0.579110
v 4.424202 -0.265495 0.584715
v 4.281243 -0.530355 0.686540
v 4.007794 0.683655 0.391927
v 3.838980 0.835610 0.493638
v 3.833808 0.567650 0.530977
v 3.987247 0.563363 0.408363
v 3.833808 0.567650 0.530977
v 3.829730 0.357353 0.443617
v 0.009948 0.661100 0.530977
v -0.159488 0.782993 0.396475
v -0.142984 0.658227 0.413602
v 0.015124 0.929063 0.493642
v 4.424202 -0.265495 0.584715
v 4.294395 -0.080200 0.577800
v 4.289002 -0.262560 0.710840
v 3.971043 -0.431347 0.584483
v 3.769765 -0.558682 0.724545
v 3.779880 -0.209535 0.756225
v 3.956152 -0.213363 0.591790
v 3.382995 0.706185 0.419385
v 3.202145 0.868977 0.528352
v 3.196602 0.581903 0.568353
v 3.360982 0.577310 0.436995
v -2.982008 1.063365 0.001372
v -2.937018 1.105395 0.062928
v -3.091050 1.115600 0.001372
v -2.934222 1.001925 0.001372
v -2.937018 1.105395 0.062928
v -2.833710 1.051737 0.113538
v 3.956152 -0.213363 0.591790
v 3.786911 0.028215 0.575665
v 3.779880 -0.209535 0.756225
v -0.434607 -1.946437 0.642530
v -0.678195 -2.084910 0.495395
v -0.576318 -2.149950 0.540755
v -0.287502 -2.007732 0.574898
v -0.771716 -1.785465 0.631430
v -0.858428 -1.970133 0.459848
v -0.434607 -1.946437 0.642530
v -0.506678 -2.214195 0.461802
v -0.576318 -2.149950 0.540755
v -0.133605 -1.299600 0.628470
v -0.492953 -1.187546 0.621282
v -0.356625 -1.472730 0.484560
v -0.552873 -1.384185 0.437142
v -1.014953 -1.391958 -0.467550
v -1.014470 -1.204113 -0.336265
v -1.200668 -1.370325 -0.508732
v 0.647300 0.633267 0.624490
v 0.447623 0.776910 0.465985
v 0.467075 0.629880 0.486172
v 0.653392 0.949046 0.580492
v 3.225495 -0.187233 0.762768
v 3.426615 -0.420600 0.574665
v 3.410947 -0.191265 0.596898
v 3.214852 -0.554565 0.712260
v 4.288788 -0.269850 -0.450232
v 4.435417 -0.441247 -0.561783
v 4.424202 -0.265497 -0.570477
v 4.651977 0.534762 0.479995
v 4.471155 0.539813 0.624490
v 4.466348 0.291995 0.426814
v -0.627259 0.675357 0.568353
v -0.791100 0.672275 0.442608
v -0.631628 0.450065 0.440722
v 3.410947 -0.191265 0.596898
v 3.232890 0.062895 0.580503
v 3.225495 -0.187233 0.762768
v -1.674153 1.402166 0.001372
v -1.623698 1.431360 0.050317
v -1.763637 1.473550 0.001372
v -1.643152 1.335330 0.001372
v -1.623698 1.431360 0.050317
v -1.539845 1.359890 0.090558
v 2.764260 0.723248 0.460627
v 2.565322 0.902321 0.580492
v 2.559230 0.586538 0.624490
v 2.740046 0.581490 0.479995
v -0.971817 -1.218730 0.630215
v -1.289531 -1.141810 0.636458
v -1.200668 -1.370325 0.511482
v -1.014953 -1.391958 0.470303
v 4.288788 -0.269850 -0.450232
v 4.424202 -0.265497 -0.570477
v 4.294395 -0.080202 -0.563558
v 0.009948 0.661100 0.530977
v -0.142984 0.658227 0.413602
v 0.005872 0.450807 0.435370
v -0.723372 -1.803267 -0.289600
v -0.678195 -2.084910 -0.492645
v -0.688842 -1.808748 -0.297198
v -0.576318 -2.149950 -0.498052
v -0.858428 -1.970133 -0.457102
v 1.284672 0.628631 0.568353
v 1.103149 0.759218 0.424260
v 1.120830 0.625550 0.442608
v 1.290210 0.915701 0.528352
v -3.858180 -1.463966 0.574095
v -3.937264 -1.175771 0.753863
v -4.037535 -1.324845 0.596985
v -3.635119 -1.366448 0.703962
v 1.894107 -0.795393 0.828597
v 2.053557 -1.062750 0.619425
v 2.247585 -0.873150 0.792960
v 5.264865 0.825469 0.001372
v 5.164567 0.890681 0.145578
v 5.178590 0.825495 0.073840
v -0.187923 -1.569090 0.434918
v 0.169718 -1.371262 0.472242
v -0.133605 -1.299600 0.628470
v -0.356625 -1.472730 0.484560
v 3.360982 0.577310 0.436995
v 3.196602 0.581903 0.568353
v 3.192233 0.356607 0.434485
v 5.584085 -0.173952 -0.527771
v 5.336365 -0.186162 -0.340170
v 5.429080 -0.012927 -0.549739
v -1.231845 -0.887460 0.425787
v -1.289531 -1.141810 0.636458
v -1.110724 -0.974280 0.517070
v -1.522735 -1.088981 0.446262
v 2.095865 0.730385 0.391927
v 1.927055 0.882338 0.493642
v 1.921883 0.614375 0.530977
v 2.075322 0.610088 0.408363
v 1.921883 0.614375 0.530977
v 1.917803 0.404082 0.432415
v 0.647300 0.633267 0.624490
v 0.467075 0.629880 0.486172
v 0.642492 0.385445 0.435892
v 1.921883 0.614375 0.530977
v 1.752443 0.736268 0.396475
v 1.768945 0.611498 0.413602
v 1.927055 0.882338 0.493642
v -0.356625 -1.472730 -0.481810
v -0.379440 -1.191071 -0.343788
v -0.187923 -1.569090 -0.432168
v 2.740046 0.581490 0.479995
v 2.559230 0.586538 0.624490
v 2.554420 0.338715 0.423022
v 2.143902 -0.622260 0.611303
v 2.247585 -0.873150 0.792960
v 2.350905 -0.616935 0.493850
v 1.284672 0.628631 0.568353
v 1.120830 0.625550 0.442608
v 1.280303 0.403335 0.437752
v -0.552873 -1.384185 -0.434392
v -0.442180 -1.198354 -0.283218
v -0.356625 -1.472730 -0.481810
v 1.471065 0.752910 0.419385
v 1.290210 0.915701 0.528352
v 1.284672 0.628631 0.568353
v 1.449053 0.624035 0.436995
v 1.284672 0.628631 0.568353
v 1.280303 0.403335 0.437752
v 2.559230 0.586538 0.624490
v 2.359552 0.730185 0.465985
v 2.379007 0.583152 0.486172
v 2.565322 0.902321 0.580492
v 1.894107 -0.795393 0.828597
v 2.143902 -0.622260 0.611303
v 2.247585 -0.873150 0.792960
v 1.921883 0.614375 0.530977
v 1.768945 0.611498 0.413602
v 1.917803 0.404082 0.432415
v -0.492953 -1.187546 0.621282
v -0.211068 -1.028303 0.490995
v -0.427361 -0.986629 0.452648
v -0.133605 -1.299600 0.628470
v -0.752688 -1.097928 0.444068
v 0.852330 0.769977 0.460627
v 0.653392 0.949046 0.580492
v 0.647300 0.633267 0.624490
v 0.828117 0.628215 0.479995
v 3.225495 -0.187233 0.762768
v 3.232890 0.062895 0.580503
v 3.041032 -0.176500 0.603990
v 3.196602 0.581903 0.568353
v 3.015075 0.712485 0.424260
v 3.032760 0.578825 0.442608
v 3.202145 0.868977 0.528352
v 2.559230 0.586538 0.624490
v 2.379007 0.583152 0.486172
v 2.554420 0.338715 0.423022
v 3.225495 -0.187233 0.762768
v 3.011737 -0.408097 0.580820
v 3.214852 -0.554565 0.712260
v 3.041032 -0.176500 0.603990
v 5.267270 -0.423925 0.574095
v 5.288442 -0.125830 0.753863
v 5.144340 -0.233122 0.596985
v 5.510085 -0.406075 0.703962
v 0.828117 0.628215 0.479995
v 0.647300 0.633267 0.624490
v 0.642492 0.385445 0.435892
v -0.133605 -1.299600 0.628470
v 0.001655 -1.000050 0.439260
v -0.211068 -1.028303 0.490995
v 0.169718 -1.371262 0.472242
v 3.779880 -0.209535 0.756225
v 3.786911 0.028215 0.575665
v 3.604549 -0.199335 0.598819
v 3.196602 0.581903 0.568353
v 3.032760 0.578825 0.442608
v 3.192233 0.356607 0.434485
v -3.542715 -0.374380 0.794772
v -3.338778 -0.606633 0.605082
v -3.175173 -0.417060 0.742115
v -3.569463 -0.557205 0.629235
v -1.363060 -1.724100 0.619425
v -1.184295 -1.978947 0.828597
v -1.542552 -1.927522 0.792960
v -0.426792 -1.692185 0.501972
v -0.771716 -1.785465 0.631430
v -0.434607 -1.946437 0.642530
v -0.633348 -1.620607 0.460035
v 0.183934 0.777108 0.391927
v 0.015124 0.929063 0.493642
v 0.009948 0.661100 0.530977
v 0.163390 0.656813 0.408363
v 0.009948 0.661100 0.530977
v 0.005872 0.450807 0.435370
v -0.211068 -1.028303 -0.488250
v -0.379440 -1.191071 -0.343788
v -0.442180 -1.198354 -0.283218
v 3.833808 0.567650 0.530977
v 3.664372 0.689540 0.396475
v 3.680877 0.564773 0.413602
v 3.838980 0.835610 0.493638
v 3.779880 -0.209535 0.756225
v 3.576705 -0.419467 0.590750
v 3.769765 -0.558682 0.724545
v 3.604549 -0.199335 0.598819
v -1.110724 -0.974280 0.517070
v -0.971817 -1.218730 0.630215
v -0.930997 -1.039773 0.483765
v -0.738330 -1.267900 0.465690
v -1.289531 -1.141810 0.636458
v 4.289002 -0.262560 0.710840
v 4.294395 -0.080200 0.577800
v 4.154517 -0.254733 0.590108
v 3.833808 0.567650 0.530977
v 3.680877 0.564773 0.413602
v 3.829730 0.357353 0.443617
v 4.801375 -0.183370 0.813810
v 4.809791 0.101333 0.568210
v 4.591417 -0.171153 0.633083
v 4.289002 -0.262560 0.710840
v 4.133164 -0.423577 0.583913
v 4.281243 -0.530355 0.686540
v 4.154517 -0.254733 0.590108
v -1.539845 1.359890 0.090558
v -1.487655 1.224370 0.122842
v -1.436553 1.384451 0.001372
v -1.346607 1.256258 0.001372
v -2.736278 0.957157 0.154140
v -2.641264 0.858953 0.194500
v -2.571723 1.038323 0.001372
v -2.437639 0.910110 0.001372
v -0.440865 0.799638 0.419385
v -0.621717 0.962430 0.528352
v -0.627259 0.675357 0.568353
v -0.462874 0.670763 0.436995
v -0.627259 0.675357 0.568353
v -0.631628 0.450065 0.440722
v 4.471155 0.539813 0.624490
v 4.271478 0.683457 0.465985
v 4.290933 0.536427 0.486172
v 4.477250 0.855593 0.580492
v -1.346607 1.256258 0.001372
v -1.487655 1.224370 0.122842
v -1.469002 1.132557 0.145578
v -1.271693 1.129027 0.001372
v 4.471155 0.539813 0.624490
v 4.290933 0.536427 0.486172
v 4.466348 0.291995 0.426814
v 4.801375 -0.183370 0.813810
v 4.558077 -0.434760 0.592370
v 4.789263 -0.601470 0.741980
v 4.591417 -0.171153 0.633083
v -1.451400 0.958687 0.110055
v -1.368710 1.067340 0.001372
v -1.454982 1.067362 0.073840
v -1.322547 0.955542 0.001372
v -0.434607 -1.946437 0.642530
v -0.317112 -1.697985 0.478485
v -0.426792 -1.692185 0.501972
v -0.287502 -2.007732 0.574898
v -0.426792 -1.692180 -0.499225
v -0.688842 -1.808748 -0.297198
v -0.723372 -1.803267 -0.289600
v -0.633348 -1.620607 -0.457285
v -0.426792 -1.692180 -0.499225
v -2.145160 1.149615 0.107545
v -2.092957 1.014093 0.145975
v -2.041857 1.174178 0.001372
v -1.951925 1.045987 0.001372
v -0.930997 -1.039773 -0.481015
v -1.014470 -1.204113 -0.336265
v -1.110724 -0.974280 -0.514320
v -0.427361 -0.986630 -0.449898
v -0.442180 -1.198354 -0.283218
v -0.211068 -1.028303 -0.488250
v 4.154517 -0.254735 -0.575865
v 4.288788 -0.269850 -0.450232
v 4.294395 -0.080202 -0.563558
v -1.951925 1.045987 0.001372
v -2.092957 1.014093 0.145975
v -2.074308 0.922282 0.173047
v -1.877010 0.918754 0.001372
v -3.290180 -0.194425 0.598665
v -3.175173 -0.417060 0.742115
v -3.542715 -0.374380 0.794772
v -3.522528 -0.189985 0.621843
v -2.360085 -0.780520 0.654203
v -2.314960 -0.426082 0.700475
v -2.142469 -0.670957 0.528150
v -2.135885 -0.447558 0.548520
v 5.092317 0.825518 0.001372
v 5.178505 0.566865 0.110055
v 5.178590 0.825495 0.073840
v 5.049653 0.570012 0.001372
v -4.182427 0.927225 0.139150
v -4.110520 0.805962 0.189022
v -4.053690 0.976320 0.001372
v -3.944460 0.893412 0.001372
v 5.008540 1.100561 0.001372
v 5.164567 0.890681 0.145578
v 5.149582 1.132455 0.122842
v 4.993785 0.842247 0.001372
v 5.008540 1.100561 0.001372
v 5.097390 1.267972 0.090558
v 4.994100 1.243410 0.001372
v 4.132953 -0.432132 -0.566590
v 4.288788 -0.269850 -0.450232
v 4.154517 -0.254735 -0.575865
v -2.574728 0.738818 0.133533
v -2.503300 0.851010 0.001372
v -2.595337 0.830250 0.095733
v -2.445802 0.767895 0.001372
v -2.135885 -0.447558 0.548520
v -2.284080 -0.184740 0.515805
v -2.314960 -0.426082 0.700475
v -1.368710 1.067340 0.001372
v -1.469002 1.132557 0.145578
v -1.454982 1.067362 0.073840
v 4.963099 1.310250 0.001372
v 5.013520 1.339447 0.050317
v 4.873612 1.381635 0.001372
v 4.994100 1.243410 0.001372
v 5.013520 1.339447 0.050317
v 5.097390 1.267972 0.090558
v -2.056725 0.748413 0.130755
v -1.974023 0.857067 0.001372
v -2.060295 0.857090 0.087645
v 6.755172 -0.154375 0.222555
v 6.865040 -0.154552 0.323059
v 6.868530 -0.014725 0.198120
v -3.842141 -1.022553 -0.549738
v -3.929062 -1.180965 -0.328687
v -3.872018 -1.216751 -0.340170
v 5.294467 -0.133463 -0.328687
v 5.144340 -0.233123 -0.556740
v 5.336365 -0.186162 -0.340170
v 5.267270 -0.423927 -0.533850
v 7.125760 -0.207412 0.217673
v 7.216980 -0.206265 0.301088
v 7.220115 -0.078037 0.187905
v 6.860456 -0.335890 0.273920
v 6.740880 -0.252645 0.193400
v 6.865040 -0.154552 0.323059
v 6.755172 -0.154375 0.222555
v -3.944460 0.893412 0.001372
v -4.110520 0.805962 0.189022
v -4.065225 0.705530 0.224515
v -3.841173 0.706905 0.001372
v 7.577373 -0.137760 0.305400
v 7.442538 -0.245958 0.210680
v 7.572517 -0.336525 0.301430
v 7.458123 -0.137805 0.210360
v 7.577373 -0.137760 0.305400
v 7.581117 0.015342 0.198450
v 7.216980 -0.206265 0.301088
v 7.112201 -0.301795 0.194490
v 7.212882 -0.373945 0.264533
v 7.125760 -0.207412 0.217673
v 7.572517 -0.336525 0.301430
v 7.407630 -0.323673 0.158985
v 7.568925 -0.483495 0.189920
v 7.442538 -0.245958 0.210680
v 8.112465 -0.180907 0.233705
v 8.214018 -0.183667 0.321326
v 8.216693 -0.046623 0.217099
v -4.044345 0.657278 0.099670
v -4.046738 0.559428 0.154968
v -3.893220 0.555675 0.001372
v 7.577243 -0.143115 -0.093997
v 7.581117 0.015340 -0.195705
v 7.458123 -0.137805 -0.207615
v 8.214018 -0.183667 0.321326
v 8.098305 -0.282967 0.201668
v 8.210598 -0.361930 0.271632
v 8.112465 -0.180907 0.233705
v 7.906875 -0.229795 0.303923
v 7.803170 -0.315161 0.185000
v 7.905011 -0.384267 0.258495
v 7.814232 -0.230981 0.212172
v 7.458123 -0.137805 -0.207615
v 7.576950 -0.155134 -0.097110
v 7.577243 -0.143115 -0.093997
v 7.442538 -0.245960 -0.207933
v 7.576720 -0.164438 -0.102592
v 7.442538 -0.245960 -0.207933
v 7.576950 -0.155134 -0.097110
v -3.986565 -1.598355 -0.585750
v -4.269413 -1.532853 -0.369630
v -4.109583 -1.367442 -0.611055
v -3.986565 -1.598355 0.585365
v -4.144145 -1.836075 0.741980
v -4.304062 -1.449585 0.813810
v -4.109583 -1.367440 0.625017
v -3.635119 -1.366448 0.703962
v -3.642447 -1.122927 0.568017
v -3.937264 -1.175771 0.753863
v -3.842141 -1.022553 0.589985
v -4.535317 0.631643 0.587542
v -4.593558 -1.751448 -0.584797
v -4.593558 -1.751448 0.587543
v -4.535317 0.631642 -0.584798
v -3.193267 0.526250 0.522333
v -3.109658 0.093337 -0.519589
v -3.109658 0.093338 0.522335
v -3.193267 0.526248 -0.519590
v -2.907627 -0.311947 0.489608
v -2.907627 -0.311948 -0.486862
v -2.750340 -0.621945 0.489608
v -2.970738 -0.004257 -0.486863
v -2.970738 -0.004255 0.489607
v -2.750340 -0.621945 -0.486862
v -1.306730 -0.626740 0.497390
v -1.306730 -0.626742 -0.494643
v -1.189722 -0.862615 0.497390
v -1.189722 -0.862616 -0.494643
v -1.105332 -0.496560 0.456105
v -1.189950 -0.818910 -0.453360
v -1.189950 -0.818910 0.456105
v -1.105332 -0.496560 -0.453360
v -1.201627 -1.143042 -0.453360
v -1.201627 -1.143042 0.456105
v -1.463370 -1.461063 -0.453360
v -1.463370 -1.461063 0.456105
v -1.555372 -1.783234 -0.453360
v -1.555372 -1.783234 0.456105
v -1.498803 -1.950176 -0.453360
v -1.498803 -1.950176 0.456105
v -1.626188 -2.217566 0.456105
v -1.626188 -2.217566 -0.453360
v -1.615785 -2.441112 0.456105
v -1.615785 -2.441112 -0.453360
v 2.603103 0.264222 0.543289
v 2.595202 -0.059130 -0.537634
v 2.603103 0.264220 -0.537634
v 2.595202 -0.059130 0.543289
v 0.334755 -0.876600 0.497390
v 0.334755 -0.876600 -0.494643
v 0.539033 -1.116203 0.497390
v 0.539033 -1.116203 -0.494643
v 0.546565 -1.325235 0.497390
v 0.546565 -1.325235 -0.494643
v 4.958902 0.617190 -0.395528
v 4.953952 0.414682 -0.395528
v 4.958902 0.617190 0.401182
v 4.953952 0.414683 0.401183
v 3.767742 0.443673 -0.395528
v 3.772690 0.646180 -0.395528
v 3.767742 0.443675 0.401183
v 3.772690 0.646182 0.401182
v 2.326747 0.478890 -0.395528
v 2.331697 0.681397 -0.395528
v 2.326747 0.478890 0.401183
v 2.331697 0.681398 0.401182
v 2.598567 0.078513 -0.395527
v 2.598567 0.078515 0.401183
v 2.603103 0.264222 0.401183
v 2.603103 0.264220 -0.395528
v -4.535317 0.631643 0.587542
v -4.535317 0.631642 -0.584798
v -3.749028 0.612425 0.587542
v -3.749028 0.612423 -0.584798
v -3.519522 0.516258 -0.584798
v -3.519522 0.516260 0.587542
v -3.193267 0.526250 0.522333
v -3.193267 0.526248 -0.519590
v -3.003697 0.574965 -0.519590
v -3.003697 0.574965 0.522333
v -2.810940 0.752407 -0.519590
v -2.810940 0.752407 0.522333
v -2.410170 0.836813 0.522333
v -2.410170 0.836812 -0.519590
v -1.956822 0.825735 0.522333
v -1.956822 0.825735 -0.519590
v -1.577943 0.910672 -0.519590
v -1.577943 0.910672 0.522333
v 5.539883 0.298680 -0.537634
v 5.539883 0.298680 0.543288
v 2.699550 0.368095 -0.537634
v 2.489802 0.373222 -0.537634
v -1.533499 0.471548 0.543288
v -1.533499 0.471547 -0.537635
v 5.346417 0.683745 -0.395528
v -1.523755 0.851647 -0.395528
v 5.346417 0.683745 0.401182
v -1.523755 0.851648 0.401182
v 0.069191 0.002603 0.543289
v 0.069191 0.002602 -0.537634
v 2.291018 -0.051697 0.543289
v 2.595202 -0.059130 -0.537634
v 2.500767 -0.056823 0.543289
v 2.595202 -0.059130 0.543289
v 2.348290 -0.137885 -0.494644
v -1.545615 -0.042720 -0.494644
v 2.348290 -0.137883 0.497389
v -1.545615 -0.042720 0.497389
v 4.100531 0.435540 0.401183
v 4.100531 0.435540 -0.395528
v 4.953952 0.414682 -0.395528
v 4.953952 0.414683 0.401183
v 2.914317 0.464532 0.401183
v 2.914317 0.464530 -0.395528
v 3.767742 0.443673 -0.395528
v 3.767742 0.443675 0.401183
v -0.436615 0.546428 0.401183
v -0.436615 0.546427 -0.395528
v 2.326747 0.478890 -0.395528
v 2.326747 0.478890 0.401183
v -4.535317 0.631642 -0.584798
v -3.783131 -1.220407 -0.584797
v -4.593558 -1.751448 -0.584797
v -3.885715 -1.493325 -0.584797
v -4.252940 -1.759770 -0.584797
v -3.533890 -0.951080 -0.584797
v -3.365955 -0.381695 -0.584798
v -3.313290 -0.681045 -0.584797
v -3.433305 0.216085 -0.584798
v -3.261240 -0.086187 -0.584798
v -3.749028 0.612423 -0.584798
v -3.519522 0.516258 -0.584798
v 2.699550 0.368095 -0.537634
v 3.212700 -0.464963 -0.537633
v 2.595202 -0.059130 -0.537634
v 2.682533 -0.328355 -0.537633
v 2.476233 -0.182010 -0.537634
v 3.748912 -0.354413 -0.537633
v 2.603103 0.264220 -0.537634
v 0.069191 0.002602 -0.537634
v -1.547065 -0.083682 -0.537634
v -1.533499 0.471547 -0.537635
v 0.077092 0.325953 -0.537634
v 2.489802 0.373222 -0.537634
v 2.298918 0.271653 -0.537634
v 2.508670 0.266527 -0.537634
v 5.539883 0.298680 -0.537634
v 4.280140 -0.447770 -0.537633
v 4.815292 -0.380475 -0.537633
v 5.528940 -0.149097 -0.537634
v 5.523115 -0.387470 -0.537633
v -3.003697 0.574965 -0.519590
v -3.109658 0.093337 -0.519589
v -3.193267 0.526248 -0.519590
v -2.381662 0.075547 -0.519589
v -2.810940 0.752407 -0.519590
v -2.410170 0.836812 -0.519590
v -1.956822 0.825735 -0.519590
v -1.975395 0.065617 -0.519589
v -1.598820 0.056415 -0.519589
v -1.577943 0.910672 -0.519590
v -1.545615 -0.042720 -0.494644
v -1.306730 -0.626742 -0.494643
v -1.557435 -0.526418 -0.494643
v -0.129765 -0.912915 -0.494643
v -1.189722 -0.862616 -0.494643
v 0.040822 -0.878163 -0.494643
v 0.334755 -0.876600 -0.494643
v 2.348290 -0.137885 -0.494644
v 2.337623 -0.574512 -0.494643
v 2.178063 -0.711908 -0.494643
v 1.739231 -1.143772 -0.494643
v 2.216892 -0.967743 -0.494643
v 2.133430 -1.220587 -0.494643
v 1.196617 -1.283723 -0.494643
v 0.943789 -1.278334 -0.494643
v 0.539033 -1.116203 -0.494643
v 0.546565 -1.325235 -0.494643
v -2.907627 -0.311948 -0.486862
v -2.397432 -0.569745 -0.486862
v -2.750340 -0.621945 -0.486862
v -2.383965 -0.018597 -0.486863
v -2.970738 -0.004257 -0.486863
v -2.195945 -0.641145 -0.486862
v -1.977697 -0.028523 -0.486863
v -1.932507 -0.708908 -0.486862
v -1.616077 -0.649665 -0.486862
v -1.601122 -0.037730 -0.486863
v -1.189950 -0.818910 -0.453360
v -0.060957 -0.770715 -0.453360
v -0.058335 -1.212672 -0.453360
v -1.105332 -0.496560 -0.453360
v -1.201627 -1.143042 -0.453360
v -0.234574 -1.594605 -0.453360
v -0.407838 -1.735493 -0.453360
v -1.463370 -1.461063 -0.453360
v -0.490053 -2.057899 -0.453360
v -1.555372 -1.783234 -0.453360
v -1.498803 -1.950176 -0.453360
v -0.490062 -2.382318 -0.453360
v -1.626188 -2.217566 -0.453360
v -0.464029 -2.521013 -0.453360
v -0.601991 -2.716200 -0.453360
v -1.615785 -2.441112 -0.453360
v 3.772690 0.646180 -0.395528
v 4.100531 0.435540 -0.395528
v 3.767742 0.443673 -0.395528
v 2.598567 0.078513 -0.395527
v 2.914317 0.464530 -0.395528
v 5.329992 0.011755 -0.395527
v 2.603103 0.264220 -0.395528
v 4.953952 0.414682 -0.395528
v 2.919266 0.667038 -0.395528
v 5.346417 0.683745 -0.395528
v 4.105482 0.638047 -0.395528
v 4.958902 0.617190 -0.395528
v 2.331697 0.681397 -0.395528
v -1.523755 0.851647 -0.395528
v 2.326747 0.478890 -0.395528
v -0.431670 0.748935 -0.395528
v 0.077092 0.325953 -0.395528
v -0.436615 0.546427 -0.395528
v -1.540182 0.179662 -0.395527
v 0.072555 0.140245 -0.395527
v -2.970738 -0.004257 -0.486863
v -2.381662 0.075547 -0.519589
v -2.383965 -0.018597 -0.486863
v -3.109658 0.093337 -0.519589
v -1.975395 0.065617 -0.519589
v -1.977697 -0.028523 -0.486863
v -1.598820 0.056415 -0.519589
v -1.601122 -0.037730 -0.486863
v 5.346417 0.683745 0.401182
v 5.329992 0.011757 0.401183
v 5.346417 0.683745 -0.395528
v 5.329992 0.011755 -0.395527
v -3.885715 -1.493325 0.587543
v -3.519522 0.516258 -0.584798
v -3.885715 -1.493325 -0.584797
v -3.519522 0.516260 0.587542
v -3.783131 -1.220407 0.587543
v -3.433305 0.216087 0.587542
v -3.783131 -1.220407 -0.584797
v -3.433305 0.216085 -0.584798
v -3.533890 -0.951079 0.587543
v -3.261240 -0.086185 0.587542
v -3.533890 -0.951080 -0.584797
v -3.261240 -0.086187 -0.584798
v -3.313290 -0.681045 0.587543
v -3.365955 -0.381698 0.587542
v -3.313290 -0.681045 -0.584797
v -3.365955 -0.381695 -0.584798
v 2.348290 -0.137885 -0.494644
v 2.348290 -0.137883 0.497389
v 2.337623 -0.574510 0.497390
v 2.337623 -0.574512 -0.494643
v 2.133430 -1.220587 0.497390
v 2.133430 -1.220587 -0.494643
v 2.216892 -0.967743 0.497390
v 2.216892 -0.967743 -0.494643
v 2.178063 -0.711907 0.497390
v 2.178063 -0.711908 -0.494643
v 5.523115 -0.387468 0.543289
v 5.523115 -0.387470 -0.537633
v 5.528940 -0.149097 -0.537634
v 5.528940 -0.149095 0.543289
v 5.539883 0.298680 -0.537634
v 5.539883 0.298680 0.543288
v 0.077092 0.325953 -0.537634
v 0.077092 0.325955 0.543288
v 0.069191 0.002603 0.543289
v 0.069191 0.002602 -0.537634
v 4.105482 0.638047 -0.395528
v 4.105482 0.638048 0.401182
v 4.100531 0.435540 0.401183
v 4.100531 0.435540 -0.395528
v 2.914317 0.464532 0.401183
v 2.914317 0.464530 -0.395528
v 2.919266 0.667040 0.401182
v 2.919266 0.667038 -0.395528
v -0.436615 0.546428 0.401183
v -0.436615 0.546427 -0.395528
v -0.431670 0.748935 0.401182
v -0.431670 0.748935 -0.395528
v -0.060957 -0.770715 -0.453360
v -0.060957 -0.770715 0.456105
v -0.058335 -1.212672 0.456105
v -0.058335 -1.212672 -0.453360
v -0.234574 -1.594605 0.456105
v -0.234574 -1.594605 -0.453360
v -0.407838 -1.735493 0.456105
v -0.407838 -1.735493 -0.453360
v -0.490053 -2.057899 0.456105
v -0.490053 -2.057899 -0.453360
v -0.490062 -2.382318 0.456105
v -0.490062 -2.382318 -0.453360
v -0.464029 -2.521013 -0.453360
v -0.464029 -2.521013 0.456105
v -0.601991 -2.716200 -0.453360
v -0.601991 -2.716200 0.456105
v 0.077092 0.325955 0.401183
v 0.077092 0.325953 -0.395528
v 0.072555 0.140247 0.401183
v 0.072555 0.140245 -0.395527
v -4.593558 -1.751448 -0.584797
v -4.593558 -1.751448 0.587543
v -4.252940 -1.759770 -0.584797
v -4.252940 -1.759770 0.587543
v -3.885715 -1.493325 0.587543
v -3.885715 -1.493325 -0.584797
v -0.601991 -2.716200 0.456105
v -1.615785 -2.441112 0.456105
v -0.601991 -2.716200 -0.453360
v -1.615785 -2.441112 -0.453360
v 5.523115 -0.387468 0.543289
v 4.815292 -0.380475 0.543289
v 4.815292 -0.380475 -0.537633
v 4.280140 -0.447770 -0.537633
v 5.523115 -0.387470 -0.537633
v 4.280140 -0.447768 0.543290
v 3.748912 -0.354413 -0.537633
v 3.748912 -0.354412 0.543289
v 3.212700 -0.464963 -0.537633
v 3.212700 -0.464962 0.543290
v 2.682533 -0.328355 -0.537633
v 2.682533 -0.328353 0.543289
v 2.476233 -0.182010 -0.537634
v 2.476233 -0.182010 0.543289
v -1.547065 -0.083680 0.543289
v -1.547065 -0.083682 -0.537634
v 2.178063 -0.711907 0.497390
v 2.178063 -0.711908 -0.494643
v 2.337623 -0.574510 0.497390
v 2.337623 -0.574512 -0.494643
v -3.109658 0.093338 0.522335
v -2.970738 -0.004257 -0.486863
v -2.970738 -0.004255 0.489607
v -3.109658 0.093337 -0.519589
v -2.750340 -0.621945 0.489608
v -2.750340 -0.621945 -0.486862
v -2.397432 -0.569745 -0.486862
v -2.397432 -0.569745 0.489608
v -2.195945 -0.641145 -0.486862
v -2.195945 -0.641145 0.489608
v -1.932507 -0.708908 -0.486862
v -1.932507 -0.708907 0.489608
v -1.616077 -0.649665 0.489608
v -1.616077 -0.649665 -0.486862
v -1.306730 -0.626740 0.497390
v -1.306730 -0.626742 -0.494643
v -1.557435 -0.526418 -0.494643
v -1.557435 -0.526417 0.497390
v 0.546565 -1.325235 0.497390
v 0.943789 -1.278334 -0.494643
v 0.943789 -1.278334 0.497390
v 0.546565 -1.325235 -0.494643
v 1.196617 -1.283723 -0.494643
v 1.196617 -1.283723 0.497390
v 1.739231 -1.143772 -0.494643
v 1.739231 -1.143772 0.497390
v 2.133430 -1.220587 -0.494643
v 2.133430 -1.220587 0.497390
v 0.334755 -0.876600 -0.494643
v 0.334755 -0.876600 0.497390
v 0.040822 -0.878163 0.497390
v 0.040822 -0.878163 -0.494643
v -0.129765 -0.912915 0.497390
v -0.129765 -0.912915 -0.494643
v -1.189722 -0.862615 0.497390
v -1.189722 -0.862616 -0.494643
v 0.077092 0.325953 -0.537634
v 0.077092 0.325955 0.543288
v 2.298918 0.271653 -0.537634
v 2.603103 0.264222 0.543289
v 2.508670 0.266527 -0.537634
v 2.603103 0.264220 -0.537634
v 4.105482 0.638047 -0.395528
v 4.105482 0.638048 0.401182
v 4.958902 0.617190 -0.395528
v 4.958902 0.617190 0.401182
v 2.919266 0.667040 0.401182
v 2.919266 0.667038 -0.395528
v 3.772690 0.646180 -0.395528
v 3.772690 0.646182 0.401182
v -0.431670 0.748935 0.401182
v -0.431670 0.748935 -0.395528
v 2.331697 0.681397 -0.395528
v 2.331697 0.681398 0.401182
v -0.234574 -1.594605 0.456105
v -0.234574 -1.594605 -0.453360
v -0.407838 -1.735493 0.456105
v -0.407838 -1.735493 -0.453360
v 2.598567 0.078513 -0.395527
v 5.329992 0.011755 -0.395527
v 2.598567 0.078515 0.401183
v 5.329992 0.011757 0.401183
v 2.603103 0.264222 0.401183
v 2.603103 0.264220 -0.395528
v 0.077092 0.325955 0.401183
v 0.077092 0.325953 -0.395528
v 0.072555 0.140247 0.401183
v 0.072555 0.140245 -0.395527
v -1.540182 0.179663 0.401183
v -1.540182 0.179662 -0.395527
v -4.535317 0.631643 0.587542
v -3.433305 0.216087 0.587542
v -3.749028 0.612425 0.587542
v -3.519522 0.516260 0.587542
v -3.365955 -0.381698 0.587542
v -3.261240 -0.086185 0.587542
v -3.533890 -0.951079 0.587543
v -3.313290 -0.681045 0.587543
v -3.783131 -1.220407 0.587543
v -4.593558 -1.751448 0.587543
v -3.885715 -1.493325 0.587543
v -4.252940 -1.759770 0.587543
v -1.547065 -0.083680 0.543289
v 2.476233 -0.182010 0.543289
v 0.069191 0.002603 0.543289
v -1.533499 0.471548 0.543288
v 2.291018 -0.051697 0.543289
v 0.077092 0.325955 0.543288
v 2.500767 -0.056823 0.543289
v 2.682533 -0.328353 0.543289
v 2.595202 -0.059130 0.543289
v 3.212700 -0.464962 0.543290
v 2.603103 0.264222 0.543289
v 3.748912 -0.354412 0.543289
v 5.539883 0.298680 0.543288
v 4.280140 -0.447768 0.543290
v 4.815292 -0.380475 0.543289
v 5.528940 -0.149095 0.543289
v 5.523115 -0.387468 0.543289
v -1.598820 0.056415 0.522335
v -1.577943 0.910672 0.522333
v -1.956822 0.825735 0.522333
v -1.975395 0.065618 0.522335
v -2.381662 0.075548 0.522335
v -2.410170 0.836813 0.522333
v -2.810940 0.752407 0.522333
v -3.003697 0.574965 0.522333
v -3.109658 0.093338 0.522335
v -3.193267 0.526250 0.522333
v 0.334755 -0.876600 0.497390
v 2.348290 -0.137883 0.497389
v -1.545615 -0.042720 0.497389
v 2.178063 -0.711907 0.497390
v 2.337623 -0.574510 0.497390
v 1.739231 -1.143772 0.497390
v 2.216892 -0.967743 0.497390
v 2.133430 -1.220587 0.497390
v 1.196617 -1.283723 0.497390
v 0.943789 -1.278334 0.497390
v 0.539033 -1.116203 0.497390
v 0.546565 -1.325235 0.497390
v 0.040822 -0.878163 0.497390
v -0.129765 -0.912915 0.497390
v -1.306730 -0.626740 0.497390
v -1.557435 -0.526417 0.497390
v -1.189722 -0.862615 0.497390
v -2.383965 -0.018595 0.489607
v -2.195945 -0.641145 0.489608
v -1.977697 -0.028522 0.489607
v -1.932507 -0.708907 0.489608
v -1.616077 -0.649665 0.489608
v -1.601122 -0.037728 0.489607
v -2.397432 -0.569745 0.489608
v -2.907627 -0.311947 0.489608
v -2.750340 -0.621945 0.489608
v -2.970738 -0.004255 0.489607
v -1.189950 -0.818910 0.456105
v -0.060957 -0.770715 0.456105
v -1.105332 -0.496560 0.456105
v -0.058335 -1.212672 0.456105
v -1.201627 -1.143042 0.456105
v -0.234574 -1.594605 0.456105
v -0.407838 -1.735493 0.456105
v -1.463370 -1.461063 0.456105
v -0.490053 -2.057899 0.456105
v -1.555372 -1.783234 0.456105
v -1.498803 -1.950176 0.456105
v -0.490062 -2.382318 0.456105
v -1.626188 -2.217566 0.456105
v -0.464029 -2.521013 0.456105
v -0.601991 -2.716200 0.456105
v -1.615785 -2.441112 0.456105
v 2.598567 0.078515 0.401183
v 2.914317 0.464532 0.401183
v 2.603103 0.264222 0.401183
v 2.326747 0.478890 0.401183
v 0.077092 0.325955 0.401183
v 3.767742 0.443675 0.401183
v -0.436615 0.546428 0.401183
v 0.072555 0.140247 0.401183
v -1.540182 0.179663 0.401183
v -1.523755 0.851648 0.401182
v -0.431670 0.748935 0.401182
v 2.331697 0.681398 0.401182
v 2.919266 0.667040 0.401182
v 5.346417 0.683745 0.401182
v 3.772690 0.646182 0.401182
v 4.105482 0.638048 0.401182
v 4.958902 0.617190 0.401182
v 4.953952 0.414683 0.401183
v 4.100531 0.435540 0.401183
v 5.329992 0.011757 0.401183
v -2.970738 -0.004255 0.489607
v -2.381662 0.075548 0.522335
v -3.109658 0.093338 0.522335
v -2.383965 -0.018595 0.489607
v -1.977697 -0.028522 0.489607
v -1.975395 0.065618 0.522335
v -1.601122 -0.037728 0.489607
v -1.598820 0.056415 0.522335
v -4.991179 0.742658 0.758407
v -4.902653 -0.139917 -0.676489
v -4.902653 -0.139915 0.679233
v -4.991179 0.742660 -0.755663
v -4.924160 -1.019794 -0.676488
v -4.924160 -1.019793 0.679235
v -5.055690 -1.896986 -0.755662
v -5.055690 -1.896986 0.758408
v -1.663485 1.008303 0.506088
v -1.686840 0.052600 -0.648290
v -1.686840 0.052602 0.651034
v -1.665690 0.918098 0.651033
v -1.663485 1.008303 -0.503345
v -1.665690 0.918097 -0.648290
v -1.689229 -0.045100 0.600655
v -1.689229 -0.045102 -0.597912
v -1.706105 -0.735605 -0.427360
v -1.703940 -0.647108 -0.597910
v -1.706105 -0.735603 0.430107
v -1.703940 -0.647107 0.600657
v 0.349369 -0.711270 0.535613
v 0.349369 -0.711270 -0.532867
v 0.257160 -0.493500 -0.532867
v 0.257160 -0.493503 0.535613
v 3.013834 0.266065 -0.566082
v 2.888130 0.081200 0.568827
v 3.013834 0.266067 0.568827
v 2.888130 0.081198 -0.566082
v 3.004654 -0.109585 0.568827
v 3.004654 -0.109587 -0.566082
v 2.888130 0.081198 -0.566082
v 2.888130 0.081200 0.568827
v -0.027337 0.371442 0.472375
v -0.027337 0.371440 -0.469632
v -0.037255 -0.034443 0.472377
v -0.037255 -0.034445 -0.469632
v -0.805658 0.797902 0.340807
v -0.805658 0.797902 -0.338063
v -0.812538 0.516353 0.340807
v -0.812538 0.516353 -0.338063
v 0.359895 -0.280503 0.535613
v 0.359895 -0.280505 -0.532867
v 0.257160 -0.493503 0.535613
v 0.257160 -0.493500 -0.532867
v 5.241435 0.245138 0.126922
v 5.235590 0.005993 0.103077
v 5.238056 0.106865 0.178365
v 5.235590 0.005992 -0.100331
v 5.247277 0.484285 0.103075
v 5.244813 0.383415 0.178365
v 5.248005 0.513983 0.001372
v 5.241435 0.245137 -0.124178
v 5.238056 0.106863 -0.175620
v 5.247277 0.484285 -0.100332
v 5.244813 0.383415 -0.175620
v 8.443208 -0.349545 0.191292
v 8.443208 -0.349545 -0.188545
v 8.441283 -0.428190 0.001373
v 8.452490 0.030180 0.191292
v 8.447845 -0.159682 0.269960
v 8.452490 0.030180 -0.188545
v 8.447845 -0.159683 -0.267213
v 8.454408 0.108825 0.001372
v 9.431313 -0.319474 -0.134343
v 8.563410 -0.298263 -0.134343
v 9.429937 -0.375675 0.001373
v 8.563410 -0.298263 0.137090
v 9.431313 -0.319474 0.137090
v 8.562037 -0.354462 0.001373
v 8.489190 0.046248 0.001372
v 6.379605 0.037195 -0.144915
v 6.381083 0.097773 0.001372
v 8.487713 -0.014325 -0.144915
v 8.487713 -0.014325 0.147660
v 6.379605 0.037197 0.147660
v -1.663485 1.008303 -0.503345
v -1.663485 1.008303 0.506088
v -1.283738 0.999023 0.506088
v -1.283738 0.999022 -0.503345
v -1.285942 0.908817 0.651033
v -1.665690 0.918097 -0.648290
v -1.665690 0.918098 0.651033
v -1.285942 0.908815 -0.648290
v -4.991179 0.742660 -0.755663
v -4.991179 0.742658 0.758407
v -4.468848 0.729893 0.758407
v -4.468848 0.729892 -0.755663
v 5.247277 0.484285 0.103075
v 6.399409 0.456127 0.103075
v 6.400133 0.485824 0.001372
v 5.248005 0.513983 0.001372
v 6.399409 0.456127 -0.100332
v 5.247277 0.484285 -0.100332
v 3.013834 0.266065 -0.566082
v 3.013834 0.266067 0.568827
v 5.033160 0.216715 -0.566082
v 5.033160 0.216717 0.568827
v -2.724177 0.322762 0.001372
v -3.630424 0.296013 -0.392625
v -3.629230 0.344880 0.001372
v -2.725368 0.273900 -0.392625
v -2.725368 0.273900 0.395370
v -3.630424 0.296015 0.395370
v 6.465980 0.074963 0.187526
v 5.218493 0.182580 0.001372
v 5.216610 0.105500 0.187525
v 6.467862 0.152048 0.001372
v 5.216610 0.105498 -0.184782
v 6.465980 0.074962 -0.184782
v -0.027337 0.371442 0.472375
v -0.027337 0.371440 -0.469632
v 2.699705 0.304795 -0.469632
v 2.699705 0.304797 0.472375
v -0.805658 0.797902 0.340807
v -0.805658 0.797902 -0.338063
v 4.974851 0.656632 -0.338063
v 4.974851 0.656632 0.340807
v 8.452490 0.030180 -0.188545
v 9.439267 0.006063 -0.188545
v 8.454408 0.108825 0.001372
v 9.441191 0.084708 0.001372
v 8.452490 0.030180 0.191292
v 9.439267 0.006065 0.191292
v 0.359895 -0.280503 0.535613
v 0.359895 -0.280505 -0.532867
v 0.968275 -0.295373 -0.532867
v 0.968275 -0.295372 0.535613
v 8.570040 -0.026910 0.137090
v 9.437943 -0.048123 0.137090
v 8.566725 -0.162588 0.193305
v 9.434629 -0.183798 0.193305
v 8.563410 -0.298263 0.137090
v 9.431313 -0.319474 0.137090
v 6.379605 0.037195 -0.144915
v 8.487713 -0.014325 -0.144915
v 6.376028 -0.109047 -0.205512
v 8.484139 -0.160568 -0.205510
v 6.372453 -0.255293 -0.144915
v 8.480565 -0.306814 -0.144915
v -4.902653 -0.139917 -0.676489
v -4.468848 0.729892 -0.755663
v -4.490351 -0.149993 -0.676489
v -4.991179 0.742660 -0.755663
v -4.511858 -1.029870 -0.676488
v -4.924160 -1.019794 -0.676488
v -4.533360 -1.909750 -0.755662
v -5.055690 -1.896986 -0.755662
v -1.665690 0.918097 -0.648290
v -1.285942 0.908815 -0.648290
v -1.307092 0.043320 -0.648290
v -1.686840 0.052600 -0.648290
v -1.324196 -0.656390 -0.597910
v -1.703940 -0.647108 -0.597910
v -1.309482 -0.054383 -0.597912
v -1.689229 -0.045102 -0.597912
v 6.399409 0.456127 -0.100332
v 5.247277 0.484285 -0.100332
v 6.396940 0.355255 -0.175620
v 5.244813 0.383415 -0.175620
v -1.689229 -0.045102 -0.597912
v -1.307092 0.043320 -0.648290
v -1.309482 -0.054383 -0.597912
v -1.686840 0.052600 -0.648290
v 5.023980 -0.158937 -0.566082
v 3.013834 0.266065 -0.566082
v 5.033160 0.216715 -0.566082
v 5.149680 0.025927 -0.566082
v 3.004654 -0.109587 -0.566082
v 2.888130 0.081198 -0.566082
v 0.957750 -0.726140 -0.532867
v 0.359895 -0.280505 -0.532867
v 0.968275 -0.295373 -0.532867
v 1.060489 -0.513135 -0.532867
v 0.349369 -0.711270 -0.532867
v 0.257160 -0.493500 -0.532867
v -0.027337 0.371440 -0.469632
v 2.699705 0.304795 -0.469632
v -0.037255 -0.034445 -0.469632
v 2.689785 -0.101093 -0.469632
v -3.639365 -0.069815 -0.455288
v -2.734308 -0.091932 -0.455288
v -3.648304 -0.435645 -0.392625
v -2.743249 -0.457763 -0.392625
v -3.630424 0.296013 -0.392625
v -2.725368 0.273900 -0.392625
v -0.805658 0.797902 -0.338063
v 4.974851 0.656632 -0.338063
v -0.812538 0.516353 -0.338063
v 4.967970 0.375078 -0.338063
v 5.244813 0.383415 -0.175620
v 6.396940 0.355255 -0.175620
v 5.241435 0.245137 -0.124178
v 6.393562 0.216979 -0.124178
v 5.238056 0.106863 -0.175620
v 6.390182 0.078705 -0.175620
v 6.387716 -0.022167 -0.100331
v 5.235590 0.005992 -0.100331
v 5.238056 0.106863 -0.175620
v 6.390182 0.078705 -0.175620
v 5.216610 0.105498 -0.184782
v 6.465980 0.074962 -0.184782
v 5.212062 -0.080603 -0.261888
v 6.461430 -0.111135 -0.261888
v 5.207512 -0.266700 -0.184780
v 6.456881 -0.297233 -0.184780
v 9.429991 -0.373662 -0.188545
v 8.443208 -0.349545 -0.188545
v 8.447845 -0.159683 -0.267213
v 9.434629 -0.183800 -0.267213
v 8.452490 0.030180 -0.188545
v 9.439267 0.006063 -0.188545
v 9.439318 0.008077 0.001372
v 9.439267 0.006063 -0.188545
v 9.441191 0.084708 0.001372
v 9.439267 0.006065 0.191292
v 9.437943 -0.048125 -0.134343
v 9.437943 -0.048123 0.137090
v 9.434629 -0.183800 -0.190560
v 9.434629 -0.183798 0.193305
v 9.434629 -0.183800 -0.267213
v 9.434629 -0.183798 0.269960
v 9.429991 -0.373662 -0.188545
v 9.429991 -0.373661 0.191292
v 9.431313 -0.319474 -0.134343
v 9.431313 -0.319474 0.137090
v 9.429937 -0.375675 0.001373
v 9.428067 -0.452305 0.001373
v 8.570040 -0.026910 -0.134343
v 8.566725 -0.162590 -0.190560
v 8.571417 0.029288 0.001372
v 8.563410 -0.298263 -0.134343
v 8.570040 -0.026910 0.137090
v 8.566725 -0.162588 0.193305
v 8.563410 -0.298263 0.137090
v 8.562037 -0.354462 0.001373
v 6.461430 -0.111135 -0.261888
v 6.465980 0.074962 -0.184782
v 6.456881 -0.297233 -0.184780
v 6.456881 -0.297233 0.187527
v 6.454995 -0.374317 0.001373
v 6.465980 0.074963 0.187526
v 6.467862 0.152048 0.001372
v 6.461430 -0.111135 0.264634
v 6.387716 -0.022167 -0.100331
v 6.393562 0.216979 -0.124178
v 6.387716 -0.022165 0.103077
v 6.390182 0.078705 -0.175620
v 6.393562 0.216980 0.126922
v 6.390182 0.078705 0.178365
v 6.399409 0.456127 -0.100332
v 6.396940 0.355255 -0.175620
v 6.400133 0.485824 0.001372
v 6.399409 0.456127 0.103075
v 6.396940 0.355257 0.178365
v 0.957750 -0.726138 0.535613
v 0.957750 -0.726140 -0.532867
v 1.060489 -0.513135 0.535613
v 1.060489 -0.513135 -0.532867
v 5.033160 0.216715 -0.566082
v 5.033160 0.216717 0.568827
v 5.149680 0.025927 -0.566082
v 5.149680 0.025928 0.568827
v 5.023980 -0.158935 0.568827
v 5.023980 -0.158937 -0.566082
v 5.149680 0.025928 0.568827
v 5.149680 0.025927 -0.566082
v 2.699705 0.304795 -0.469632
v 2.689785 -0.101092 0.472377
v 2.699705 0.304797 0.472375
v 2.689785 -0.101093 -0.469632
v 4.974851 0.656632 -0.338063
v 4.967970 0.375080 0.340807
v 4.974851 0.656632 0.340807
v 4.967970 0.375078 -0.338063
v 0.968275 -0.295373 -0.532867
v 0.968275 -0.295372 0.535613
v 1.060489 -0.513135 -0.532867
v 1.060489 -0.513135 0.535613
v -1.307092 0.043320 0.651034
v -1.283738 0.999023 0.506088
v -1.285942 0.908817 0.651033
v -1.283738 0.999022 -0.503345
v -1.307092 0.043320 -0.648290
v -1.285942 0.908815 -0.648290
v -1.309482 -0.054383 -0.597912
v -1.309482 -0.054382 0.600655
v -1.326357 -0.744880 0.430107
v -1.324196 -0.656388 0.600657
v -1.326357 -0.744882 -0.427360
v -1.324196 -0.656390 -0.597910
v -4.468848 0.729893 0.758407
v -4.490351 -0.149992 0.679233
v -4.468848 0.729892 -0.755663
v -4.490351 -0.149993 -0.676489
v -4.511858 -1.029870 0.679235
v -4.511858 -1.029870 -0.676488
v -4.533360 -1.909750 0.758408
v -4.533360 -1.909750 -0.755662
v 8.570040 -0.026910 -0.134343
v 9.437943 -0.048125 -0.134343
v 8.571417 0.029288 0.001372
v 9.439318 0.008077 0.001372
v 8.570040 -0.026910 0.137090
v 9.437943 -0.048123 0.137090
v 6.372453 -0.255293 -0.144915
v 8.480565 -0.306814 -0.144915
v 8.480565 -0.306814 0.147660
v 6.370976 -0.315870 0.001373
v 6.372453 -0.255293 0.147660
v 8.479084 -0.367391 0.001373
v -4.533360 -1.909750 -0.755662
v -4.533360 -1.909750 0.758408
v -5.055690 -1.896986 0.758408
v -5.055690 -1.896986 -0.755662
v 0.349369 -0.711270 0.535613
v 0.349369 -0.711270 -0.532867
v 0.957750 -0.726138 0.535613
v 0.957750 -0.726140 -0.532867
v -1.324196 -0.656388 0.600657
v -1.703940 -0.647107 0.600657
v -1.326357 -0.744880 0.430107
v -1.706105 -0.735603 0.430107
v -1.326357 -0.744882 -0.427360
v -1.706105 -0.735605 -0.427360
v -1.324196 -0.656390 -0.597910
v -1.703940 -0.647108 -0.597910
v -3.649500 -0.484512 0.001373
v -2.744445 -0.506629 0.001373
v -3.648304 -0.435645 0.395370
v -2.743249 -0.457762 0.395370
v -2.743249 -0.457763 -0.392625
v -3.648304 -0.435645 -0.392625
v 5.023980 -0.158935 0.568827
v 3.004654 -0.109585 0.568827
v 3.004654 -0.109587 -0.566082
v 5.023980 -0.158937 -0.566082
v 6.456881 -0.297233 0.187527
v 5.207512 -0.266700 0.187527
v 6.454995 -0.374317 0.001373
v 5.207512 -0.266700 -0.184780
v 5.205630 -0.343785 0.001373
v 6.456881 -0.297233 -0.184780
v -0.037255 -0.034443 0.472377
v -0.037255 -0.034445 -0.469632
v 2.689785 -0.101092 0.472377
v 2.689785 -0.101093 -0.469632
v -0.812538 0.516353 0.340807
v -0.812538 0.516353 -0.338063
v 4.967970 0.375080 0.340807
v 4.967970 0.375078 -0.338063
v 9.429991 -0.373662 -0.188545
v 8.443208 -0.349545 -0.188545
v 9.428067 -0.452305 0.001373
v 8.441283 -0.428190 0.001373
v 9.429991 -0.373661 0.191292
v 8.443208 -0.349545 0.191292
v 8.570040 -0.026910 -0.134343
v 9.434629 -0.183800 -0.190560
v 9.437943 -0.048125 -0.134343
v 8.566725 -0.162590 -0.190560
v 9.431313 -0.319474 -0.134343
v 8.563410 -0.298263 -0.134343
v 8.487713 -0.014325 0.147660
v 6.379605 0.037197 0.147660
v 8.484139 -0.160567 0.208257
v 6.376028 -0.109045 0.208257
v 8.480565 -0.306814 0.147660
v 6.372453 -0.255293 0.147660
v -4.991179 0.742658 0.758407
v -4.902653 -0.139915 0.679233
v -4.468848 0.729893 0.758407
v -4.490351 -0.149992 0.679233
v -4.924160 -1.019793 0.679235
v -4.511858 -1.029870 0.679235
v -4.533360 -1.909750 0.758408
v -5.055690 -1.896986 0.758408
v -1.285942 0.908817 0.651033
v -1.665690 0.918098 0.651033
v -1.686840 0.052602 0.651034
v -1.307092 0.043320 0.651034
v -1.309482 -0.054382 0.600655
v -1.689229 -0.045100 0.600655
v -1.324196 -0.656388 0.600657
v -1.703940 -0.647107 0.600657
v 5.247277 0.484285 0.103075
v 6.399409 0.456127 0.103075
v 5.244813 0.383415 0.178365
v 6.396940 0.355257 0.178365
v -1.689229 -0.045100 0.600655
v -1.309482 -0.054382 0.600655
v -1.686840 0.052602 0.651034
v -1.307092 0.043320 0.651034
v 5.033160 0.216717 0.568827
v 5.023980 -0.158935 0.568827
v 5.149680 0.025928 0.568827
v 3.004654 -0.109585 0.568827
v 3.013834 0.266067 0.568827
v 2.888130 0.081200 0.568827
v 0.968275 -0.295372 0.535613
v 0.957750 -0.726138 0.535613
v 1.060489 -0.513135 0.535613
v 0.349369 -0.711270 0.535613
v 0.359895 -0.280503 0.535613
v 0.257160 -0.493503 0.535613
v -0.027337 0.371442 0.472375
v 2.689785 -0.101092 0.472377
v 2.699705 0.304797 0.472375
v -0.037255 -0.034443 0.472377
v -3.648304 -0.435645 0.395370
v -2.743249 -0.457762 0.395370
v -3.639365 -0.069813 0.458033
v -2.734308 -0.091930 0.458033
v -3.630424 0.296015 0.395370
v -2.725368 0.273900 0.395370
v -0.805658 0.797902 0.340807
v 4.967970 0.375080 0.340807
v 4.974851 0.656632 0.340807
v -0.812538 0.516353 0.340807
v 5.244813 0.383415 0.178365
v 6.393562 0.216980 0.126922
v 6.396940 0.355257 0.178365
v 5.241435 0.245138 0.126922
v 6.390182 0.078705 0.178365
v 5.238056 0.106865 0.178365
v 6.390182 0.078705 0.178365
v 5.238056 0.106865 0.178365
v 5.235590 0.005993 0.103077
v 6.387716 -0.022165 0.103077
v 6.465980 0.074963 0.187526
v 5.216610 0.105500 0.187525
v 6.461430 -0.111135 0.264634
v 5.212062 -0.080602 0.264634
v 6.456881 -0.297233 0.187527
v 5.207512 -0.266700 0.187527
v 9.429991 -0.373661 0.191292
v 8.443208 -0.349545 0.191292
v 9.434629 -0.183798 0.269960
v 8.447845 -0.159682 0.269960
v 8.452490 0.030180 0.191292
v 9.439267 0.006065 0.191292
vn -0.9776 -0.1880 0.0941
vn -0.9719 -0.2354 -0.0078
vn -0.9804 -0.1728 0.0944
vn -0.9718 -0.2355 -0.0078
vn -0.9719 -0.2354 -0.0079
vn -0.9765 -0.1895 -0.1027
vn -0.9797 -0.1727 -0.1022
vn -0.9718 -0.2355 -0.0079
vn -0.8455 -0.4128 0.3388
vn -0.8660 -0.3952 0.3063
vn -0.9765 -0.1895 -0.1029
vn -0.8455 -0.4128 -0.3388
vn -0.8660 -0.3952 -0.3063
vn -0.9776 -0.1880 0.0945
vn -0.6151 -0.4786 -0.6266
vn -0.7661 -0.3133 -0.5612
vn -0.6029 -0.4894 -0.6301
vn -0.9028 0.4156 0.1102
vn -0.9292 0.3696 -0.0078
vn -0.8954 0.4315 0.1102
vn -0.9292 0.3696 -0.0079
vn -0.9058 0.4090 -0.1105
vn -0.8984 0.4250 -0.1106
vn -0.4753 -0.4372 0.7635
vn -0.7015 -0.2358 0.6725
vn -0.4614 -0.4471 0.7663
vn -0.8400 -0.4920 0.2286
vn -0.8370 -0.3113 0.4501
vn -0.9310 0.1563 0.3298
vn -0.9365 0.1810 0.3004
vn -0.9058 0.4090 -0.1108
vn -0.8370 -0.3113 -0.4501
vn -0.8401 -0.4920 -0.2286
vn -0.8953 0.4315 0.1102
vn -0.9329 0.1882 -0.3071
vn -0.9402 0.2198 -0.2600
vn -0.9029 0.4156 0.1102
vn -0.6346 -0.4577 0.6228
vn -0.6102 -0.4809 0.6296
vn -0.7879 -0.2727 0.5521
vn -0.7742 -0.0518 -0.6308
vn -0.8010 0.0983 -0.5906
vn -0.7740 -0.0599 -0.6304
vn -0.7742 -0.0521 -0.6308
vn -0.9402 0.2200 -0.2600
vn -0.7739 -0.0602 -0.6304
vn -0.6369 -0.0628 -0.7684
vn -0.6317 -0.0790 -0.7712
vn -0.7043 0.2540 -0.6629
vn -0.7704 -0.0518 0.6355
vn -0.7666 -0.0680 0.6386
vn -0.8023 0.1540 0.5767
vn -0.6407 -0.0632 0.7652
vn -0.7035 0.3095 0.6398
vn -0.6405 -0.0711 0.7647
vn -0.7666 -0.0684 0.6385
vn -0.7165 -0.1002 -0.6903
vn -0.7257 -0.0688 -0.6845
vn -0.7165 -0.1002 0.6903
vn -0.7257 -0.0688 0.6845
vn -0.8249 -0.5472 0.1417
vn -0.7722 -0.6354 -0.0000
vn -0.8400 -0.4921 0.2285
vn -0.7722 -0.6353 -0.0000
vn -0.8249 -0.5472 -0.1417
vn -0.8400 -0.4921 -0.2286
vn -0.6472 0.3875 -0.6565
vn -0.6472 0.3877 0.6564
vn -0.8261 -0.5635 -0.0000
vn -0.7364 -0.5864 -0.3374
vn -0.7598 -0.5856 -0.2824
vn -0.7598 -0.5856 0.2824
vn -0.7364 -0.5864 0.3374
vn -0.6988 0.6855 0.2041
vn -0.7410 0.5446 0.3928
vn -0.7410 0.5446 -0.3928
vn -0.6999 0.6866 -0.1968
vn -0.6584 -0.2588 -0.7068
vn -0.7557 -0.6428 0.1259
vn -0.7651 -0.6439 -0.0079
vn -0.7651 -0.6439 -0.0000
vn -0.7549 -0.6421 -0.1336
vn -0.6584 -0.2588 0.7068
vn -0.7459 -0.3660 0.5565
vn -0.7556 -0.6428 0.1259
vn -0.7513 -0.3842 0.5366
vn -0.7513 -0.3842 -0.5365
vn -0.7549 -0.6421 -0.1337
vn -0.7459 -0.3660 -0.5565
vn -0.8764 -0.4816 -0.0000
vn -0.7358 -0.4856 -0.4720
vn -0.7937 -0.4938 -0.3552
vn -0.7938 -0.4937 0.3551
vn -0.7358 -0.4856 0.4720
vn -0.7239 0.1204 -0.6793
vn -0.7239 0.1203 -0.6793
vn -0.7239 0.1204 0.6793
vn -0.7150 0.0018 -0.6991
vn -0.6312 -0.3472 -0.6935
vn -0.6360 -0.3453 -0.6901
vn -0.7149 0.0096 -0.6992
vn -0.7150 0.0018 0.6991
vn -0.6313 -0.3472 0.6935
vn -0.7149 0.0096 0.6992
vn -0.6851 0.2524 -0.6833
vn -0.6852 0.2524 -0.6832
vn -0.6851 0.2524 0.6833
vn -0.6852 0.2524 0.6832
vn -0.6852 0.2524 0.6833
vn -0.8989 -0.4262 -0.1021
vn -0.9082 -0.4111 -0.0787
vn -0.9288 -0.3704 -0.0078
vn -0.9289 -0.3704 -0.0079
vn -0.9288 -0.3704 -0.0079
vn -0.9289 -0.3704 -0.0078
vn -0.9139 -0.4022 0.0550
vn -0.9111 -0.4046 0.0790
vn -0.9111 -0.4046 0.0791
vn -0.6093 -0.5650 0.5563
vn -0.7397 -0.5270 0.4185
vn -0.8541 -0.4674 -0.2283
vn -0.8988 -0.4262 -0.1022
vn -0.9082 -0.4111 -0.0788
vn -0.7693 0.6389 0.0078
vn -0.7535 0.6384 -0.1569
vn -0.7526 0.6376 -0.1645
vn -0.7535 0.6384 0.1569
vn -0.7544 0.6392 0.1492
vn -0.7693 0.6389 0.0079
vn -0.6811 -0.1878 -0.7077
vn -0.6900 -0.1410 -0.7100
vn -0.6830 0.3148 -0.6591
vn -0.7180 0.6166 -0.3231
vn -0.7215 0.6050 -0.3367
vn -0.6847 0.3078 -0.6606
vn -0.6830 0.3151 -0.6590
vn -0.6195 0.4968 -0.6078
vn -0.6847 0.3079 -0.6606
vn -0.7544 0.6392 0.1493
vn -0.7134 0.4026 0.5736
vn -0.7276 0.4581 0.5107
vn -0.7180 0.6166 0.3230
vn -0.6767 0.3393 0.6534
vn -0.7214 0.6051 0.3367
vn -0.6770 0.3234 0.6611
vn -0.6767 0.3397 0.6533
vn -0.6769 0.3236 0.6611
vn -0.6025 0.5356 0.5917
vn -0.6811 -0.1878 0.7077
vn -0.6900 -0.1410 0.7100
vn -0.7210 0.4586 -0.5194
vn -0.7103 0.4132 -0.5698
vn -0.7526 0.6376 -0.1646
vn -0.8847 -0.4662 -0.0000
vn -0.8872 -0.4597 -0.0394
vn -0.8872 -0.4597 0.0394
vn -0.4619 -0.5550 -0.6919
vn -0.3476 -0.6093 -0.7127
vn -0.7398 -0.3514 -0.5738
vn -0.4619 -0.5550 0.6919
vn -0.7398 -0.3515 0.5738
vn -0.3461 -0.6143 0.7092
vn 0.0272 -0.8084 -0.5880
vn -0.1295 -0.7778 -0.6151
vn -0.1534 -0.7787 -0.6083
vn -0.1294 -0.7778 0.6151
vn 0.0272 -0.8084 0.5880
vn -0.1534 -0.7787 0.6084
vn -0.7133 0.4027 0.5736
vn -0.7210 0.4586 -0.5195
vn -0.3452 -0.5975 -0.7238
vn -0.2131 -0.6349 -0.7426
vn -0.6567 -0.4486 -0.6062
vn -0.3452 -0.5974 0.7238
vn -0.6567 -0.4486 0.6062
vn -0.2131 -0.6349 0.7426
vn -0.1581 -0.6513 -0.7421
vn -0.3363 -0.5737 -0.7468
vn -0.0249 -0.6908 -0.7226
vn -0.1581 -0.6516 0.7419
vn -0.0249 -0.6908 0.7226
vn -0.3363 -0.5737 0.7468
vn -0.7929 -0.6093 0.0078
vn -0.7569 -0.6361 -0.1498
vn -0.7929 -0.6093 0.0076
vn -0.7331 -0.6597 -0.1654
vn -0.7929 -0.6093 0.0079
vn -0.7569 -0.6361 0.1498
vn -0.7415 -0.6522 0.1577
vn -0.7505 -0.6608 0.0077
vn -0.7770 -0.6096 0.1570
vn -0.7007 -0.3910 0.5967
vn -0.7801 -0.6197 -0.0867
vn -0.7415 -0.6521 0.1579
vn -0.7005 -0.3368 -0.6292
vn -0.7005 -0.3369 -0.6291
vn -0.8030 -0.5566 -0.2130
vn -0.7006 -0.3913 0.5967
vn -0.6622 -0.4082 0.6284
vn -0.7039 -0.3931 0.5916
vn -0.6422 -0.4575 -0.6150
vn -0.4083 -0.6039 -0.6845
vn -0.4785 -0.5784 -0.6607
vn -0.7667 -0.4070 -0.4965
vn -0.4083 -0.6039 0.6845
vn -0.7667 -0.4070 0.4965
vn -0.4785 -0.5784 0.6607
vn -0.7415 -0.6522 0.1576
vn -0.7929 -0.6093 0.0081
vn -0.7505 -0.6608 0.0078
vn -0.7770 -0.6096 0.1571
vn -0.6893 -0.4174 0.5921
vn -0.6893 -0.4175 0.5921
vn -0.6400 -0.4637 0.6127
vn -0.6935 -0.4151 0.5889
vn -0.7415 -0.6521 0.1580
vn -0.6944 -0.3613 -0.6223
vn -0.6883 -0.3702 -0.6238
vn -0.6201 -0.5058 -0.5997
vn -0.7133 0.4026 0.5736
vn -0.7929 -0.6093 0.0077
vn -0.7929 -0.6093 0.0080
vn -0.7170 -0.3446 0.6060
vn -0.7801 -0.6196 -0.0867
vn -0.7569 -0.6361 0.1500
vn -0.7093 -0.2981 -0.6387
vn -0.7148 -0.2892 -0.6368
vn -0.7169 -0.3446 0.6060
vn -0.6961 -0.3075 0.6488
vn -0.7093 -0.2982 -0.6387
vn -0.6810 -0.3551 -0.6404
vn -0.7565 -0.6126 -0.2290
vn -0.3733 -0.7332 -0.5684
vn -0.7155 -0.6276 -0.3068
vn -0.7155 -0.6276 0.3067
vn -0.3733 -0.7332 0.5684
vn -0.7565 -0.6126 0.2287
vn -0.8199 -0.5725 -0.0000
vn -0.7156 -0.6276 0.3067
vn -0.7566 -0.6126 0.2287
vn -0.7156 -0.6276 -0.3067
vn -0.7566 -0.6126 -0.2285
vn -0.7027 -0.3846 0.5986
vn -0.7569 -0.6361 0.1499
vn -0.6642 -0.4016 0.6305
vn -0.7004 -0.3369 -0.6292
vn -0.6490 -0.4489 -0.6142
vn -0.6930 -0.6446 0.3229
vn -0.6698 -0.3537 0.6529
vn -0.6610 -0.3068 0.6848
vn -0.6928 -0.6598 0.2911
vn -0.6652 -0.3711 -0.6480
vn -0.6913 -0.6429 -0.3300
vn -0.6635 -0.3312 -0.6709
vn -0.6947 -0.6538 -0.3000
vn -0.6935 -0.4150 0.5889
vn -0.6962 -0.3545 -0.6242
vn -0.6250 -0.5032 -0.5968
vn -0.6422 -0.4575 0.6151
vn -0.6956 -0.4086 0.5909
vn -0.7226 -0.3356 0.6043
vn -0.7066 -0.2737 0.6525
vn -0.7206 -0.3307 0.6094
vn -0.7163 -0.2821 -0.6383
vn -0.6911 -0.3286 -0.6437
vn -0.7414 -0.6522 0.1580
vn -0.7163 -0.2820 -0.6383
vn -0.7087 0.6877 -0.1576
vn -0.7017 0.7125 -0.0000
vn -0.7104 0.6893 -0.1422
vn -0.7087 0.6876 0.1577
vn -0.7104 0.6893 0.1422
vn -0.7016 0.7125 -0.0000
vn -0.6754 -0.3135 -0.6675
vn -0.7006 -0.6363 -0.3228
vn -0.6688 -0.2676 -0.6936
vn -0.7080 -0.6435 -0.2912
vn -0.7039 -0.6472 0.2926
vn -0.6853 -0.3377 0.6453
vn -0.6820 -0.2818 0.6749
vn -0.7076 -0.6509 0.2751
vn -0.7180 0.3253 0.6153
vn -0.7238 0.3008 0.6209
vn -0.6599 0.4905 0.5691
vn -0.7087 0.6876 -0.1577
vn -0.7104 0.6893 -0.1423
vn -0.7694 0.3727 -0.5188
vn -0.7611 0.4361 -0.4802
vn -0.7236 0.2689 -0.6357
vn -0.7694 0.3726 -0.5189
vn -0.7611 0.4360 -0.4803
vn -0.7252 0.2614 -0.6370
vn -0.7235 0.2690 -0.6357
vn -0.6640 0.4798 -0.5734
vn -0.7251 0.2616 -0.6370
vn -0.7606 0.4197 0.4954
vn -0.7552 0.4610 0.4661
vn -0.7104 0.6893 0.1423
vn -0.7087 0.6876 0.1580
vn -0.7239 0.3007 0.6209
vn -0.6706 -0.3928 0.6293
vn -0.7022 -0.3299 -0.6309
vn -0.6512 -0.4426 -0.6165
vn -0.6842 0.7266 -0.0631
vn -0.6842 0.7266 0.0631
vn -0.7504 -0.6609 0.0077
vn -0.7787 0.4935 0.3874
vn -0.7346 0.3021 0.6076
vn -0.7830 0.4754 0.4011
vn -0.7399 0.2772 0.6129
vn -0.7346 0.3021 0.6075
vn -0.7398 0.2775 0.6129
vn -0.6672 0.4986 0.5533
vn -0.7954 0.4383 -0.4187
vn -0.7406 0.2379 -0.6284
vn -0.7922 0.4525 -0.4094
vn -0.7406 0.2381 -0.6284
vn -0.7406 0.2382 -0.6283
vn -0.6743 0.4818 -0.5597
vn 0.0408 0.7060 -0.7070
vn 0.1737 0.6865 -0.7061
vn 0.2927 0.6648 -0.6873
vn 0.1736 0.6865 0.7061
vn 0.0408 0.7062 0.7068
vn 0.2928 0.6647 0.6874
vn -0.7098 0.6968 -0.1026
vn -0.7157 0.6870 -0.1260
vn -0.7109 0.6979 0.0870
vn -0.7157 0.6870 0.1260
vn -0.6925 -0.3681 -0.6205
vn -0.6864 -0.3769 -0.6219
vn -0.6110 -0.5279 -0.5900
vn -0.6872 -0.4237 0.5901
vn -0.6871 -0.4240 0.5900
vn -0.6338 -0.4806 0.6061
vn -0.6966 -0.4170 0.5838
vn -0.6568 0.7460 -0.1099
vn -0.6976 0.7164 -0.0079
vn -0.6976 0.7164 -0.0078
vn -0.6568 0.7460 0.1099
vn -0.5958 -0.2527 -0.7623
vn -0.5833 -0.2701 -0.7660
vn -0.7415 0.0181 -0.6707
vn -0.7495 0.4734 0.4628
vn -0.7490 0.4890 0.4470
vn -0.6706 0.2843 0.6852
vn -0.7099 0.6968 -0.1027
vn -0.7490 0.4890 -0.4470
vn -0.7490 0.4891 -0.4470
vn -0.6706 0.2843 -0.6852
vn -0.6030 -0.2366 0.7619
vn -0.7543 0.0657 0.6533
vn -0.5979 -0.2380 0.7654
vn -0.7148 -0.2892 -0.6367
vn -0.6853 -0.3375 -0.6454
vn -0.7188 -0.3377 0.6077
vn -0.7012 -0.2827 0.6546
vn -0.7308 0.2689 -0.6274
vn -0.6904 0.4183 -0.5902
vn -0.7324 0.2617 -0.6286
vn -0.7820 0.5468 0.2991
vn -0.7252 0.2616 0.6370
vn -0.7844 0.5243 0.3314
vn -0.7268 0.2541 0.6382
vn -0.7251 0.2616 0.6370
vn -0.7267 0.2543 0.6382
vn -0.6735 0.4652 0.5745
vn -0.7667 0.5869 -0.2603
vn -0.7737 0.5543 -0.3069
vn -0.7325 0.2614 -0.6286
vn 0.1144 0.8098 -0.5755
vn 0.2477 0.7970 -0.5509
vn 0.1299 0.8142 -0.5658
vn 0.2477 0.7970 0.5509
vn 0.1144 0.8096 0.5758
vn 0.1299 0.8143 0.5657
vn -0.7252 -0.2744 -0.6315
vn -0.8133 -0.0905 -0.5748
vn -0.7237 -0.2816 -0.6300
vn -0.7369 -0.2491 0.6284
vn -0.7305 -0.2651 0.6293
vn -0.8244 -0.0426 0.5644
vn -0.6601 -0.3606 -0.6590
vn -0.6969 -0.6331 -0.3368
vn -0.6909 -0.6119 -0.3850
vn -0.6618 -0.3382 -0.6691
vn -0.6988 -0.6348 0.3298
vn -0.6601 -0.3606 0.6590
vn -0.6909 -0.6119 0.3851
vn -0.6618 -0.3382 0.6691
vn -0.6697 -0.3537 -0.6530
vn -0.7005 -0.6364 -0.3229
vn -0.6930 -0.6137 -0.3783
vn -0.6679 -0.3293 -0.6675
vn -0.7005 -0.6364 0.3230
vn -0.6697 -0.3538 0.6530
vn -0.6930 -0.6137 0.3783
vn -0.6679 -0.3293 0.6675
vn -0.9816 0.1659 0.0946
vn -0.9341 -0.1113 -0.3393
vn -0.9476 -0.0872 -0.3072
vn -0.9841 0.1505 0.0948
vn -0.9341 -0.1113 0.3393
vn -0.9808 0.1658 -0.1024
vn -0.9476 -0.0873 0.3072
vn -0.9833 0.1504 -0.1027
vn -0.9947 0.1028 -0.0079
vn -0.9833 0.1504 -0.1026
vn -0.9947 0.1028 -0.0078
vn -0.6915 0.0878 -0.7170
vn -0.6096 0.5109 -0.6061
vn -0.6864 0.1423 -0.7132
vn -0.7055 0.7087 -0.0001
vn -0.6988 0.6855 -0.2044
vn -0.6951 0.6813 -0.2293
vn -0.6915 0.0878 0.7170
vn -0.6864 0.1423 0.7132
vn -0.6096 0.5109 0.6061
vn -0.7055 0.7087 0.0001
vn -0.6991 0.6852 0.2043
vn -0.6951 0.6813 0.2293
vn -0.7108 0.5287 -0.4640
vn -0.7145 0.5073 -0.4818
vn -0.6914 0.3552 -0.6291
vn -0.6853 0.3638 -0.6309
vn -0.6615 0.4272 -0.6164
vn -0.6988 0.6855 0.2044
vn -0.7108 0.5287 0.4640
vn -0.7145 0.5073 0.4818
vn -0.6914 0.3552 0.6291
vn -0.6853 0.3638 0.6309
vn -0.6615 0.4272 0.6164
vn -0.6788 -0.3773 -0.6300
vn -0.6947 -0.6462 -0.3159
vn -0.6924 -0.6285 -0.3544
vn -0.6792 -0.3620 -0.6385
vn -0.6948 -0.6461 0.3159
vn -0.6788 -0.3773 0.6300
vn -0.6924 -0.6286 0.3543
vn -0.6792 -0.3620 0.6385
vn -0.6394 -0.3783 -0.6694
vn -0.6852 -0.6448 -0.3388
vn -0.6770 -0.6217 -0.3939
vn -0.6378 -0.3541 -0.6840
vn -0.6852 -0.6448 0.3388
vn -0.6394 -0.3783 0.6694
vn -0.6771 -0.6216 0.3939
vn -0.6378 -0.3541 0.6840
vn -0.6913 0.6856 -0.2281
vn -0.6910 0.6934 -0.2045
vn -0.7138 0.5230 -0.4658
vn -0.7148 0.4915 -0.4975
vn -0.6910 0.6934 0.2045
vn -0.6913 0.6856 0.2281
vn -0.7138 0.5230 0.4658
vn -0.7148 0.4915 0.4975
vn -0.7137 0.5229 -0.4660
vn -0.6865 0.3006 -0.6621
vn -0.7148 0.4913 -0.4977
vn -0.6865 0.3007 -0.6621
vn -0.6767 0.3394 -0.6534
vn -0.6865 0.3006 0.6621
vn -0.7148 0.4914 0.4976
vn -0.7138 0.5229 0.4659
vn -0.6865 0.3007 0.6621
vn -0.6767 0.3394 0.6534
vn -0.7017 0.7125 0.0001
vn -0.6910 0.6934 0.2044
vn -0.7017 0.7125 -0.0001
vn -0.6910 0.6934 -0.2044
vn -0.7055 0.7087 -0.0000
vn -0.7142 0.6534 -0.2511
vn -0.7161 0.6150 -0.3300
vn -0.7142 0.6534 0.2511
vn -0.7161 0.6150 0.3300
vn -0.7161 0.6150 -0.3301
vn -0.7142 0.6533 -0.2512
vn -0.7147 0.3875 -0.5823
vn -0.7141 0.6534 0.2513
vn -0.7161 0.6150 0.3301
vn -0.7147 0.3875 0.5823
vn -0.7087 0.3723 -0.5993
vn -0.7004 0.3878 -0.5992
vn -0.6640 0.4799 -0.5734
vn -0.7087 0.3723 0.5993
vn -0.6640 0.4799 0.5734
vn -0.7004 0.3878 0.5992
vn -0.7022 0.3570 -0.6160
vn -0.6940 0.3725 -0.6161
vn -0.6674 0.4422 -0.5992
vn -0.7023 0.3569 0.6160
vn -0.6674 0.4422 0.5992
vn -0.6980 0.3707 0.6127
vn -0.7134 0.7008 -0.0000
vn -0.7088 0.6796 0.1891
vn -0.7054 0.6764 0.2118
vn -0.7088 0.6796 -0.1892
vn -0.7054 0.6764 -0.2118
vn -0.7326 0.5200 -0.4392
vn -0.7361 0.5065 -0.4490
vn -0.7004 0.3877 -0.5993
vn -0.7088 0.6796 0.1892
vn -0.7054 0.6764 0.2119
vn -0.7326 0.5200 0.4392
vn -0.7361 0.5065 0.4490
vn -0.7004 0.3877 0.5993
vn -0.7066 0.6775 -0.2043
vn -0.7029 0.6733 -0.2292
vn -0.7066 0.6775 0.2043
vn -0.7029 0.6733 0.2292
vn -0.7202 0.5220 -0.4570
vn -0.7246 0.5038 -0.4703
vn -0.7023 0.3569 -0.6160
vn -0.6941 0.3724 -0.6161
vn -0.7202 0.5220 0.4570
vn -0.7246 0.5038 0.4702
vn -0.6981 0.3706 0.6127
vn 0.7318 0.6815 -0.0000
vn 0.7263 0.6608 0.1893
vn 0.7228 0.6577 0.2120
vn 0.7228 0.6577 -0.2119
vn 0.7263 0.6608 -0.1893
vn -0.6044 0.7967 -0.0000
vn -0.6573 0.7467 0.1021
vn -0.6044 0.7966 -0.0000
vn -0.6578 0.7473 -0.0943
vn -0.6999 0.6866 -0.1967
vn -0.5695 0.8156 0.1021
vn -0.7215 0.6051 -0.3367
vn -0.7180 0.6165 -0.3231
vn -0.5785 0.8092 0.1026
vn -0.7215 0.6051 0.3367
vn -0.5690 0.8150 -0.1099
vn -0.7180 0.6165 0.3231
vn -0.5818 0.8057 -0.1111
vn -0.5785 0.8092 0.1023
vn -0.6220 0.7830 -0.0078
vn -0.6220 0.7830 -0.0079
vn -0.5819 0.8057 -0.1108
vn -0.5691 0.8149 -0.1099
vn -0.6220 0.7830 -0.0080
vn 0.6882 0.7170 -0.1104
vn 0.8090 0.5009 0.3076
vn 0.6962 0.7092 -0.1108
vn 0.8090 0.4854 0.3314
vn 0.6845 0.7207 0.1098
vn 0.7356 0.6774 -0.0079
vn 0.6963 0.7092 0.1105
vn 0.7962 0.5420 -0.2688
vn 0.6962 0.7093 0.1105
vn 0.8030 0.5101 -0.3082
vn 0.6963 0.7092 -0.1105
vn 0.6883 0.7170 -0.1104
vn 0.4468 0.5563 -0.7007
vn 0.2541 0.7412 -0.6213
vn 0.4852 0.5005 -0.7170
vn 0.1841 0.7742 -0.6056
vn 0.1841 0.7743 0.6055
vn 0.2541 0.7412 0.6213
vn 0.0597 0.8326 0.5506
vn 0.1841 0.7742 0.6056
vn 0.4467 0.5562 0.7008
vn 0.4851 0.5007 0.7170
vn 0.0831 0.8250 -0.5590
vn 0.0203 0.8402 -0.5419
vn -0.1366 0.8620 -0.4882
vn -0.1549 0.7606 -0.6305
vn -0.3847 0.7276 -0.5680
vn -0.1702 0.7588 -0.6287
vn 0.7997 0.4459 0.4021
vn 0.7266 0.6842 0.0631
vn 0.7998 0.4382 0.4102
vn 0.1841 0.7743 -0.6055
vn 0.0597 0.8326 -0.5506
vn 0.7266 0.6842 -0.0631
vn 0.8128 0.3897 -0.4330
vn 0.8107 0.4121 -0.4159
vn 0.1614 0.8139 -0.5581
vn 0.0992 0.8333 -0.5438
vn -0.0577 0.8701 -0.4895
vn -0.5687 0.8225 -0.0000
vn -0.4920 0.7989 -0.3460
vn -0.4534 0.7747 -0.4407
vn -0.4920 0.7989 0.3460
vn -0.4534 0.7747 0.4407
vn 0.4136 0.5092 -0.7547
vn 0.3996 0.5272 -0.7499
vn 0.1755 0.7288 -0.6619
vn -0.6439 0.7651 -0.0000
vn -0.5770 0.7665 -0.2820
vn -0.5566 0.7621 -0.3307
vn -0.5770 0.7665 0.2820
vn -0.5566 0.7621 0.3306
vn 0.2627 0.7873 -0.5578
vn 0.2087 0.8134 -0.5429
vn 0.0606 0.8711 -0.4873
vn 0.3916 0.5346 0.7489
vn 0.1364 0.7591 0.6365
vn 0.3834 0.5419 0.7479
vn -0.2678 0.9588 0.0944
vn -0.0160 0.9494 -0.3136
vn 0.0072 0.9405 -0.3397
vn -0.2532 0.9627 0.0949
vn -0.2676 0.9581 -0.1022
vn -0.0162 0.9486 0.3160
vn -0.2530 0.9620 -0.1029
vn 0.0071 0.9405 0.3398
vn -0.2257 0.7622 0.6067
vn -0.2022 0.7621 0.6150
vn -0.0758 0.7662 0.6381
vn -0.2258 0.7622 0.6067
vn -0.3996 0.7265 0.5590
vn 0.0637 0.9927 -0.1025
vn 0.2984 0.9007 0.3158
vn 0.0794 0.9916 -0.1025
vn 0.3216 0.8840 0.3393
vn 0.0638 0.9935 0.0947
vn 0.2984 0.9007 -0.3158
vn 0.3216 0.8840 -0.3393
vn 0.0795 0.9923 0.0948
vn 0.4312 0.6328 -0.6431
vn 0.2709 0.7659 -0.5831
vn 0.4269 0.6383 -0.6406
vn 0.0204 0.8402 0.5419
vn 0.0831 0.8250 0.5590
vn -0.1366 0.8620 0.4882
vn 0.0832 0.8250 0.5590
vn 0.0206 0.8401 0.5420
vn 0.2554 0.7448 0.6165
vn 0.2776 0.7255 0.6297
vn 0.4184 0.6452 0.6393
vn 0.4099 0.6519 0.6380
vn 0.2246 0.7917 0.5681
vn 0.1269 0.9919 -0.0078
vn 0.0795 0.9923 0.0947
vn 0.1269 0.9919 -0.0079
vn 0.4851 0.5005 0.7170
vn -0.2131 0.9770 -0.0079
vn -0.2529 0.9620 -0.1027
vn -0.2131 0.9770 -0.0080
vn -0.2675 0.9581 -0.1022
vn -0.2532 0.9628 0.0948
vn -0.2131 0.9770 -0.0077
vn 0.3383 0.6372 -0.6925
vn -0.1239 0.7453 -0.6552
vn -0.1941 0.7524 -0.6294
vn 0.2554 0.7448 -0.6165
vn 0.0832 0.8250 -0.5590
vn 0.2776 0.7255 -0.6297
vn 0.0206 0.8401 -0.5420
vn -0.1940 0.7525 0.6294
vn -0.1238 0.7453 0.6552
vn 0.3312 0.6390 0.6942
vn 0.2198 0.6168 0.7558
vn -0.0682 0.7482 0.6599
vn 0.1967 0.6335 0.7483
vn 0.2087 0.8135 0.5429
vn 0.2627 0.7873 0.5578
vn 0.0605 0.8711 0.4874
vn 0.2629 0.7872 0.5578
vn 0.2088 0.8134 0.5429
vn 0.4958 0.5879 0.6392
vn 0.5249 0.5460 0.6530
vn 0.4851 0.5005 -0.7170
vn -0.2391 0.8484 -0.4723
vn -0.4284 0.9036 -0.0000
vn -0.3413 0.9008 -0.2684
vn -0.2391 0.8484 0.4723
vn -0.3413 0.9008 0.2684
vn 0.1615 0.8139 0.5582
vn 0.0992 0.8333 0.5439
vn 0.3707 0.6832 0.6291
vn 0.4012 0.6508 0.6446
vn 0.0991 0.8333 0.5438
vn 0.1614 0.8139 0.5581
vn -0.0577 0.8701 0.4895
vn -0.1239 0.7452 -0.6552
vn -0.5179 0.7133 -0.4722
vn -0.1941 0.7524 0.6294
vn -0.5179 0.7133 0.4722
vn -0.1239 0.7452 0.6552
vn 0.2432 0.6082 -0.7556
vn 0.2189 0.6216 -0.7521
vn -0.0138 0.7344 -0.6786
vn 0.1898 0.6801 -0.7081
vn 0.0807 0.7234 -0.6857
vn -0.2491 0.7790 -0.5755
vn 0.1897 0.6801 0.7081
vn -0.2491 0.7790 0.5755
vn 0.0807 0.7234 0.6857
vn 0.4958 0.5879 -0.6392
vn 0.2629 0.7872 -0.5578
vn 0.5249 0.5460 -0.6530
vn 0.2088 0.8134 -0.5429
vn 0.0027 0.7565 -0.6540
vn 0.0028 0.7565 -0.6539
vn -0.1701 0.7588 -0.6287
vn -0.1547 0.7606 -0.6305
vn 0.1602 0.7529 0.6383
vn 0.1369 0.7629 0.6318
vn -0.0978 0.8288 0.5509
vn 0.3766 0.6346 -0.6749
vn 0.2776 0.7255 -0.6298
vn 0.4020 0.6142 -0.6791
vn 0.2776 0.7255 0.6298
vn 0.3766 0.6346 0.6749
vn 0.4020 0.6142 0.6791
vn 0.0269 0.7773 -0.6285
vn 0.2935 0.7184 -0.6307
vn 0.1842 0.7674 -0.6142
vn 0.2921 0.7148 0.6354
vn 0.0269 0.7773 0.6285
vn 0.1841 0.7674 0.6142
vn 0.3707 0.6832 -0.6291
vn 0.1615 0.8139 -0.5582
vn 0.4012 0.6508 -0.6446
vn 0.0992 0.8333 -0.5439
vn -0.4969 0.8678 -0.0000
vn -0.3398 0.8717 0.3531
vn -0.3971 0.8867 0.2369
vn -0.3971 0.8867 -0.2369
vn -0.3398 0.8717 -0.3531
vn 0.0351 0.8077 -0.5886
vn -0.2000 0.8310 -0.5191
vn 0.1841 0.7674 -0.6142
vn 0.0351 0.8077 0.5886
vn -0.2000 0.8310 0.5191
vn 0.1764 0.7473 -0.6406
vn -0.0509 0.8216 -0.5678
vn 0.1603 0.7529 -0.6383
vn 0.3626 0.6304 -0.6864
vn -0.1631 0.7190 -0.6756
vn 0.4327 0.6121 -0.6619
vn -0.5565 0.7621 -0.3308
vn -0.2116 0.7245 -0.6559
vn -0.5769 0.7665 -0.2821
vn -0.1633 0.7191 -0.6755
vn -0.1631 0.7190 0.6756
vn 0.3626 0.6304 0.6864
vn 0.4327 0.6121 0.6619
vn -0.5565 0.7621 0.3309
vn -0.2191 0.7234 0.6547
vn -0.1632 0.7190 0.6755
vn -0.5769 0.7665 0.2821
vn 0.0477 0.6611 -0.7488
vn -0.0609 0.7450 -0.6642
vn 0.0785 0.6294 -0.7731
vn 0.0477 0.6611 0.7488
vn 0.0785 0.6294 0.7731
vn -0.0609 0.7450 0.6642
vn 0.0268 0.7774 0.6285
vn 0.2921 0.7147 0.6355
vn -0.3971 0.8867 0.2370
vn -0.3971 0.8867 -0.2370
vn -0.3397 0.8717 -0.3532
vn 0.0268 0.7773 -0.6285
vn -0.3413 0.9008 -0.2685
vn 0.0952 0.6747 -0.7319
vn 0.0952 0.6747 0.7319
vn -0.3413 0.9008 0.2685
vn -0.2195 0.9703 -0.1019
vn -0.2206 0.9752 0.0157
vn -0.2206 0.9751 0.0236
vn -0.2195 0.9703 -0.1020
vn -0.2206 0.9752 0.0158
vn -0.2212 0.9689 0.1105
vn -0.2212 0.9690 0.1105
vn 0.3376 0.6208 -0.7075
vn 0.1755 0.7362 -0.6536
vn -0.0974 0.8534 -0.5121
vn 0.3375 0.6208 0.7076
vn -0.0974 0.8534 0.5120
vn 0.1754 0.7362 0.6536
vn -0.7830 0.4755 0.4011
vn -0.7787 0.4936 0.3874
vn 0.1227 0.8188 0.5608
vn -0.1267 0.9406 0.3151
vn -0.1733 0.9562 0.2360
vn -0.1267 0.9406 0.3149
vn -0.2212 0.9689 0.1106
vn -0.1733 0.9562 0.2359
vn -0.1422 0.9484 -0.2835
vn -0.0646 0.9096 -0.4105
vn 0.1841 0.7462 -0.6398
vn -0.0647 0.9096 -0.4104
vn -0.1412 0.9487 -0.2828
vn -0.6976 0.7165 -0.0079
vn -0.6568 0.7460 -0.1098
vn -0.6440 0.7570 -0.1104
vn -0.6568 0.7460 0.1098
vn -0.6440 0.7570 0.1104
vn 0.5199 0.4032 0.7531
vn 0.3079 0.7148 0.6279
vn 0.5157 0.4140 0.7501
vn -0.6439 0.7571 -0.1104
vn -0.7820 0.5467 0.2992
vn -0.6439 0.7571 0.1104
vn -0.7668 0.5867 -0.2603
vn 0.5214 0.3967 -0.7555
vn 0.5126 0.4115 -0.7536
vn 0.3463 0.6747 -0.6518
vn 0.7152 0.6580 -0.2356
vn 0.3804 0.7763 -0.5026
vn 0.1299 0.8143 -0.5658
vn 0.3803 0.7763 -0.5027
vn 0.1145 0.8096 -0.5757
vn 0.1145 0.8096 -0.5756
vn 0.4520 0.7461 -0.4889
vn 0.2481 0.7969 -0.5509
vn 0.1299 0.8143 0.5658
vn 0.3804 0.7763 0.5026
vn 0.7152 0.6581 0.2356
vn 0.3803 0.7763 0.5027
vn 0.1144 0.8097 0.5756
vn 0.1145 0.8096 0.5756
vn 0.2481 0.7969 0.5509
vn 0.4520 0.7461 0.4889
vn -0.0163 0.9486 0.3160
vn 0.0072 0.9405 0.3398
vn 0.1372 0.7629 0.6318
vn 0.0071 0.9405 -0.3398
vn 0.1603 0.7528 -0.6384
vn 0.7577 0.6445 0.1025
vn 0.8450 0.4204 -0.3306
vn 0.8455 0.4128 -0.3387
vn 0.8450 0.4204 0.3306
vn 0.7570 0.6440 -0.1103
vn 0.8455 0.4128 0.3388
vn 0.3926 0.9197 -0.0079
vn 0.3466 0.9315 -0.1106
vn 0.3302 0.9374 -0.1103
vn 0.3302 0.9374 0.1103
vn 0.3926 0.9197 -0.0078
vn 0.3466 0.9315 0.1105
vn 0.5791 0.4979 0.6456
vn 0.4505 0.6755 0.5837
vn 0.3302 0.9375 0.1103
vn 0.5009 0.8230 -0.2679
vn 0.5252 0.7933 -0.3081
vn 0.3466 0.9315 0.1106
vn 0.5799 0.5062 -0.6383
vn 0.4885 0.6345 -0.5990
vn 0.5799 0.5063 -0.6383
vn 0.3302 0.9375 -0.1103
vn 0.5311 0.7898 0.3069
vn 0.3466 0.9314 -0.1108
vn 0.5389 0.7747 0.3308
vn -0.6149 -0.4786 -0.6267
vn -0.8249 -0.5472 -0.1415
vn -0.4599 -0.4533 -0.7635
vn -0.4368 -0.4620 -0.7719
vn -0.6662 -0.2820 -0.6904
vn 0.6693 -0.3792 -0.6389
vn 0.6873 0.1246 -0.7156
vn 0.6945 0.0696 -0.7162
vn 0.6683 -0.3947 -0.6305
vn -0.4749 -0.6912 -0.5447
vn -0.6368 -0.0629 -0.7684
vn -0.4745 -0.6982 -0.5361
vn -0.6317 -0.0794 -0.7712
vn 0.6135 -0.3776 -0.6936
vn 0.6250 0.1186 -0.7716
vn 0.6231 0.0788 -0.7782
vn 0.6121 -0.4086 -0.6770
vn 0.7074 0.1645 -0.6874
vn 0.7328 0.3520 -0.5823
vn 0.7454 0.5791 -0.3301
vn -0.6472 0.3874 -0.6565
vn -0.7000 0.6865 -0.1968
vn -0.7409 0.5447 -0.3930
vn -0.6579 0.7472 -0.0945
vn -0.6583 -0.2589 -0.7068
vn -0.6766 -0.2204 -0.7026
vn -0.5484 -0.4528 -0.7030
vn -0.4931 -0.5156 -0.7007
vn 0.6730 0.1880 -0.7154
vn 0.7074 0.1644 -0.6874
vn 0.6668 0.2043 -0.7167
vn 0.6695 -0.5983 -0.4403
vn 0.6092 -0.2595 -0.7494
vn 0.6116 -0.1967 -0.7663
vn 0.6761 -0.6375 -0.3695
vn 0.6250 0.1188 -0.7715
vn 0.5488 0.4994 -0.6704
vn 0.6231 0.0791 -0.7782
vn 0.6510 -0.3615 -0.6675
vn 0.6598 0.1577 -0.7347
vn 0.6629 0.1251 -0.7382
vn 0.6517 -0.3858 -0.6531
vn 0.6116 -0.1967 -0.7664
vn 0.5970 0.2140 -0.7731
vn 0.5959 0.1904 -0.7802
vn 0.6091 -0.2595 -0.7494
vn -0.5683 0.2420 -0.7864
vn -0.7459 -0.3659 -0.5565
vn -0.5707 0.2270 -0.7891
vn -0.7513 -0.3842 -0.5366
vn 0.6307 0.4082 -0.6600
vn 0.8510 0.0814 -0.5187
vn 0.3998 0.5270 -0.7499
vn 0.4136 0.5090 -0.7549
vn -0.2199 -0.6168 -0.7558
vn -0.1966 -0.6250 -0.7555
vn -0.5419 -0.5160 -0.6634
vn 0.5970 0.2146 -0.7730
vn 0.5690 0.4575 -0.6833
vn 0.6445 -0.3700 -0.6691
vn 0.6617 0.1405 -0.7365
vn 0.6648 0.0939 -0.7411
vn 0.6371 -0.3941 -0.6624
vn 0.6597 0.1578 -0.7347
vn 0.5946 0.5202 -0.6131
vn 0.6629 0.1252 -0.7382
vn 0.6617 0.1407 -0.7364
vn 0.5871 0.5284 -0.6133
vn 0.6648 0.0942 -0.7411
vn 0.5932 -0.2034 -0.7790
vn 0.7431 0.4309 -0.5119
vn 0.7345 0.3840 -0.5595
vn 0.5953 -0.1882 -0.7812
vn 0.6984 -0.4826 -0.5285
vn 0.6339 0.1655 -0.7555
vn 0.7011 -0.4765 -0.5305
vn 0.6352 0.1502 -0.7576
vn -0.6304 -0.3157 -0.7092
vn -0.6344 -0.2981 -0.7132
vn -0.6304 -0.3156 -0.7092
vn -0.6032 -0.3734 -0.7048
vn -0.6811 -0.1879 -0.7077
vn -0.5539 -0.4506 -0.7001
vn -0.7150 0.0017 -0.6991
vn -0.4587 -0.4291 -0.7781
vn -0.6376 -0.3384 -0.6920
vn -0.4753 -0.4218 -0.7721
vn -0.6066 -0.3626 -0.7075
vn -0.5914 -0.3867 -0.7076
vn -0.5878 -0.1357 -0.7975
vn -0.7103 0.4132 -0.5699
vn -0.7210 0.4585 -0.5195
vn -0.5910 -0.1032 -0.8001
vn -0.3510 -0.4952 -0.7948
vn -0.2410 -0.5362 -0.8090
vn -0.0390 0.6708 -0.7406
vn -0.0702 0.6701 -0.7389
vn -0.3955 0.6504 -0.6485
vn 0.5819 0.2539 -0.7726
vn 0.4852 0.5004 -0.7171
vn 0.5881 0.2453 -0.7707
vn 0.4468 0.5561 -0.7008
vn -0.3234 -0.6692 -0.6690
vn -0.3856 -0.6517 -0.6531
vn 0.1787 -0.7361 -0.6529
vn -0.6240 0.2277 -0.7475
vn -0.6240 0.2278 -0.7475
vn -0.6241 0.2277 -0.7474
vn -0.6241 0.2278 -0.7474
vn 0.5822 -0.3529 -0.7324
vn 0.6392 0.1023 -0.7622
vn 0.5823 -0.3529 -0.7324
vn 0.5963 -0.1802 -0.7822
vn 0.5881 0.2452 -0.7707
vn 0.5972 -0.1728 -0.7832
vn -0.5683 0.2423 -0.7863
vn -0.5707 0.2272 -0.7891
vn -0.4841 0.5326 -0.6942
vn 0.6352 0.1503 -0.7576
vn 0.6338 0.1658 -0.7555
vn 0.5930 0.4726 -0.6519
vn -0.4141 -0.4943 -0.7643
vn -0.6051 -0.4370 -0.6655
vn -0.4206 -0.4925 -0.7619
vn -0.6541 0.0002 -0.7564
vn -0.6278 -0.1349 -0.7666
vn -0.6540 0.0081 -0.7564
vn -0.6205 -0.1666 -0.7663
vn -0.5668 -0.3478 -0.7468
vn -0.6541 0.0003 -0.7564
vn -0.5829 -0.3167 -0.7483
vn -0.5027 -0.5019 -0.7038
vn -0.4386 -0.5636 -0.7000
vn -0.6065 -0.3627 -0.7075
vn 0.6686 -0.3547 -0.6535
vn 0.6499 0.1729 -0.7401
vn 0.6692 -0.3075 -0.6765
vn 0.6514 0.1578 -0.7421
vn 0.6035 -0.1250 -0.7875
vn 0.7432 0.4309 -0.5119
vn 0.6072 -0.0780 -0.7907
vn 0.6071 -0.0783 -0.7907
vn 0.5731 -0.3840 -0.7239
vn 0.6035 -0.1253 -0.7875
vn -0.5943 -0.1116 -0.7965
vn -0.7210 0.4585 -0.5196
vn -0.5921 -0.0719 -0.8026
vn 0.6499 0.1731 -0.7400
vn 0.6103 0.4581 -0.6463
vn 0.6975 -0.4580 -0.5511
vn 0.6566 0.1491 -0.7393
vn 0.6971 -0.4497 -0.5584
vn 0.6585 0.1260 -0.7420
vn 0.6032 -0.1645 -0.7805
vn 0.6028 -0.1326 -0.7868
vn 0.6585 0.1262 -0.7419
vn 0.6566 0.1492 -0.7393
vn 0.6174 0.4495 -0.6456
vn -0.4206 -0.4926 -0.7619
vn -0.1164 -0.5582 -0.8215
vn -0.0064 -0.5797 -0.8148
vn -0.4930 -0.5158 -0.7007
vn -0.3764 -0.6265 -0.6825
vn -0.1157 -0.5491 -0.8277
vn 0.1650 -0.6834 -0.7111
vn -0.2103 -0.5166 -0.8300
vn 0.2422 -0.7309 -0.6381
vn -0.1160 -0.5491 -0.8277
vn -0.2103 -0.5167 -0.8299
vn -0.4586 -0.4292 -0.7781
vn -0.5451 -0.3419 -0.7655
vn -0.5037 -0.4108 -0.7599
vn -0.0561 -0.6772 -0.7336
vn -0.3364 -0.5737 -0.7468
vn -0.1581 -0.6515 -0.7420
vn -0.5849 -0.1740 -0.7922
vn -0.5855 -0.1663 -0.7934
vn 0.6540 -0.4032 -0.6401
vn 0.6462 0.1254 -0.7528
vn 0.6524 -0.3701 -0.6613
vn 0.6480 0.0944 -0.7558
vn 0.7715 0.4485 -0.4514
vn 0.6757 0.2513 -0.6930
vn 0.6701 0.2601 -0.6952
vn -0.7505 -0.6608 0.0081
vn 0.6480 0.0945 -0.7557
vn 0.6029 0.4435 -0.6633
vn 0.5954 -0.1882 -0.7811
vn 0.4977 -0.5792 -0.6456
vn 0.5933 -0.2034 -0.7789
vn -0.5379 -0.4586 -0.7074
vn -0.5910 -0.1033 -0.8000
vn 0.5921 -0.2106 -0.7778
vn 0.5943 -0.1957 -0.7801
vn -0.2409 -0.5362 -0.8090
vn -0.3504 -0.4952 -0.7949
vn 0.1177 -0.6383 -0.7607
vn 0.6014 0.3956 -0.6941
vn 0.6701 0.2602 -0.6952
vn -0.6031 -0.3736 -0.7048
vn -0.5539 -0.4507 -0.7000
vn -0.4543 -0.5708 -0.6839
vn -0.5873 -0.1433 -0.7966
vn -0.5906 -0.1110 -0.7993
vn -0.4599 -0.4533 -0.7636
vn 0.0109 -0.8441 -0.5361
vn -0.4366 -0.4621 -0.7719
vn 0.0185 -0.8498 -0.5268
vn -0.5943 -0.1117 -0.7964
vn -0.5550 -0.3896 -0.7350
vn -0.5921 -0.0725 -0.8026
vn 0.0848 -0.7096 -0.6995
vn 0.1324 -0.7143 -0.6872
vn 0.5962 -0.1806 -0.7822
vn 0.5822 -0.3531 -0.7324
vn -0.0063 -0.5798 -0.8148
vn 0.3185 -0.7935 -0.5185
vn 0.3809 -0.8439 -0.3778
vn -0.7505 -0.6608 0.0079
vn 0.4270 0.6382 -0.6406
vn 0.3215 0.8840 -0.3393
vn 0.2983 0.9008 -0.3157
vn 0.6028 -0.1328 -0.7868
vn 0.5376 -0.4840 -0.6905
vn 0.6032 -0.1648 -0.7804
vn 0.0877 -0.5916 -0.8014
vn 0.1210 -0.5473 -0.8282
vn 0.1207 -0.5473 -0.8282
vn 0.0311 -0.6626 -0.7483
vn -0.3475 -0.6093 -0.7127
vn -0.4534 0.7747 -0.4408
vn -0.1111 0.6168 -0.7792
vn -0.4920 0.7988 -0.3462
vn -0.0171 0.5927 -0.8052
vn -0.5026 -0.5020 -0.7038
vn -0.3144 -0.6596 -0.6827
vn 0.6020 -0.1404 -0.7861
vn 0.6061 -0.0938 -0.7898
vn 0.6061 -0.0942 -0.7898
vn 0.5634 -0.4144 -0.7148
vn 0.6020 -0.1409 -0.7860
vn -0.5037 -0.4109 -0.7599
vn -0.4154 -0.5266 -0.7417
vn -0.5921 -0.0721 -0.8026
vn -0.5849 -0.1741 -0.7922
vn -0.5026 -0.5556 -0.6623
vn -0.5855 -0.1664 -0.7934
vn -0.0522 -0.5199 -0.8526
vn -0.1287 -0.4442 -0.8866
vn -0.7506 -0.6607 0.0079
vn 0.7524 0.5399 -0.3774
vn 0.3932 0.6129 -0.6854
vn 0.5943 -0.1958 -0.7801
vn 0.4978 -0.5874 -0.6381
vn 0.5921 -0.2110 -0.7778
vn -0.5872 -0.1435 -0.7966
vn -0.5305 -0.4668 -0.7076
vn 0.0558 -0.6150 -0.7865
vn -0.0522 -0.5200 -0.8526
vn -0.5819 -0.1913 -0.7905
vn -0.5842 -0.1814 -0.7911
vn -0.1239 0.7451 -0.6554
vn 0.3382 0.6372 -0.6925
vn -0.5518 -0.4028 -0.7303
vn -0.5921 -0.0722 -0.8026
vn -0.7331 -0.6597 -0.1655
vn -0.0641 0.6100 -0.7898
vn 0.2079 0.4740 -0.8556
vn 0.2698 0.4411 -0.8559
vn -0.0559 0.6063 -0.7932
vn -0.2441 0.6689 -0.7021
vn 0.6013 -0.1799 -0.7785
vn 0.6035 -0.1252 -0.7875
vn 0.5398 -0.4779 -0.6930
vn 0.6032 -0.1647 -0.7804
vn -0.6205 0.1654 -0.7666
vn -0.6193 0.1413 -0.7723
vn -0.5543 0.4854 -0.6761
vn -0.7103 0.4131 -0.5699
vn -0.6634 -0.3312 -0.6710
vn -0.6205 0.1650 -0.7666
vn -0.6651 -0.3710 -0.6481
vn -0.6194 0.1410 -0.7723
vn -0.5819 -0.1914 -0.7904
vn -0.4870 -0.5791 -0.6539
vn -0.5842 -0.1816 -0.7910
vn -0.5958 -0.2528 -0.7623
vn -0.2706 -0.8015 -0.5333
vn -0.5833 -0.2702 -0.7660
vn -0.2644 -0.8066 -0.5287
vn 0.2700 0.4411 -0.8559
vn 0.7211 0.4479 -0.5285
vn 0.8048 0.4519 -0.3849
vn 0.2079 0.4739 -0.8557
vn 0.5058 -0.5635 -0.6532
vn 0.5932 -0.2034 -0.7789
vn -0.6308 0.1883 -0.7528
vn -0.6328 0.1728 -0.7548
vn -0.5633 0.4946 -0.6619
vn -0.5873 -0.1435 -0.7966
vn -0.5316 -0.4754 -0.7010
vn -0.2113 0.7246 -0.6560
vn 0.3415 0.4635 -0.8176
vn 0.3746 0.4420 -0.8150
vn 0.6028 -0.1325 -0.7868
vn 0.6066 -0.0859 -0.7903
vn 0.6066 -0.0863 -0.7903
vn 0.5653 -0.4079 -0.7170
vn 0.6028 -0.1330 -0.7867
vn 0.4055 0.5622 -0.7208
vn -0.2392 0.8484 -0.4723
vn -0.5950 -0.0961 -0.7979
vn -0.5925 -0.0564 -0.8036
vn -0.7172 -0.4068 -0.5658
vn -0.6308 0.1880 -0.7528
vn -0.7190 -0.4234 -0.5512
vn -0.6328 0.1727 -0.7548
vn -0.0171 0.5927 -0.8053
vn 0.3747 0.4877 -0.7885
vn -0.1108 0.6168 -0.7793
vn 0.5769 0.4342 -0.6919
vn -0.6180 0.2123 -0.7570
vn -0.6250 0.1965 -0.7555
vn -0.5950 -0.0962 -0.7979
vn -0.5618 -0.3655 -0.7422
vn -0.5925 -0.0565 -0.8036
vn 0.6042 -0.1170 -0.7882
vn -0.6069 0.2032 -0.7684
vn -0.6089 0.1879 -0.7706
vn -0.5400 0.5184 -0.6630
vn -0.6688 -0.2674 -0.6937
vn -0.6180 0.2120 -0.7570
vn -0.6754 -0.3133 -0.6676
vn -0.6250 0.1963 -0.7555
vn 0.5614 0.3496 -0.7501
vn -0.5878 -0.1824 -0.7882
vn 0.4021 0.6141 -0.6791
vn 0.4456 0.5699 -0.6904
vn 0.3766 0.6345 -0.6749
vn 0.6042 -0.1173 -0.7882
vn 0.5419 -0.4718 -0.6955
vn 0.6032 -0.1646 -0.7804
vn 0.5997 -0.0542 -0.7984
vn 0.5967 -0.1013 -0.7961
vn -0.5878 -0.1828 -0.7881
vn -0.4951 -0.5715 -0.6544
vn 0.6204 0.2604 -0.7398
vn 0.5992 -0.2664 -0.7550
vn 0.6014 -0.2753 -0.7500
vn -0.7175 -0.4380 -0.5417
vn -0.6069 0.2028 -0.7685
vn -0.7181 -0.4461 -0.5342
vn -0.6090 0.1878 -0.7706
vn 0.6132 0.3849 -0.6898
vn 0.5249 0.5459 -0.6530
vn 0.6149 0.3783 -0.6920
vn 0.4959 0.5878 -0.6392
vn 0.1737 0.6864 -0.7062
vn 0.0409 0.7061 -0.7069
vn 0.4012 0.6585 -0.6367
vn 0.4054 0.5622 -0.7208
vn 0.1898 0.6800 -0.7082
vn 0.3751 0.4420 -0.8148
vn 0.7469 0.2732 -0.6062
vn 0.7505 0.2744 -0.6012
vn 0.3416 0.4635 -0.8176
vn 0.4996 0.4757 -0.7240
vn 0.1841 0.7463 -0.6397
vn 0.4996 0.4758 -0.7239
vn 0.1842 0.7460 -0.6400
vn -0.6690 0.2916 -0.6837
vn -0.5897 0.4250 -0.6867
vn 0.6661 -0.0319 -0.7451
vn 0.6149 0.3782 -0.6920
vn 0.6608 -0.1109 -0.7423
vn 0.6401 -0.5511 -0.5353
vn 0.6263 0.0952 -0.7738
vn 0.6403 -0.5432 -0.5431
vn 0.6235 0.0635 -0.7792
vn -0.6402 0.1097 -0.7603
vn -0.4921 -0.5071 -0.7076
vn -0.5166 -0.4534 -0.7264
vn 0.5553 0.4827 -0.6772
vn 0.4012 0.6507 -0.6447
vn 0.5553 0.4828 -0.6772
vn -0.5451 -0.3420 -0.7655
vn -0.6458 -0.0078 -0.7635
vn -0.6278 -0.1348 -0.7666
vn -0.6458 -0.0157 -0.7633
vn -0.5749 -0.3323 -0.7477
vn -0.5763 -0.3253 -0.7497
vn 0.5368 0.6576 -0.5286
vn -0.0698 0.6701 -0.7390
vn 0.5425 0.6547 -0.5263
vn -0.0386 0.6708 -0.7406
vn 0.3682 -0.7424 -0.5597
vn -0.2195 -0.6168 -0.7558
vn 0.3614 -0.7444 -0.5615
vn -0.1963 -0.6250 -0.7555
vn 0.6025 0.4196 -0.6789
vn -0.6690 0.2913 -0.6838
vn -0.6706 0.2842 -0.6852
vn 0.6236 0.0636 -0.7792
vn 0.6263 0.0953 -0.7738
vn 0.6231 0.3783 -0.6845
vn 0.5995 -0.0542 -0.7986
vn 0.5993 -0.2664 -0.7549
vn 0.6014 -0.2755 -0.7500
vn 0.6820 0.2816 -0.6749
vn 0.6610 -0.2913 -0.6915
vn 0.6642 -0.2768 -0.6944
vn -0.5452 -0.3418 -0.7655
vn -0.5038 -0.4107 -0.7599
vn -0.6594 0.1265 -0.7411
vn -0.5606 0.5564 -0.6133
vn -0.6541 0.1728 -0.7364
vn 0.1767 0.7473 -0.6406
vn 0.1603 0.7529 -0.6384
vn -0.9477 -0.0871 -0.3071
vn -0.7252 -0.2745 -0.6315
vn -0.7237 -0.2817 -0.6300
vn -0.9341 -0.1114 -0.3393
vn -0.6561 0.1574 -0.7381
vn -0.5685 0.5486 -0.6131
vn -0.6513 0.1898 -0.7347
vn 0.6162 0.4023 -0.6771
vn 0.6163 0.4023 -0.6770
vn -0.6601 -0.3605 -0.6590
vn -0.6618 -0.3381 -0.6691
vn -0.6541 0.1725 -0.7365
vn -0.6594 0.1264 -0.7411
vn -0.6211 -0.2292 -0.7494
vn -0.6205 -0.1665 -0.7663
vn -0.5859 0.2429 -0.7731
vn -0.5859 0.2191 -0.7802
vn -0.5859 0.2193 -0.7802
vn -0.5460 0.4847 -0.6833
vn -0.5859 0.2435 -0.7730
vn -0.6697 -0.3535 -0.6531
vn -0.6513 0.1897 -0.7347
vn -0.6560 0.1574 -0.7382
vn -0.6211 -0.2295 -0.7494
vn -0.6979 -0.5649 -0.4402
vn -0.7065 -0.6037 -0.3694
vn -0.6369 0.0945 -0.7652
vn -0.5533 0.5085 -0.6598
vn -0.6326 0.1412 -0.7615
vn 0.6654 0.3554 -0.6565
vn -0.6560 0.2369 -0.7167
vn -0.6630 0.2208 -0.7154
vn -0.6098 0.4391 -0.6597
vn -0.6394 -0.3782 -0.6694
vn -0.6378 -0.3540 -0.6840
vn -0.6326 0.1410 -0.7615
vn -0.6369 0.0943 -0.7652
vn -0.6788 -0.3772 -0.6300
vn -0.6791 -0.3619 -0.6386
vn -0.6864 0.1421 -0.7132
vn -0.6915 0.0875 -0.7170
vn -0.6985 0.1987 -0.6875
vn -0.7147 0.3874 -0.5823
vn -0.6630 0.2206 -0.7154
vn -0.6560 0.2366 -0.7167
vn -0.7147 0.3874 -0.5824
vn -0.6987 0.1989 -0.6872
vn -0.7161 0.6150 -0.3302
vn 0.5008 0.8231 -0.2679
vn 0.5800 0.5061 -0.6384
vn 0.8352 -0.1470 -0.5300
vn 0.8364 -0.1539 -0.5260
vn 0.5214 0.3966 -0.7555
vn 0.2190 0.6216 -0.7521
vn 0.7742 0.3599 -0.5207
vn 0.7510 0.4849 -0.4481
vn 0.7314 0.6427 -0.2280
vn 0.7511 0.4695 -0.4641
vn 0.7315 0.6505 -0.2044
vn 0.7244 0.3287 -0.6060
vn 0.7170 0.3445 -0.6060
vn 0.7510 0.4849 0.4481
vn 0.7314 0.6427 0.2280
vn 0.7315 0.6505 0.2044
vn 0.7511 0.4695 0.4641
vn 0.7244 0.3287 0.6060
vn 0.7170 0.3446 0.6060
vn 0.7431 0.6691 -0.0000
vn 0.7314 0.6428 -0.2280
vn 0.7445 0.5015 -0.4408
vn 0.7228 0.6577 -0.2121
vn 0.7447 0.4939 -0.4489
vn 0.7185 0.3531 -0.5992
vn 0.7087 0.3756 -0.5972
vn 0.7445 0.5015 0.4408
vn 0.7229 0.6577 0.2120
vn 0.7447 0.4939 0.4489
vn 0.7185 0.3531 0.5992
vn 0.7087 0.3756 0.5972
vn 0.7169 0.3446 -0.6060
vn 0.6882 0.4091 -0.5992
vn 0.7169 0.3446 0.6060
vn 0.6882 0.4091 0.5992
vn 0.6765 -0.6458 -0.3540
vn 0.6683 -0.3948 -0.6305
vn 0.6693 -0.3793 -0.6389
vn 0.6782 -0.6636 -0.3157
vn 0.6683 -0.3948 0.6305
vn 0.6765 -0.6458 0.3540
vn 0.6693 -0.3793 0.6389
vn 0.6782 -0.6636 0.3158
vn 0.7393 0.6734 -0.0000
vn 0.7452 0.6177 0.2511
vn 0.7453 0.5793 0.3300
vn 0.7453 0.5793 -0.3300
vn 0.7452 0.6177 -0.2511
vn 0.6439 -0.6520 -0.4005
vn 0.6121 -0.4087 -0.6770
vn 0.6136 -0.3776 -0.6935
vn 0.6529 -0.6776 -0.3386
vn 0.6121 -0.4087 0.6770
vn 0.6459 -0.6540 0.3939
vn 0.6136 -0.3776 0.6935
vn 0.6529 -0.6776 0.3386
vn 0.7452 0.6177 -0.2513
vn 0.7453 0.5793 -0.3301
vn 0.7328 0.3521 -0.5823
vn 0.7452 0.6177 0.2512
vn 0.7328 0.3521 0.5823
vn 0.7453 0.5793 0.3301
vn 0.7087 0.3757 -0.5972
vn 0.7185 0.3532 -0.5992
vn 0.6734 0.4643 -0.5752
vn 0.7087 0.3757 0.5972
vn 0.6734 0.4644 0.5752
vn 0.7185 0.3532 0.5992
vn 0.6873 0.1249 -0.7155
vn 0.6196 0.4981 -0.6066
vn 0.6945 0.0696 -0.7161
vn 0.6874 0.1248 0.7155
vn 0.6945 0.0696 0.7161
vn 0.6196 0.4981 0.6066
vn 0.7356 0.6774 0.0001
vn 0.7356 0.6774 -0.0000
vn 0.7240 0.6588 0.2044
vn 0.7240 0.6510 0.2281
vn 0.7240 0.6510 -0.2281
vn 0.7240 0.6588 -0.2044
vn 0.7356 0.6774 -0.0002
vn 0.9804 -0.1578 0.1180
vn 0.9887 -0.1502 -0.0000
vn 0.9804 -0.1578 -0.1181
vn 0.7385 0.4875 -0.4658
vn 0.7379 0.4560 -0.4975
vn 0.7240 0.6588 -0.2045
vn 0.7385 0.4875 0.4658
vn 0.7240 0.6588 0.2045
vn 0.7379 0.4561 0.4975
vn 0.7379 0.4559 -0.4976
vn 0.7004 0.2667 -0.6621
vn 0.7385 0.4874 -0.4659
vn 0.7003 0.2667 -0.6621
vn 0.7379 0.4559 0.4976
vn 0.7004 0.2667 0.6621
vn 0.7385 0.4873 0.4660
vn 0.7358 0.4933 -0.4640
vn 0.7314 0.6427 -0.2281
vn 0.7420 0.4689 -0.4791
vn 0.7096 0.3139 -0.6308
vn 0.7040 0.3229 -0.6326
vn 0.7385 0.4874 0.4659
vn 0.7420 0.4689 0.4790
vn 0.7096 0.3139 0.6308
vn 0.7040 0.3229 0.6326
vn 0.7393 0.6734 0.0001
vn 0.7393 0.6734 -0.0001
vn 0.6517 -0.3859 -0.6530
vn 0.6622 -0.6468 -0.3784
vn 0.6687 -0.6699 -0.3228
vn 0.6517 -0.3859 0.6530
vn 0.6622 -0.6468 0.3784
vn 0.6510 -0.3615 0.6675
vn 0.6686 -0.6699 0.3229
vn 0.6925 0.3059 -0.6533
vn 0.7003 0.2668 0.6621
vn 0.6925 0.3059 0.6534
vn 0.8511 0.0814 0.5187
vn 0.9804 -0.1578 0.1181
vn 0.8511 0.0813 0.5187
vn 0.8511 0.0814 -0.5187
vn 0.6371 -0.3942 -0.6623
vn 0.6602 -0.6449 -0.3850
vn 0.6652 -0.6664 -0.3368
vn 0.6445 -0.3701 -0.6691
vn 0.6371 -0.3943 0.6623
vn 0.6602 -0.6449 0.3851
vn 0.6445 -0.3701 0.6691
vn 0.6669 -0.6682 0.3298
vn 0.7039 0.3229 -0.6326
vn 0.7096 0.3140 -0.6308
vn 0.6815 0.3944 -0.6164
vn 0.6816 0.3944 0.6164
vn 0.7096 0.3140 0.6308
vn 0.7966 0.6044 0.0079
vn 0.7848 0.6016 -0.1492
vn 0.7807 0.6047 -0.1578
vn 0.7825 0.6061 0.1424
vn 0.7816 0.6054 0.1501
vn 0.7403 0.3750 0.5580
vn 0.7521 0.4235 0.5049
vn 0.7816 0.6054 0.1502
vn 0.7847 0.6016 -0.1493
vn 0.7346 0.3840 -0.5594
vn 0.7807 0.6047 -0.1579
vn 0.8090 0.5009 0.3075
vn 0.8091 0.4854 0.3314
vn 0.7309 0.2187 0.6465
vn 0.8030 0.5101 -0.3083
vn 0.7962 0.5421 -0.2688
vn 0.7371 0.2257 -0.6370
vn 0.7383 0.2183 -0.6382
vn 0.7383 0.2184 -0.6382
vn 0.7371 0.2259 -0.6370
vn 0.6686 -0.3550 -0.6534
vn 0.6746 -0.6681 -0.3140
vn 0.6757 -0.6773 -0.2910
vn 0.6770 -0.3237 0.6610
vn 0.6756 -0.3707 0.6373
vn 0.6678 -0.6851 0.2911
vn 0.6764 -0.6861 0.2680
vn 0.7521 0.4236 0.5049
vn 0.7309 0.2188 0.6465
vn 0.6881 0.4322 0.5828
vn 0.7484 0.6512 -0.1259
vn 0.7498 0.6524 -0.1104
vn 0.7477 0.6583 0.0865
vn 0.7514 0.6461 0.1344
vn 0.7661 -0.6426 0.0079
vn 0.7250 -0.6723 -0.1498
vn 0.7078 -0.6868 -0.1653
vn 0.7164 -0.6796 0.1576
vn 0.7241 -0.6715 0.1575
vn 0.7662 -0.6426 0.0080
vn 0.7687 0.4469 -0.4576
vn 0.7484 0.6512 -0.1260
vn 0.7714 0.4486 -0.4514
vn 0.7687 0.4469 0.4576
vn 0.7682 0.4312 0.4733
vn 0.7514 0.6460 0.1345
vn 0.7211 -0.6928 0.0079
vn 0.7078 -0.6868 -0.1654
vn 0.7502 -0.6421 0.1578
vn 0.7211 -0.6928 0.0076
vn 0.6981 -0.3706 0.6127
vn 0.7164 -0.6796 0.1579
vn 0.7561 -0.6487 -0.0866
vn 0.7240 -0.6715 0.1579
vn 0.6959 -0.3094 -0.6480
vn 0.6924 -0.3079 -0.6525
vn 0.7779 -0.5917 -0.2117
vn 0.6568 -0.3408 0.6727
vn 0.6595 -0.3860 0.6451
vn 0.6607 -0.6777 0.3228
vn 0.6597 -0.6928 0.2913
vn 0.6540 -0.4033 -0.6400
vn 0.6607 -0.6777 -0.3228
vn 0.6597 -0.6928 -0.2913
vn 0.6524 -0.3704 -0.6612
vn 0.7714 0.4485 -0.4514
vn 0.7687 0.4468 -0.4577
vn 0.7687 0.4468 0.4577
vn 0.6757 0.2513 0.6930
vn 0.7682 0.4311 0.4734
vn 0.7266 0.6842 0.0630
vn 0.7997 0.4458 0.4022
vn 0.7997 0.4458 0.4021
vn 0.7998 0.4381 0.4103
vn 0.7377 0.2650 0.6210
vn 0.7454 0.2414 0.6213
vn 0.7266 0.6842 -0.0630
vn 0.8107 0.4119 -0.4160
vn 0.7441 0.2020 -0.6368
vn 0.7453 0.1944 -0.6378
vn 0.7002 -0.3638 0.6143
vn 0.6830 -0.3149 0.6591
vn 0.7393 0.6733 -0.0000
vn 0.6959 -0.3095 -0.6480
vn 0.6666 -0.3619 -0.6517
vn 0.7661 -0.6426 0.0078
vn 0.7165 -0.6796 0.1576
vn 0.7452 0.1945 -0.6378
vn 0.6939 0.4463 -0.5651
vn 0.7377 0.2653 0.6208
vn 0.6881 0.4632 0.5585
vn 0.7249 -0.6723 -0.1498
vn 0.7211 -0.6928 0.0078
vn 0.6656 -0.4569 0.5901
vn 0.7164 -0.6796 0.1578
vn 0.7241 -0.6715 0.1577
vn 0.6661 -0.4014 -0.6286
vn 0.6705 -0.3880 -0.6324
vn 0.7779 -0.5916 -0.2117
vn 0.7460 0.6491 -0.1490
vn 0.7478 0.6430 -0.1652
vn 0.7478 0.6430 0.1653
vn 0.7497 0.6446 0.1499
vn 0.7790 0.3273 -0.5348
vn 0.7460 0.6491 -0.1492
vn 0.7478 0.6430 -0.1656
vn 0.7785 0.3970 -0.4862
vn 0.7785 0.3968 -0.4863
vn 0.7790 0.3271 -0.5349
vn 0.7297 0.2262 -0.6453
vn 0.7309 0.2185 -0.6465
vn 0.7497 0.6446 0.1500
vn 0.7739 0.3830 0.5043
vn 0.7478 0.6430 0.1654
vn 0.7739 0.4219 0.4722
vn 0.7258 0.2902 0.6237
vn 0.7304 0.2654 0.6293
vn 0.7304 0.2655 0.6293
vn 0.7257 0.2906 0.6237
vn 0.6801 0.4556 0.5744
vn 0.2982 0.9008 0.3157
vn 0.4099 0.6518 0.6380
vn 0.4184 0.6450 0.6394
vn 0.4314 0.6327 -0.6431
vn 0.7309 0.2188 -0.6465
vn 0.6816 0.4411 -0.5838
vn 0.6681 -0.4506 0.5921
vn 0.6096 -0.5110 0.6061
vn 0.6656 -0.4570 0.5900
vn 0.7662 -0.6426 0.0079
vn 0.6661 -0.4015 -0.6286
vn 0.5871 -0.5516 -0.5925
vn 0.7502 -0.6421 0.1579
vn 0.6822 -0.4099 0.6055
vn 0.7241 -0.6715 0.1576
vn 0.6797 -0.3568 -0.6408
vn 0.0556 -0.6151 -0.7865
vn -0.0524 -0.5199 0.8526
vn -0.1286 -0.4442 0.8867
vn 0.0557 -0.6149 0.7866
vn 0.6854 -0.4119 0.6005
vn 0.6428 -0.4250 0.6373
vn 0.6821 -0.4100 0.6055
vn 0.7874 0.5339 -0.3081
vn 0.3933 0.6129 -0.6853
vn 0.7524 0.5399 0.3774
vn 0.3934 0.6129 0.6853
vn 0.7874 0.5339 0.3081
vn 0.6797 -0.3569 -0.6408
vn 0.6257 -0.4715 -0.6214
vn 0.8658 0.5004 -0.0000
vn 0.7524 0.5399 -0.3773
vn 0.8658 0.5005 -0.0000
vn 0.7875 0.5339 -0.3078
vn 0.7875 0.5339 0.3079
vn 0.7524 0.5399 0.3773
vn -0.0983 -0.7944 -0.5994
vn -0.1694 -0.8002 -0.5753
vn -0.3091 -0.7767 -0.5488
vn -0.0983 -0.7944 0.5994
vn -0.3732 -0.7332 0.5685
vn -0.7155 -0.6277 0.3067
vn -0.3090 -0.7768 0.5488
vn -0.1693 -0.8001 0.5755
vn -0.0983 -0.7945 0.5993
vn 0.7662 -0.6426 0.0083
vn -0.3451 -0.5975 -0.7238
vn -0.3449 -0.5976 0.7238
vn -0.2130 -0.6349 0.7426
vn 0.0557 -0.6150 0.7865
vn 0.7240 -0.6715 0.1577
vn 0.6941 -0.3007 -0.6540
vn 0.6924 -0.3079 -0.6526
vn 0.7779 -0.5917 -0.2116
vn 0.7002 -0.3638 0.6144
vn 0.6847 -0.3078 0.6606
vn 0.7661 -0.6426 0.0077
vn 0.6674 -0.4422 0.5992
vn 0.7164 -0.6796 0.1577
vn 0.6705 -0.3879 -0.6324
vn 0.6735 -0.3773 -0.6356
vn 0.6748 -0.4421 0.5909
vn 0.6191 -0.4884 0.6150
vn 0.6735 -0.3775 -0.6355
vn 0.5995 -0.5249 -0.6042
vn 0.0355 0.8077 -0.5885
vn 0.1841 0.7673 -0.6142
vn 0.1842 0.7674 0.6141
vn 0.0356 0.8077 0.5885
vn 0.3627 0.6304 -0.6864
vn 0.7354 0.4621 -0.4957
vn 0.3627 0.6303 0.6864
vn 0.7354 0.4621 0.4957
vn 0.4328 0.6121 0.6618
vn 0.7662 -0.6426 0.0081
vn 0.6830 -0.4185 0.5986
vn 0.6438 -0.4336 0.6305
vn 0.6798 -0.4165 0.6036
vn 0.7250 -0.6722 -0.1498
vn 0.6799 -0.4164 0.6036
vn 0.6777 -0.3638 -0.6390
vn 0.6185 -0.4799 -0.6222
vn 0.6777 -0.3637 -0.6391
vn 0.7346 0.3841 -0.5593
vn 0.7848 0.6016 -0.1491
vn 0.6941 -0.3725 0.6161
vn 0.6786 -0.3323 0.6550
vn 0.6959 -0.3774 0.6110
vn 0.6941 -0.3167 -0.6465
vn 0.6595 -0.3859 -0.6451
vn 0.7211 -0.6928 0.0080
vn 0.6960 -0.3774 0.6109
vn 0.7240 -0.6715 0.1578
vn 0.6941 -0.3166 -0.6465
vn 0.5947 -0.5355 -0.5997
vn 0.6165 -0.4944 0.6128
vn 0.9495 0.1972 0.2440
vn 0.6705 0.2994 0.6788
vn 0.6905 0.2973 0.6594
vn 0.9429 0.1977 0.2680
vn 0.4702 0.5247 0.7097
vn 0.3376 0.6209 0.7075
vn 0.1756 0.7362 0.6536
vn 0.1738 0.6864 -0.7062
vn 0.5963 0.5524 -0.5825
vn 0.2929 0.6646 -0.6874
vn 0.1898 0.6801 -0.7082
vn 0.0808 0.7234 -0.6857
vn 0.1738 0.6864 0.7062
vn 0.2929 0.6646 0.6874
vn 0.5963 0.5524 0.5825
vn 0.7470 0.2731 -0.6061
vn 0.9509 0.1897 -0.2447
vn 0.9463 0.1905 -0.2611
vn 0.4072 0.5568 0.7240
vn 0.1898 0.6801 0.7081
vn 0.0809 0.7234 0.6857
vn 0.7251 -0.6721 -0.1498
vn 0.7502 -0.6422 0.1578
vn 0.1755 0.7363 -0.6535
vn 0.7211 0.4479 0.5286
vn 0.8048 0.4519 0.3849
vn 0.9110 0.4124 -0.0000
vn 0.8048 0.4518 -0.3849
vn 0.7211 0.4479 -0.5286
vn 0.7879 0.5885 0.1815
vn 0.5209 0.6577 0.5441
vn 0.5289 0.6577 0.5363
vn 0.6777 -0.3639 -0.6390
vn 0.6191 -0.4884 -0.6150
vn 0.6831 -0.4185 0.5986
vn 0.6414 -0.4400 0.6285
vn 0.6788 -0.4206 0.6019
vn 0.7879 0.5885 -0.1815
vn 0.5426 0.6547 -0.5263
vn 0.5369 0.6576 -0.5285
vn 0.9832 0.1812 -0.0237
vn 0.9833 0.1812 -0.0158
vn 0.9510 0.1897 -0.2442
vn 0.9464 0.1905 -0.2610
vn 0.9429 0.1977 0.2679
vn 0.9495 0.1972 0.2439
vn 0.6642 -0.2767 -0.6944
vn 0.6642 -0.2767 0.6944
vn 0.6821 0.2817 0.6749
vn 0.6789 -0.4206 0.6019
vn 0.6777 -0.3638 -0.6391
vn 0.7337 0.6525 -0.1895
vn 0.7152 0.6580 0.2356
vn 0.3804 0.7763 0.5027
vn 0.7337 0.6525 0.1895
vn 0.0408 0.7061 0.7069
vn 0.4033 0.6541 0.6399
vn 0.7792 0.5804 0.2366
vn 0.7377 0.5797 -0.3460
vn 0.7792 0.5804 -0.2367
vn 0.4014 0.6585 -0.6366
vn 0.8323 0.5544 -0.0000
vn 0.7378 0.5797 0.3459
vn 0.7792 0.5804 0.2365
vn 0.8323 0.5543 -0.0000
vn 0.7378 0.5797 -0.3459
vn 0.7792 0.5804 -0.2365
vn 0.8450 0.4203 -0.3307
vn 0.7577 0.6445 0.1027
vn 0.7648 0.6360 0.1025
vn 0.7571 0.6439 -0.1105
vn 0.8450 0.4203 0.3307
vn 0.7642 0.6354 -0.1104
vn 0.7274 0.1552 0.6684
vn 0.7282 0.1475 0.6693
vn 0.8455 0.4128 0.3387
vn 0.8455 0.4128 -0.3388
vn 0.8450 0.4203 -0.3306
vn 0.7296 0.1322 -0.6709
vn 0.7282 0.1479 0.6692
vn 0.7274 0.1556 0.6684
vn 0.7172 0.3291 -0.6143
vn 0.7966 0.6044 -0.0079
vn 0.7643 0.6354 -0.1103
vn 0.7571 0.6440 -0.1104
vn 0.7577 0.6445 0.1026
vn 0.7649 0.6360 0.1025
vn 0.7792 0.6267 -0.0000
vn 0.7152 0.6580 0.2355
vn 0.7338 0.6525 0.1892
vn 0.7152 0.6580 -0.2355
vn 0.7338 0.6525 -0.1892
vn 0.6653 0.3555 -0.6565
vn 0.6653 0.3556 0.6565
vn 0.8033 0.5956 -0.0079
vn 0.8033 0.5956 -0.0078
vn 0.5800 0.5060 -0.6384
vn 0.5008 0.8231 -0.2678
vn 0.5800 0.5061 -0.6383
vn 0.5792 0.4977 0.6456
vn 0.5309 0.7899 0.3069
vn 0.8330 -0.1625 0.5289
vn 0.9003 -0.4144 0.1334
vn 0.8998 -0.4176 -0.1266
vn 0.8365 -0.1541 -0.5259
vn 0.7743 0.3598 0.5206
vn 0.9780 0.1724 0.1178
vn 0.9780 0.1724 0.1177
vn 0.7742 0.3598 0.5207
vn 0.9776 0.1739 -0.1187
vn 0.7743 0.3598 -0.5205
vn 0.9780 0.1724 -0.1177
vn 0.7742 0.3598 -0.5207
vn 0.9097 -0.4153 -0.0000
vn 0.8998 -0.4176 -0.1265
vn 0.9820 0.1888 -0.0000
vn 0.9780 0.1724 -0.1178
vn 0.9776 0.1739 -0.1186
vn -0.6342 -0.4578 0.6230
vn -0.8661 -0.3952 0.3063
vn -0.6100 -0.4811 0.6296
vn -0.8661 -0.3952 -0.3063
vn -0.6150 -0.4787 -0.6266
vn -0.6028 -0.4895 -0.6301
vn 0.6651 -0.7467 -0.0000
vn 0.6439 -0.6520 -0.4004
vn 0.6529 -0.6777 -0.3384
vn 0.6459 -0.6540 0.3938
vn 0.6651 -0.7468 -0.0000
vn 0.6529 -0.6776 0.3384
vn 0.6815 -0.7318 -0.0000
vn 0.6765 -0.6459 -0.3538
vn 0.6815 -0.7318 -0.0002
vn 0.6782 -0.6637 -0.3155
vn 0.6765 -0.6459 0.3539
vn 0.6815 -0.7318 0.0001
vn 0.6782 -0.6637 0.3155
vn -0.3386 -0.9313 -0.1342
vn -0.4663 -0.6979 0.5436
vn -0.3382 -0.9303 0.1419
vn -0.4658 -0.7048 0.5350
vn 0.6734 -0.7393 -0.0000
vn 0.6695 -0.5984 -0.4401
vn 0.6762 -0.6375 -0.3692
vn 0.6695 -0.5984 0.4401
vn 0.6734 -0.7393 0.0001
vn 0.6762 -0.6375 0.3693
vn 0.6774 -0.7356 -0.0000
vn 0.6622 -0.6469 -0.3781
vn 0.6774 -0.7356 -0.0001
vn 0.6687 -0.6699 -0.3227
vn 0.6622 -0.6469 0.3781
vn 0.6774 -0.7356 0.0001
vn 0.6687 -0.6699 0.3227
vn -0.3463 -0.9381 -0.0000
vn 0.6734 -0.7393 -0.0002
vn 0.6652 -0.6664 -0.3367
vn 0.6602 -0.6450 0.3848
vn 0.6734 -0.7393 0.0002
vn 0.6670 -0.6682 0.3296
vn -0.3946 -0.6981 0.5975
vn -0.3637 -0.7075 0.6060
vn -0.5516 -0.6254 0.5519
vn 0.6512 -0.7484 -0.1260
vn 0.7012 -0.4765 -0.5304
vn 0.6983 -0.4827 -0.5285
vn 0.6505 -0.7476 0.1337
vn 0.6956 -0.4888 0.5265
vn 0.6956 -0.4887 0.5266
vn 0.6608 -0.7506 -0.0000
vn -0.3235 -0.6692 -0.6690
vn -0.7597 -0.5857 -0.2824
vn -0.3861 -0.6517 -0.6529
vn 0.2491 -0.7369 -0.6284
vn -0.3233 -0.6693 -0.6690
vn 0.1787 -0.7361 -0.6528
vn 0.2492 -0.7369 -0.6284
vn 0.1788 -0.7361 -0.6528
vn 0.5663 -0.6754 -0.4724
vn -0.7597 -0.5857 0.2826
vn -0.3235 -0.6692 0.6690
vn -0.3860 -0.6517 0.6529
vn 0.1787 -0.7361 0.6528
vn -0.3233 -0.6693 0.6690
vn 0.2490 -0.7369 0.6285
vn 0.2492 -0.7369 0.6284
vn 0.5663 -0.6754 0.4724
vn 0.1787 -0.7361 0.6529
vn 0.0978 -0.8289 -0.5508
vn -0.1534 -0.7787 -0.6084
vn -0.1294 -0.7778 -0.6151
vn 0.0977 -0.8288 0.5509
vn 0.6764 -0.6861 0.2677
vn 0.6678 -0.6851 0.2908
vn 0.6746 -0.6682 -0.3137
vn 0.6757 -0.6773 -0.2909
vn 0.6522 -0.7252 0.2206
vn 0.7047 -0.4180 0.5733
vn 0.7036 -0.4411 0.5571
vn 0.6510 -0.7240 -0.2281
vn 0.6971 -0.4498 -0.5584
vn 0.6498 -0.7227 -0.2355
vn 0.6975 -0.4581 -0.5511
vn -0.3397 -0.7067 -0.6205
vn -0.5410 -0.6301 -0.5570
vn -0.3256 -0.7107 -0.6237
vn -0.1679 -0.7446 -0.6460
vn -0.3394 -0.7068 -0.6206
vn -0.3254 -0.7107 -0.6237
vn -0.1680 -0.7446 -0.6461
vn 0.6522 -0.7253 0.2206
vn 0.6608 -0.7505 -0.0079
vn 0.6607 -0.7505 -0.0154
vn 0.6607 -0.7505 -0.0158
vn 0.3969 -0.8364 0.3781
vn 0.3963 -0.8850 0.2444
vn 0.2209 -0.6354 0.7399
vn 0.3895 -0.8623 -0.3237
vn 0.1651 -0.6836 -0.7109
vn 0.2422 -0.7309 -0.6380
vn 0.3876 -0.8910 -0.2363
vn 0.7778 -0.5917 -0.2117
vn 0.6598 -0.6928 0.2910
vn 0.6608 -0.7505 -0.0078
vn 0.6607 -0.6778 -0.3227
vn 0.6598 -0.6928 -0.2910
vn -0.7800 -0.6197 -0.0867
vn -0.3945 -0.6981 0.5975
vn -0.2467 -0.7427 0.6225
vn -0.3636 -0.7075 0.6060
vn 0.7778 -0.5918 -0.2117
vn -0.4618 -0.5550 0.6919
vn -0.3459 -0.6144 0.7092
vn -0.0794 -0.6676 0.7403
vn 0.5867 -0.8098 -0.0000
vn 0.5068 -0.8059 -0.3061
vn 0.4760 -0.7981 -0.3695
vn 0.5067 -0.8059 0.3061
vn 0.4760 -0.7981 0.3695
vn 0.0109 -0.8441 0.5361
vn 0.2671 -0.9564 0.1177
vn 0.0186 -0.8498 0.5268
vn 0.2671 -0.9565 0.1177
vn 0.0186 -0.8498 -0.5268
vn 0.2668 -0.9555 -0.1255
vn 0.0110 -0.8441 -0.5361
vn 0.3799 -0.9249 -0.0158
vn 0.3969 -0.8365 0.3778
vn 0.3875 -0.8912 -0.2360
vn 0.3895 -0.8623 -0.3236
vn -0.4083 -0.6040 -0.6845
vn -0.4783 -0.5785 -0.6608
vn 0.4759 -0.7980 -0.3698
vn 0.1329 -0.7143 -0.6871
vn 0.5067 -0.8059 -0.3064
vn 0.0849 -0.7096 -0.6995
vn 0.0847 -0.7097 0.6994
vn -0.4083 -0.6040 0.6845
vn -0.4783 -0.5785 0.6607
vn 0.4759 -0.7981 0.3697
vn 0.1328 -0.7143 0.6871
vn 0.0849 -0.7096 0.6995
vn 0.5067 -0.8059 0.3064
vn 0.5961 -0.1805 -0.7823
vn 0.5822 -0.3530 -0.7324
vn 0.5961 -0.1805 0.7823
vn 0.5822 -0.3530 0.7324
vn 0.5971 -0.1728 0.7834
vn -0.7331 -0.6597 -0.1653
vn -0.8029 -0.5567 -0.2130
vn -0.3475 -0.6094 -0.7126
vn -0.4618 -0.5550 -0.6919
vn 0.0308 -0.6626 -0.7483
vn 0.7078 -0.6868 -0.1652
vn 0.0273 -0.8084 -0.5880
vn 0.2570 -0.8133 -0.5220
vn 0.0273 -0.8084 0.5880
vn -0.1292 -0.7777 0.6152
vn 0.2571 -0.8133 0.5220
vn -0.7415 -0.6522 0.1574
vn -0.1884 -0.9472 -0.2595
vn -0.1883 -0.9472 -0.2595
vn -0.1883 -0.9472 0.2595
vn -0.1884 -0.9472 0.2595
vn 0.3810 -0.8439 0.3778
vn 0.3185 -0.7936 0.5184
vn 0.4816 -0.8764 -0.0000
vn 0.1179 -0.6383 -0.7607
vn 0.3148 -0.6867 -0.6552
vn 0.1178 -0.6383 0.7607
vn 0.3219 -0.6851 0.6534
vn -0.3732 -0.7332 -0.5684
vn -0.1694 -0.8000 -0.5755
vn -0.1694 -0.8001 -0.5754
vn -0.5054 -0.7118 -0.4878
vn -0.3092 -0.7767 -0.5488
vn -0.6313 -0.3472 -0.6935
vn -0.2809 -0.8523 -0.4413
vn -0.6360 -0.3451 -0.6903
vn -0.2810 -0.8522 -0.4413
vn -0.3732 -0.7332 0.5684
vn -0.0984 -0.7944 0.5994
vn -0.1694 -0.8001 0.5755
vn -0.1695 -0.8001 0.5754
vn -0.3092 -0.7767 0.5488
vn -0.5054 -0.7118 0.4878
vn -0.2809 -0.8523 0.4413
vn -0.2810 -0.8522 0.4413
vn -0.6312 -0.3470 0.6937
vn 0.0981 -0.8289 0.5507
vn 0.4592 -0.8447 0.2751
vn 0.4927 -0.8493 0.1895
vn 0.0981 -0.8289 -0.5508
vn 0.4590 -0.8448 -0.2750
vn 0.4927 -0.8493 -0.1895
vn -0.0636 -0.9910 0.1181
vn -0.0716 -0.9974 -0.0000
vn -0.0714 -0.9895 -0.1258
vn -0.0560 -0.6773 0.7336
vn -0.3364 -0.5736 0.7468
vn 0.3881 -0.8842 0.2600
vn -0.2719 -0.8200 -0.5037
vn -0.5829 -0.3165 -0.7484
vn -0.2720 -0.8199 -0.5037
vn -0.2719 -0.8200 0.5037
vn -0.2721 -0.8199 0.5037
vn -0.5668 -0.3478 0.7468
vn -0.5829 -0.3166 0.7483
vn 0.3881 -0.8842 -0.2600
vn 0.3029 -0.8523 -0.4263
vn -0.0560 -0.6773 -0.7336
vn 0.2595 -0.9657 -0.0000
vn 0.2668 -0.9556 -0.1254
vn 0.5597 -0.8287 -0.0000
vn 0.4591 -0.8447 0.2751
vn 0.4591 -0.8447 -0.2750
vn -0.0247 -0.6908 -0.7226
vn 0.3131 -0.7244 -0.6142
vn -0.1580 -0.6515 -0.7420
vn -0.0246 -0.6908 0.7226
vn -0.1580 -0.6515 0.7420
vn 0.3131 -0.7244 0.6142
vn -0.2706 -0.8015 0.5333
vn -0.2644 -0.8066 0.5287
vn 0.4756 -0.8796 -0.0000
vn 0.3030 -0.8523 0.4263
vn 0.3881 -0.8842 0.2599
vn 0.3882 -0.8842 -0.2598
vn 0.3030 -0.8523 -0.4263
vn 0.4757 -0.8796 -0.0000
vn -0.6930 -0.6446 0.3228
vn -0.7008 -0.7133 -0.0078
vn -0.6928 -0.6598 0.2909
vn -0.7008 -0.7133 -0.0079
vn -0.6913 -0.6430 -0.3295
vn -0.6947 -0.6539 -0.2996
vn -0.7008 -0.7133 -0.0080
vn -0.8029 -0.5568 -0.2130
vn 0.6291 -0.7497 0.2052
vn 0.3462 -0.7451 0.5701
vn 0.3446 -0.7417 0.5754
vn 0.6291 -0.7497 0.2053
vn 0.7502 -0.6421 0.1577
vn -0.6844 -0.6901 -0.2355
vn -0.6844 -0.6900 -0.2355
vn -0.7007 -0.7133 -0.0157
vn -0.6856 -0.6913 0.2281
vn -0.6868 -0.6925 0.2206
vn -0.7007 -0.7133 -0.0153
vn -0.7172 -0.3836 0.5818
vn -0.7204 -0.4087 0.5603
vn -0.7191 -0.4235 -0.5510
vn -0.7172 -0.4069 -0.5657
vn -0.7039 -0.6472 0.2925
vn -0.7008 -0.7134 -0.0000
vn -0.7076 -0.6509 0.2750
vn -0.7006 -0.6364 -0.3227
vn -0.7080 -0.6435 -0.2909
vn -0.7112 -0.4469 0.5427
vn -0.6893 -0.7104 0.1423
vn -0.7141 -0.4489 0.5372
vn -0.6862 -0.7150 -0.1338
vn -0.6863 -0.7149 -0.1337
vn -0.6893 -0.7104 0.1422
vn -0.6967 -0.7174 -0.0000
vn -0.6863 -0.7150 -0.1337
vn -0.5750 -0.3323 -0.7477
vn -0.4921 -0.5070 -0.7076
vn -0.5762 -0.3251 -0.7498
vn -0.5165 -0.4534 -0.7264
vn -0.4921 -0.5070 0.7076
vn -0.5165 -0.4534 0.7264
vn -0.5750 -0.3323 0.7477
vn -0.5763 -0.3252 0.7497
vn 0.1806 -0.9622 -0.2041
vn 0.1806 -0.9622 -0.2040
vn 0.1806 -0.9621 0.2041
vn 0.1806 -0.9622 0.2041
vn 0.1806 -0.9622 0.2040
vn 0.5718 -0.8106 0.1262
vn 0.5718 -0.8106 -0.1262
vn 0.6402 -0.5433 0.5431
vn 0.6401 -0.5511 0.5353
vn -0.8030 -0.5567 -0.2130
vn 0.6524 -0.7579 -0.0079
vn 0.6281 -0.7485 -0.2128
vn 0.6291 -0.7497 -0.2052
vn 0.6291 -0.7497 -0.2053
vn 0.3683 -0.7424 -0.5597
vn 0.3615 -0.7444 -0.5614
vn 0.5967 -0.1013 -0.7960
vn 0.5996 -0.0542 0.7985
vn 0.5992 -0.2664 0.7550
vn 0.5967 -0.1013 0.7961
vn -0.7415 -0.6522 0.1575
vn 0.6608 -0.1107 -0.7423
vn 0.6661 -0.0318 -0.7451
vn 0.6608 -0.1107 0.7423
vn 0.6610 -0.2913 0.6915
vn 0.6642 -0.2767 0.6945
vn 0.6661 -0.0317 0.7452
vn 0.6524 -0.7579 -0.0078
vn 0.3960 -0.8264 -0.4004
vn 0.3960 -0.8264 0.4004
vn 0.6056 -0.6521 -0.4562
vn 0.6056 -0.6520 -0.4562
vn 0.6056 -0.6521 0.4562
vn -0.7087 -0.7055 -0.0000
vn -0.6970 -0.6331 -0.3367
vn -0.6988 -0.6348 0.3297
vn -0.6909 -0.6119 0.3850
vn -0.7125 -0.7017 -0.0000
vn -0.7125 -0.7017 -0.0002
vn -0.6930 -0.6138 -0.3781
vn -0.7006 -0.6364 0.3227
vn -0.6930 -0.6138 0.3781
vn -0.7125 -0.7017 -0.0001
vn -0.6979 -0.5650 -0.4401
vn -0.7065 -0.6037 -0.3693
vn -0.7065 -0.6037 0.3693
vn -0.6980 -0.5649 0.4402
vn -0.7008 -0.7134 -0.0001
vn -0.6924 -0.6287 -0.3539
vn -0.6948 -0.6463 -0.3156
vn -0.6948 -0.6463 0.3156
vn -0.6924 -0.6287 0.3539
vn -0.7008 -0.7134 0.0001
vn -0.6967 -0.7174 -0.0002
vn -0.6967 -0.7174 -0.0001
vn -0.6770 -0.6218 -0.3937
vn -0.6852 -0.6449 -0.3386
vn -0.6852 -0.6449 0.3385
vn -0.6771 -0.6217 0.3938
vn -0.6967 -0.7174 0.0002
vn -0.6967 -0.7174 0.0001
vn -0.6343 -0.4578 0.6230
vn -0.8249 -0.5472 0.1416
vn -0.8401 -0.4919 0.2286
vn -0.8369 -0.3113 0.4501
vn 0.6873 0.1247 0.7156
vn 0.6693 -0.3792 0.6389
vn 0.6945 0.0695 0.7161
vn 0.6683 -0.3947 0.6305
vn -0.6407 -0.0633 0.7652
vn -0.4659 -0.7048 0.5350
vn 0.6250 0.1186 0.7716
vn 0.6135 -0.3776 0.6936
vn 0.6231 0.0788 0.7782
vn 0.6121 -0.4086 0.6770
vn 0.7115 0.1634 0.6835
vn -0.6472 0.3875 0.6565
vn -0.7411 0.5445 0.3928
vn -0.6987 0.6856 0.2044
vn -0.6572 0.7468 0.1022
vn 0.6730 0.1880 0.7154
vn 0.7113 0.1634 0.6836
vn 0.7328 0.3520 0.5823
vn 0.6658 0.2118 0.7155
vn 0.6091 -0.2595 0.7494
vn 0.6695 -0.5983 0.4402
vn 0.6079 -0.1955 0.7695
vn 0.6760 -0.6375 0.3696
vn 0.6250 0.1187 0.7715
vn 0.6231 0.0791 0.7781
vn 0.5488 0.4994 0.6704
vn 0.6598 0.1577 0.7347
vn 0.6629 0.1251 0.7382
vn 0.6517 -0.3857 0.6531
vn 0.5970 0.2140 0.7732
vn 0.6079 -0.1955 0.7696
vn 0.5959 0.1903 0.7802
vn -0.6583 -0.2589 0.7068
vn -0.6777 -0.2129 0.7039
vn -0.5484 -0.4528 0.7030
vn -0.4932 -0.5156 0.7007
vn -0.4930 -0.5157 0.7007
vn -0.3764 -0.6265 0.6825
vn -0.5592 0.2651 0.7855
vn -0.5618 0.2503 0.7885
vn -0.2509 -0.6069 0.7542
vn -0.5580 -0.5082 0.6560
vn -0.2358 -0.6094 0.7569
vn 0.6306 0.4087 0.6597
vn 0.6658 0.2118 0.7154
vn 0.3835 0.5417 0.7480
vn 0.8510 0.0814 0.5188
vn 0.3918 0.5345 0.7489
vn 0.5971 0.2143 0.7730
vn 0.5959 0.1904 0.7802
vn 0.5690 0.4575 0.6833
vn 0.6617 0.1405 0.7365
vn 0.6445 -0.3700 0.6691
vn 0.6648 0.0940 0.7411
vn 0.6371 -0.3941 0.6624
vn 0.6598 0.1578 0.7347
vn 0.6629 0.1252 0.7381
vn 0.5946 0.5202 0.6131
vn 0.6617 0.1406 0.7365
vn 0.6648 0.0942 0.7411
vn 0.5871 0.5284 0.6133
vn 0.5881 -0.2040 0.7826
vn 0.5916 -0.1870 0.7842
vn 0.6423 0.1653 0.7484
vn 0.6392 0.1569 0.7528
vn -0.6304 -0.3156 0.7092
vn -0.6344 -0.2981 0.7132
vn -0.6304 -0.3157 0.7092
vn -0.4587 -0.4291 0.7781
vn -0.4754 -0.4218 0.7721
vn -0.6376 -0.3384 0.6920
vn -0.0860 0.6612 0.7452
vn -0.4171 0.6478 0.6375
vn -0.1020 0.6644 0.7404
vn -0.5914 -0.3867 0.7076
vn -0.6065 -0.3626 0.7075
vn -0.5841 -0.1346 0.8004
vn -0.7133 0.4026 0.5737
vn -0.5858 -0.1039 0.8037
vn -0.7276 0.4580 0.5107
vn -0.5539 -0.4507 0.7001
vn -0.6032 -0.3734 0.7048
vn -0.4544 -0.5708 0.6839
vn -0.5539 -0.4506 0.7001
vn -0.6810 -0.1879 0.7077
vn -0.6811 -0.1877 0.7077
vn -0.7150 0.0017 0.6991
vn -0.7937 -0.4938 0.3552
vn -0.3507 -0.4952 0.7948
vn -0.2410 -0.5362 0.8090
vn 0.4468 0.5561 0.7008
vn 0.5819 0.2539 0.7726
vn 0.4852 0.5005 0.7170
vn 0.5881 0.2453 0.7707
vn -0.7598 -0.5857 0.2824
vn -0.7364 -0.5863 0.3374
vn 0.1787 -0.7360 0.6530
vn -0.3856 -0.6517 0.6532
vn -0.3234 -0.6692 0.6690
vn -0.6241 0.2278 0.7474
vn -0.6240 0.2277 0.7475
vn -0.6241 0.2277 0.7475
vn 0.6392 0.1023 0.7622
vn 0.5823 -0.3529 0.7324
vn 0.5822 -0.3529 0.7324
vn 0.5963 -0.1804 0.7822
vn 0.5881 0.2452 0.7707
vn 0.5972 -0.1728 0.7832
vn -0.4141 -0.4943 0.7643
vn -0.4206 -0.4926 0.7619
vn -0.6019 -0.4347 0.6699
vn 0.6392 0.1570 0.7528
vn 0.5731 0.5226 0.6312
vn 0.6423 0.1658 0.7483
vn -0.6541 0.0003 0.7564
vn -0.6540 0.0081 0.7564
vn -0.5829 -0.3167 0.7483
vn -0.6541 0.0002 0.7564
vn -0.6278 -0.1349 0.7666
vn -0.6205 -0.1666 0.7663
vn -0.5592 0.2652 0.7855
vn -0.4639 0.5754 0.6736
vn -0.5618 0.2504 0.7885
vn 0.6500 0.1729 0.7400
vn 0.6770 -0.3235 0.6611
vn 0.6507 0.1655 0.7411
vn 0.6756 -0.3706 0.6373
vn 0.6042 -0.1171 0.7882
vn 0.6038 -0.0698 0.7940
vn 0.6042 -0.1173 0.7882
vn 0.5821 -0.3210 0.7471
vn -0.5858 -0.1037 0.8038
vn -0.5834 -0.0643 0.8096
vn -0.7276 0.4579 0.5108
vn 0.6103 0.4581 0.6462
vn 0.6500 0.1731 0.7400
vn 0.6492 0.1803 0.7389
vn 0.7035 -0.4411 0.5572
vn 0.7047 -0.4179 0.5734
vn 0.7522 0.4235 0.5049
vn 0.5944 -0.1639 0.7873
vn 0.5947 -0.1246 0.7942
vn -0.4385 -0.5636 0.7000
vn -0.5027 -0.5020 0.7038
vn -0.3144 -0.6596 0.6827
vn -0.5027 -0.5019 0.7038
vn -0.4387 -0.5635 0.7000
vn -0.6065 -0.3627 0.7075
vn 0.6499 0.1733 0.7400
vn 0.6113 0.4666 0.6392
vn 0.6492 0.1809 0.7388
vn -0.1909 -0.4196 0.8874
vn -0.2546 -0.4495 0.8562
vn 0.0890 -0.5450 0.8337
vn 0.2207 -0.6353 0.7401
vn -0.4753 -0.4218 0.7721
vn -0.4586 -0.4291 0.7781
vn -0.1909 -0.4195 0.8874
vn 0.2207 -0.6354 0.7400
vn 0.3968 -0.8365 0.3779
vn -0.0064 -0.5797 0.8148
vn -0.1164 -0.5582 0.8215
vn -0.3364 -0.5737 0.7468
vn -0.0562 -0.6772 0.7337
vn -0.1581 -0.6515 0.7420
vn -0.5797 -0.1748 0.7959
vn -0.5810 -0.1596 0.7981
vn -0.7276 0.4579 0.5107
vn 0.6345 0.1576 0.7567
vn 0.6567 -0.3406 0.6728
vn 0.6364 0.1346 0.7595
vn 0.6595 -0.3859 0.6451
vn 0.6757 0.2512 0.6930
vn 0.7687 0.4469 0.4577
vn 0.6701 0.2602 0.6952
vn 0.5916 -0.1872 0.7842
vn 0.5880 -0.2043 0.7826
vn 0.5160 -0.5418 0.6634
vn -0.5841 -0.1349 0.8004
vn -0.5858 -0.1040 0.8038
vn -0.5520 -0.4028 0.7301
vn 0.6364 0.1349 0.7595
vn 0.5972 0.4607 0.6565
vn 0.6346 0.1580 0.7566
vn -0.5052 -0.4044 0.7624
vn -0.5451 -0.3419 0.7655
vn -0.4154 -0.5266 0.7417
vn -0.5052 -0.4043 0.7624
vn 0.5870 -0.2117 0.7814
vn 0.7403 0.3749 0.5580
vn 0.5906 -0.1946 0.7832
vn 0.1177 -0.6383 0.7607
vn -0.3504 -0.4953 0.7949
vn -0.2409 -0.5362 0.8090
vn 0.6757 0.2515 0.6930
vn 0.6701 0.2602 0.6951
vn 0.6014 0.3956 0.6941
vn -0.5834 -0.0647 0.8096
vn -0.5696 -0.3339 0.7510
vn -0.0793 -0.6676 0.7403
vn -0.1573 -0.6127 0.7745
vn -0.6095 -0.5650 0.5562
vn -0.7397 -0.5270 0.4186
vn -0.3460 -0.6142 0.7092
vn -0.4751 -0.4372 0.7636
vn 0.0185 -0.8498 0.5268
vn -0.4081 -0.6040 0.6846
vn 0.0848 -0.7096 0.6995
vn 0.1324 -0.7143 0.6872
vn 0.5822 -0.3531 0.7324
vn 0.5962 -0.1807 0.7822
vn 0.3185 -0.7936 0.5185
vn 0.3809 -0.8439 0.3778
vn -0.0063 -0.5798 0.8148
vn 0.5948 -0.1247 0.7941
vn 0.5944 -0.1642 0.7872
vn 0.5573 -0.4315 0.7094
vn 0.2984 0.9007 0.3157
vn 0.3215 0.8840 0.3393
vn -0.4534 0.7747 0.4408
vn -0.1109 0.6169 0.7792
vn -0.0171 0.5927 0.8052
vn -0.4919 0.7989 0.3462
vn 0.6028 -0.1328 0.7868
vn 0.5978 -0.0857 0.7970
vn 0.5979 -0.0857 0.7970
vn 0.6027 -0.1330 0.7868
vn 0.5770 -0.3544 0.7359
vn -0.5797 -0.1750 0.7958
vn -0.5810 -0.1597 0.7981
vn -0.5163 -0.5147 0.6845
vn -0.5858 -0.1036 0.8038
vn -0.5870 -0.0726 0.8063
vn -0.1286 -0.4443 0.8866
vn -0.1287 -0.4442 0.8866
vn -0.0522 -0.5199 0.8526
vn 0.5907 -0.1946 0.7831
vn 0.5870 -0.2118 0.7814
vn 0.5134 -0.5475 0.6608
vn 0.3313 0.6390 0.6942
vn 0.3932 0.6129 0.6854
vn -0.5841 -0.1351 0.8004
vn -0.5858 -0.1042 0.8037
vn -0.5533 -0.4116 0.7241
vn -0.0522 -0.5200 0.8526
vn 0.0558 -0.6150 0.7865
vn 0.5953 -0.1562 0.7882
vn 0.5948 -0.1247 0.7942
vn 0.5953 -0.1565 0.7881
vn 0.5561 -0.4227 0.7156
vn -0.5783 -0.1901 0.7934
vn -0.5859 -0.1039 0.8037
vn -0.5869 -0.0727 0.8064
vn -0.5682 -0.3409 0.7489
vn -0.0641 0.6100 0.7898
vn 0.2079 0.4740 0.8556
vn -0.0559 0.6063 0.7933
vn 0.2700 0.4411 0.8559
vn -0.2441 0.6689 0.7022
vn 0.5932 -0.2034 0.7790
vn 0.5926 -0.1794 0.7853
vn -0.6079 0.1956 0.7696
vn -0.5472 0.5021 0.6696
vn -0.6100 0.1803 0.7716
vn -0.5855 -0.1116 0.8030
vn -0.5783 -0.1902 0.7933
vn -0.5797 -0.1751 0.7958
vn -0.5073 -0.5366 0.6744
vn -0.6079 0.1955 0.7696
vn -0.6610 -0.3066 0.6849
vn -0.6697 -0.3535 0.6531
vn -0.6100 0.1800 0.7716
vn -0.6029 -0.2367 0.7619
vn -0.5978 -0.2380 0.7655
vn 0.5927 -0.1795 0.7852
vn 0.5932 -0.2034 0.7789
vn 0.5237 -0.5256 0.6704
vn 0.7212 0.4479 0.5285
vn 0.2079 0.4739 0.8557
vn -0.6168 0.2199 0.7558
vn -0.5562 0.5112 0.6552
vn -0.6179 0.2126 0.7570
vn -0.5841 -0.1352 0.8003
vn -0.5854 -0.1117 0.8030
vn -0.5462 -0.4201 0.7247
vn -0.2505 -0.6069 0.7543
vn 0.3445 -0.7418 0.5754
vn 0.3461 -0.7451 0.5701
vn -0.2357 -0.6095 0.7570
vn -0.2190 0.7234 0.6548
vn 0.2722 0.4751 0.8368
vn 0.3019 0.4487 0.8411
vn 0.6035 -0.1250 0.7875
vn 0.6029 -0.0854 0.7932
vn 0.6029 -0.0855 0.7932
vn 0.6035 -0.1251 0.7875
vn 0.5806 -0.3440 0.7380
vn -0.2392 0.8484 0.4723
vn 0.4071 0.5569 0.7239
vn -0.5865 -0.0883 0.8051
vn -0.5836 -0.0565 0.8101
vn -0.6168 0.2196 0.7559
vn -0.7172 -0.3835 0.5818
vn -0.7204 -0.4087 0.5604
vn -0.6180 0.2123 0.7570
vn -0.0171 0.5927 0.8053
vn 0.3747 0.4877 0.7885
vn 0.5768 0.4342 0.6919
vn -0.1109 0.6168 0.7793
vn -0.6179 0.2123 0.7570
vn -0.5633 0.4946 0.6619
vn -0.6191 0.2048 0.7582
vn -0.5865 -0.0884 0.8051
vn -0.5836 -0.0569 0.8101
vn -0.5768 -0.3023 0.7589
vn -0.6105 0.2043 0.7652
vn -0.5225 0.5649 0.6387
vn -0.6820 -0.2814 0.6750
vn -0.6853 -0.3373 0.6455
vn -0.6191 0.2047 0.7582
vn 0.5614 0.3496 0.7501
vn 0.3766 0.6345 0.6749
vn 0.4392 0.5720 0.6928
vn 0.4021 0.6141 0.6791
vn 0.5954 -0.1169 0.7949
vn 0.5954 -0.1172 0.7948
vn 0.5580 -0.4161 0.7179
vn -0.5790 -0.1826 0.7947
vn 0.5996 -0.0542 0.7984
vn 0.5967 -0.1013 0.7960
vn -0.5790 -0.1826 0.7946
vn -0.5093 -0.5310 0.6772
vn -0.6105 0.2042 0.7652
vn -0.7112 -0.4468 0.5427
vn -0.7142 -0.4487 0.5372
vn -0.6105 0.2040 0.7652
vn 0.6204 0.2604 0.7398
vn 0.5978 -0.2737 0.7535
vn 0.3020 0.4487 0.8411
vn 0.2722 0.4750 0.8368
vn 0.6905 0.2972 0.6595
vn -0.1268 0.9406 0.3150
vn 0.1227 0.8187 0.5609
vn 0.4702 0.5248 0.7096
vn 0.3376 0.6208 0.7075
vn 0.1227 0.8188 0.5609
vn 0.4959 0.5878 0.6392
vn 0.6132 0.3849 0.6898
vn 0.5249 0.5459 0.6530
vn 0.6149 0.3783 0.6920
vn 0.1737 0.6864 0.7062
vn 0.4031 0.6541 0.6401
vn 0.1898 0.6800 0.7082
vn 0.0953 0.6747 0.7319
vn -0.6673 0.2987 0.6822
vn -0.5948 0.4232 0.6835
vn 0.6149 0.3782 0.6920
vn 0.6661 -0.0319 0.7451
vn 0.6608 -0.1109 0.7423
vn -0.1017 0.6643 0.7405
vn 0.5289 0.6577 0.5364
vn -0.0858 0.6613 0.7452
vn 0.6255 0.1108 0.7723
vn 0.6402 -0.5432 0.5432
vn 0.6263 0.0951 0.7738
vn -0.4921 -0.5071 0.7076
vn -0.6402 0.1097 0.7603
vn -0.5166 -0.4534 0.7263
vn 0.5553 0.4827 0.6772
vn 0.4013 0.6507 0.6446
vn 0.5553 0.4828 0.6772
vn -0.6458 -0.0078 0.7635
vn -0.5750 -0.3321 0.7477
vn -0.6458 -0.0157 0.7633
vn -0.5763 -0.3253 0.7497
vn -0.6278 -0.1348 0.7666
vn -0.7490 0.4890 0.4471
vn -0.6706 0.2842 0.6852
vn -0.6673 0.2985 0.6823
vn 0.6025 0.4196 0.6789
vn 0.6263 0.0953 0.7738
vn 0.6170 0.4261 0.6616
vn 0.6255 0.1112 0.7723
vn 0.5992 -0.2665 0.7550
vn 0.5997 -0.0542 0.7984
vn 0.5978 -0.2740 0.7534
vn -0.5450 -0.3420 0.7655
vn -0.5452 -0.3419 0.7654
vn 0.6820 0.2816 0.6749
vn 0.6643 -0.2767 0.6944
vn -0.6594 0.1265 0.7411
vn -0.6541 0.1727 0.7365
vn -0.5606 0.5564 0.6133
vn 0.1603 0.7529 0.6384
vn -0.0165 0.9486 0.3160
vn -0.7368 -0.2492 0.6285
vn -0.9477 -0.0871 0.3071
vn -0.7304 -0.2655 0.6293
vn -0.9341 -0.1114 0.3393
vn -0.6560 0.1574 0.7382
vn -0.6512 0.1898 0.7347
vn -0.5685 0.5486 0.6131
vn -0.6541 0.1725 0.7365
vn -0.6618 -0.3381 0.6691
vn -0.6601 -0.3605 0.6590
vn 0.6162 0.4023 0.6771
vn 0.6163 0.4023 0.6770
vn -0.5859 0.2430 0.7731
vn -0.6204 -0.1665 0.7664
vn -0.6211 -0.2293 0.7494
vn -0.5859 0.2192 0.7802
vn -0.5859 0.2195 0.7801
vn -0.5859 0.2432 0.7731
vn -0.5460 0.4847 0.6833
vn -0.6513 0.1897 0.7347
vn -0.6211 -0.2295 0.7494
vn -0.6979 -0.5649 0.4403
vn -0.7065 -0.6037 0.3694
vn -0.6369 0.0945 0.7652
vn -0.6326 0.1412 0.7615
vn -0.5533 0.5085 0.6598
vn 0.6654 0.3552 0.6565
vn -0.6546 0.2442 0.7155
vn -0.6100 0.4386 0.6600
vn -0.6630 0.2207 0.7154
vn -0.6326 0.1408 0.7615
vn -0.6378 -0.3540 0.6840
vn -0.6394 -0.3782 0.6694
vn -0.6369 0.0942 0.7652
vn -0.6864 0.1421 0.7132
vn -0.6791 -0.3619 0.6386
vn -0.6788 -0.3771 0.6301
vn -0.6915 0.0875 0.7171
vn -0.6630 0.2206 0.7154
vn -0.7025 0.1979 0.6836
vn -0.6547 0.2440 0.7154
vn -0.7147 0.3874 0.5823
vn -0.7025 0.1980 0.6836
vn 0.5157 0.4139 0.7502
vn 0.7742 0.3599 0.5207
vn 0.1968 0.6334 0.7484
vn 0.2199 0.6168 0.7558
vn -0.1645 0.9864 -0.0000
vn -0.2125 -0.9772 -0.0000
vn -0.5398 0.8418 -0.0000
vn -0.9820 -0.1890 -0.0000
vn -0.9413 -0.3377 -0.0000
vn -0.0950 -0.9955 -0.0000
vn -0.9790 -0.2038 -0.0000
vn -0.5623 -0.8269 -0.0000
vn -0.8958 -0.4444 -0.0000
vn -0.9678 0.2515 -0.0000
vn -0.9887 0.1501 -0.0000
vn -0.9197 0.3926 -0.0000
vn -0.8749 0.4844 -0.0000
vn -0.8749 0.4843 -0.0000
vn -0.9995 -0.0306 -0.0000
vn -0.9980 0.0637 -0.0000
vn -0.9788 0.2049 -0.0000
vn -0.9989 -0.0465 -0.0000
vn -0.7615 -0.6481 -0.0000
vn -0.7613 -0.6484 -0.0000
vn -0.9124 -0.4093 -0.0000
vn -0.9993 -0.0385 -0.0000
vn -0.9993 -0.0384 -0.0000
vn 0.1424 0.9898 -0.0000
vn 0.1425 0.9898 -0.0000
vn 0.6082 0.7938 0.0001
vn 0.6082 0.7938 -0.0000
vn -0.5396 0.8419 -0.0000
vn -0.3963 0.9181 -0.0000
vn -0.3541 0.9352 0.0001
vn -0.3541 0.9352 -0.0000
vn -0.0704 0.9975 -0.0000
vn -0.0705 0.9975 -0.0000
vn -0.2206 0.9754 -0.0000
vn -0.2204 0.9754 -0.0000
vn 0.0244 0.9997 -0.0000
vn 0.2124 0.9772 -0.0000
vn 0.2124 0.9772 0.0001
vn -0.0000 -0.0000 -1.0000
vn -0.0081 -0.3302 -0.9439
vn -0.0081 -0.3303 -0.9438
vn 0.9997 -0.0244 -0.0000
vn 0.7550 -0.6557 -0.0000
vn 0.8403 -0.5421 -0.0000
vn 0.9182 0.3962 -0.0000
vn 0.7548 -0.6560 -0.0000
vn 0.9940 0.1095 -0.0000
vn 0.7545 -0.6562 -0.0000
vn 0.9940 0.1094 -0.0000
vn 0.9542 -0.2992 -0.0000
vn 0.9962 -0.0872 -0.0000
vn 0.9496 -0.3135 -0.0000
vn 0.9887 0.1496 -0.0000
vn 0.9887 0.1501 -0.0000
vn 0.1812 -0.9834 -0.0000
vn 0.2125 0.9772 -0.0000
vn 0.1645 -0.9864 -0.0000
vn 1.0000 0.0070 -0.0000
vn 0.9755 -0.2200 -0.0000
vn 0.7662 -0.6426 -0.0000
vn 0.8082 -0.5889 -0.0000
vn 0.9919 -0.1268 -0.0000
vn 0.9956 0.0938 -0.0000
vn 0.9956 0.0936 -0.0000
vn 0.9698 -0.2440 -0.0000
vn 0.8145 -0.5802 -0.0000
vn 0.8144 -0.5802 -0.0000
vn -0.2123 -0.9772 -0.0000
vn -0.2123 -0.9772 0.0001
vn 0.1249 -0.9922 0.0001
vn 0.1249 -0.9922 -0.0000
vn 0.7549 -0.6559 -0.0000
vn -0.2604 -0.9655 -0.0000
vn -0.2607 -0.9654 -0.0000
vn -0.2606 -0.9654 -0.0000
vn 0.1812 -0.9835 -0.0000
vn 0.0463 -0.9989 -0.0000
vn -0.0244 -0.9997 -0.0000
vn -0.0008 -1.0000 -0.0000
vn -0.3627 -0.9319 -0.0000
vn -0.1656 -0.9862 -0.0000
vn 0.6525 -0.7578 -0.0000
vn -0.5713 -0.8208 -0.0000
vn -0.0559 -0.9984 -0.0000
vn -0.2919 -0.9565 -0.0000
vn -0.0324 -0.9995 -0.0000
vn -0.0321 -0.9995 -0.0000
vn 0.1813 -0.9834 -0.0000
vn -0.3696 -0.9292 -0.0000
vn -0.3698 -0.9291 -0.0000
vn 0.1173 -0.9931 -0.0000
vn 0.0385 -0.9993 -0.0000
vn 0.0783 -0.9969 -0.0000
vn -0.1898 -0.9818 -0.0000
vn -0.1899 -0.9818 -0.0000
vn 0.0068 -1.0000 -0.0000
vn 0.0861 -0.9963 -0.0000
vn 0.0541 -0.9985 -0.0000
vn -0.0477 -0.9989 -0.0000
vn -0.0474 -0.9989 -0.0000
vn -0.2124 -0.9772 -0.0000
vn -0.2122 -0.9772 -0.0000
vn 0.7661 -0.6427 -0.0000
vn 0.7661 -0.6427 -0.0001
vn 0.8080 -0.5892 -0.0000
vn 0.1645 -0.9864 -0.0001
vn -0.0000 -0.0000 1.0000
vn -0.0081 -0.3302 0.9439
vn -0.0081 -0.3303 0.9438
vn -0.9948 -0.1018 -0.0000
vn -0.9992 -0.0388 -0.0000
vn -0.9992 -0.0389 -0.0000
vn -0.9948 -0.1017 -0.0000
vn -0.9962 0.0874 -0.0000
vn -0.9962 0.0873 -0.0000
vn -0.9887 0.1499 -0.0000
vn -0.9887 0.1500 -0.0000
vn -0.9997 0.0244 -0.0000
vn -0.5623 -0.8269 0.0002
vn -0.9222 -0.3867 -0.0000
vn -0.4567 0.8896 -0.0000
vn -0.8269 0.5623 -0.0000
vn -0.4996 -0.8663 -0.0000
vn -0.8534 -0.5212 -0.0000
vn -0.6896 0.7242 -0.0000
vn -0.6896 0.7242 0.0002
vn -0.7242 -0.6896 -0.0000
vn -0.5213 0.8534 -0.0000
vn -0.5213 0.8534 -0.0002
vn -0.9023 0.4312 -0.0000
vn -0.9022 0.4312 -0.0000
vn -0.9997 0.0245 -0.0000
vn 0.0173 0.7069 0.7071
vn 0.6418 0.5344 0.5500
vn 0.6474 0.7621 -0.0000
vn 0.0173 0.7069 -0.7071
vn 0.6418 0.5344 -0.5500
vn 0.0175 0.7069 -0.7071
vn 0.0235 0.9610 -0.2757
vn 0.0235 0.9610 0.2755
vn 0.0235 0.9609 0.2758
vn 0.0235 0.9610 -0.2754
vn 0.0119 0.4875 0.8730
vn 0.0119 0.4875 -0.8730
vn 0.0201 0.8220 0.5691
vn 0.0202 0.8220 0.5691
vn 0.0201 0.8220 -0.5691
vn 0.0202 0.8220 -0.5691
vn 0.4996 0.8663 0.0002
vn 0.4996 0.8663 -0.0000
vn 0.0242 0.9918 -0.1259
vn 0.0242 0.9917 -0.1260
vn 0.0242 0.9918 0.1259
vn 0.0242 0.9917 0.1260
vn 0.7242 0.6896 -0.0000
vn 0.5623 0.8269 -0.0000
vn -0.0173 -0.7069 -0.7071
vn 0.6284 -0.0154 -0.7777
vn 0.6149 -0.5652 -0.5499
vn 0.6419 0.5346 -0.5497
vn 0.0171 0.7069 -0.7071
vn -0.0011 -0.0471 -0.9989
vn -0.0021 -0.0870 -0.9962
vn -0.0012 -0.0471 -0.9989
vn 0.0012 0.0470 -0.9989
vn 0.0011 0.0470 -0.9989
vn 0.0021 0.0870 -0.9962
vn -0.0125 -0.5178 -0.8554
vn -0.0127 -0.5178 -0.8554
vn 0.0146 0.5978 -0.8015
vn 0.0201 0.8219 -0.5693
vn 0.0146 0.5973 -0.8019
vn -0.0112 -0.4565 -0.8897
vn -0.0112 -0.4565 -0.8896
vn -0.0040 -0.1656 -0.9862
vn 0.0040 0.1656 -0.9862
vn 0.0040 0.1657 -0.9862
vn -0.0085 -0.3467 -0.9379
vn 0.0085 0.3466 -0.9380
vn 0.0085 0.3467 -0.9379
vn -0.0146 -0.5973 -0.8019
vn -0.0146 -0.5979 -0.8015
vn 0.6149 -0.5652 0.5500
vn 0.6417 0.5346 0.5500
vn 0.6283 -0.0152 0.7778
vn 0.6149 -0.5652 -0.5500
vn 0.6092 -0.7930 -0.0000
vn 0.6417 0.5344 -0.5501
vn 0.6283 -0.0154 -0.7778
vn 0.6473 0.7622 -0.0000
vn 0.9997 -0.0245 -0.0000
vn 0.5213 -0.8534 -0.0000
vn 0.9022 -0.4312 -0.0000
vn 0.9023 -0.4312 -0.0000
vn 0.8534 0.5212 -0.0000
vn 0.4567 -0.8896 -0.0000
vn 0.8269 -0.5623 -0.0000
vn 0.7242 0.6896 -0.0002
vn 0.6896 -0.7242 0.0003
vn 0.6896 -0.7242 -0.0000
vn 0.6896 -0.7242 0.0002
vn 0.5623 0.8269 -0.0003
vn 0.9222 0.3867 -0.0000
vn 0.9223 0.3866 -0.0000
vn -0.0173 -0.7069 0.7071
vn 0.6094 -0.7929 -0.0000
vn 0.6149 -0.5651 0.5500
vn 0.6149 -0.5651 -0.5500
vn -0.0174 -0.7069 0.7071
vn 0.5213 -0.8534 -0.0002
vn -0.0126 -0.5178 0.8554
vn -0.0237 -0.9712 0.2371
vn -0.0127 -0.5178 0.8554
vn -0.0237 -0.9712 -0.2371
vn -0.0126 -0.5178 -0.8554
vn -0.0242 -0.9918 0.1259
vn -0.0242 -0.9918 -0.1259
vn -0.0242 -0.9917 -0.1260
vn -0.4996 -0.8663 0.0002
vn -0.7242 -0.6896 0.0002
vn -0.7242 -0.6896 -0.0003
vn -0.0171 -0.7069 0.7071
vn 0.6149 -0.5652 0.5499
vn 0.6284 -0.0153 0.7777
vn 0.0175 0.7069 0.7071
vn -0.0021 -0.0870 0.9962
vn -0.0011 -0.0465 0.9989
vn -0.0012 -0.0470 0.9989
vn 0.0011 0.0470 0.9989
vn 0.0012 0.0471 0.9989
vn 0.0021 0.0870 0.9962
vn 0.0201 0.8219 0.5693
vn 0.0146 0.5979 0.8015
vn 0.0146 0.5972 0.8019
vn -0.0112 -0.4566 0.8896
vn -0.0112 -0.4565 0.8897
vn -0.0112 -0.4565 0.8896
vn -0.0040 -0.1656 0.9862
vn 0.0040 0.1656 0.9862
vn 0.0040 0.1658 0.9862
vn -0.0085 -0.3468 0.9379
vn -0.0085 -0.3467 0.9379
vn 0.0085 0.3467 0.9379
vn -0.0146 -0.5973 0.8019
vn -0.0146 -0.5978 0.8015
vn -0.0146 -0.5975 0.8018
vt 32.064098 -5.242330
vt 32.000099 -5.333850
vt 32.077099 -5.327870
vt 32.000099 -5.236180
vt 31.945900 -5.242330
vt 31.932899 -5.327870
vt 31.857300 -5.315840
vt 31.908899 -5.250020
vt 32.152699 -5.315840
vt 32.101101 -5.250020
vt 32.158798 -5.279920
vt 32.155602 -5.206220
vt 32.098000 -5.240860
vt 32.073101 -5.320650
vt 31.999300 -5.420270
vt 32.088100 -5.417170
vt 31.999300 -5.307740
vt 31.936899 -5.320650
vt 31.921900 -5.417170
vt 32.200699 -5.239520
vt 32.126598 -5.095000
vt 32.160999 -5.083900
vt 32.106499 -5.025210
vt 31.841600 -5.403370
vt 31.901100 -5.336880
vt 31.903700 -5.025210
vt 31.849199 -5.083900
vt 31.883600 -5.095000
vt 32.157600 -5.403370
vt 32.098099 -5.336880
vt 31.851200 -5.279920
vt 31.912001 -5.240860
vt 31.848101 -5.206220
vt 32.168499 -5.336110
vt 32.151199 -5.245440
vt 32.098400 -5.317690
vt 31.786301 -5.314910
vt 31.834499 -5.336110
vt 31.843800 -5.245440
vt 31.904600 -5.317690
vt 32.216599 -5.314910
vt 32.000000 -4.736740
vt 31.940500 -4.738830
vt 32.000000 -4.747780
vt 31.950001 -4.712350
vt 32.059502 -4.738830
vt 32.049999 -4.712350
vt 32.104698 -5.025360
vt 31.999901 -5.103400
vt 31.999901 -5.025410
vt 31.905500 -5.025360
vt 32.000000 -4.751560
vt 31.959000 -4.777660
vt 32.000000 -4.777660
vt 32.041000 -4.777660
vt 32.000000 -5.415650
vt 31.881100 -5.495030
vt 32.000000 -5.499560
vt 31.875200 -5.417050
vt 32.124802 -5.417050
vt 32.118900 -5.495030
vt 32.125500 -4.967740
vt 32.159302 -4.973690
vt 31.884701 -4.967740
vt 31.850901 -4.973690
vt 32.000000 -4.694420
vt 32.071800 -5.090330
vt 32.000401 -5.159420
vt 32.076099 -5.153450
vt 32.000401 -5.089350
vt 31.933901 -5.153450
vt 31.938200 -5.090330
vt 32.141998 -5.082160
vt 32.174099 -5.123880
vt 31.835899 -5.123880
vt 31.868000 -5.082160
vt 32.000000 -5.198250
vt 31.882099 -5.275300
vt 32.000000 -5.279110
vt 31.881399 -5.200660
vt 32.118599 -5.200660
vt 32.117901 -5.275300
vt 32.000000 -4.702140
vt 31.964800 -4.720240
vt 32.000000 -4.728830
vt 31.974800 -4.696000
vt 32.035198 -4.720240
vt 32.025200 -4.696000
vt 32.000000 -4.653140
vt 31.954201 -4.668070
vt 32.000000 -4.682100
vt 31.961399 -4.643720
vt 32.045799 -4.668070
vt 32.038601 -4.643720
vt 31.976999 -4.685360
vt 32.000000 -4.714310
vt 32.000000 -4.685920
vt 31.965500 -4.714310
vt 32.022999 -4.685360
vt 32.034500 -4.714310
vt 32.122799 -5.494000
vt 32.069599 -5.388340
vt 31.986000 -5.499650
vt 31.986000 -5.391900
vt 31.938000 -5.388340
vt 31.897699 -5.494000
vt 31.920401 -5.387100
vt 31.866800 -5.477330
vt 32.083000 -5.387100
vt 32.143799 -5.477330
vt 32.002998 -4.685100
vt 32.002998 -4.606060
vt 31.937599 -4.613090
vt 31.941299 -4.684760
vt 32.056801 -4.684760
vt 32.060501 -4.613090
vt 32.000000 -4.615150
vt 31.971701 -4.607930
vt 32.147598 -5.022820
vt 32.094101 -5.049540
vt 32.091202 -5.031680
vt 32.137199 -4.964560
vt 32.112801 -4.690840
vt 32.140499 -4.647910
vt 31.915899 -5.049540
vt 31.862400 -5.022820
vt 31.918800 -5.031680
vt 31.867001 -4.964560
vt 32.028301 -4.607930
vt 31.865101 -4.647910
vt 31.892900 -4.690840
vt 32.000000 -5.328170
vt 32.000000 -5.226930
vt 31.908001 -5.220420
vt 31.884399 -5.319950
vt 32.115601 -5.319950
vt 32.091999 -5.220420
vt 32.053501 -5.382320
vt 32.122299 -5.431230
vt 32.124500 -5.349740
vt 31.946501 -5.382320
vt 31.875500 -5.349740
vt 31.877701 -5.431230
vt 32.002899 -4.687370
vt 32.002899 -4.613590
vt 31.941799 -4.620160
vt 31.945299 -4.687050
vt 32.053200 -4.687050
vt 32.056599 -4.620160
vt 32.070202 -5.432980
vt 32.155102 -5.488000
vt 32.095798 -5.432920
vt 31.844900 -5.488000
vt 31.929800 -5.432980
vt 31.904200 -5.432920
vt 32.105400 -4.692730
vt 32.131302 -4.652650
vt 31.874201 -4.652650
vt 31.900101 -4.692730
vt 32.052601 -5.220110
vt 32.116199 -5.273040
vt 32.118000 -5.198020
vt 31.947399 -5.220110
vt 31.881901 -5.198030
vt 31.883801 -5.273040
vt 32.003201 -4.684080
vt 32.003201 -4.597140
vt 31.931200 -4.604870
vt 31.935200 -4.683710
vt 32.062401 -4.683710
vt 32.066399 -4.604870
vt 32.125000 -5.278120
vt 32.090000 -5.228040
vt 32.069801 -5.228670
vt 31.875000 -5.278120
vt 31.930201 -5.228670
vt 31.910000 -5.228040
vt 32.123901 -4.690400
vt 32.154400 -4.643170
vt 31.851500 -4.643170
vt 31.882000 -4.690400
vt 31.951700 -4.753220
vt 32.002998 -4.767360
vt 32.046398 -4.753220
vt 31.934299 -4.735390
vt 31.885300 -4.726360
vt 32.071400 -4.735390
vt 32.068901 -4.721440
vt 32.117699 -4.726360
vt 31.891500 -4.784560
vt 31.934099 -4.721440
vt 32.117199 -4.784560
vt 31.779400 -5.100130
vt 31.839399 -5.153460
vt 31.875200 -5.088760
vt 32.220600 -5.100130
vt 32.124802 -5.088760
vt 32.160599 -5.153460
vt 31.955000 -4.750950
vt 32.002899 -4.764150
vt 32.043400 -4.750950
vt 31.938801 -4.734310
vt 31.893101 -4.725880
vt 31.892500 -4.780210
vt 31.938601 -4.721290
vt 32.066700 -4.734310
vt 32.064400 -4.721290
vt 32.109901 -4.725880
vt 32.115700 -4.780210
vt 31.946699 -4.759010
vt 32.003201 -4.774570
vt 32.050900 -4.759010
vt 31.927601 -4.739400
vt 31.873699 -4.729470
vt 32.078400 -4.739400
vt 32.075699 -4.724050
vt 32.129299 -4.729470
vt 31.893299 -4.793490
vt 31.927299 -4.724050
vt 32.115898 -4.793490
vt 32.129902 -5.194590
vt 32.164799 -5.170360
vt 32.107498 -5.105110
vt 31.892500 -5.105110
vt 31.835199 -5.170360
vt 31.870100 -5.194590
vt 32.000000 -5.196860
vt 32.000000 -5.106260
vt 31.892200 -4.784560
vt 32.116402 -4.784560
vt 32.121498 -5.015600
vt 32.189602 -5.027320
vt 32.154499 -4.989600
vt 32.129002 -5.074600
vt 31.820400 -5.027320
vt 31.888500 -5.015600
vt 31.855499 -4.989600
vt 31.881001 -5.074600
vt 32.114899 -4.780210
vt 31.893299 -4.780210
vt 31.896700 -4.793490
vt 32.112400 -4.793490
vt 32.100498 -4.951490
vt 32.000000 -5.028290
vt 32.000000 -4.952040
vt 31.909500 -4.951490
vt 31.821199 -5.016200
vt 31.867001 -5.005380
vt 31.848499 -4.988700
vt 31.858999 -5.048380
vt 32.129601 -5.005380
vt 32.182701 -5.013920
vt 32.155300 -4.986420
vt 32.137600 -5.048380
vt 31.844200 -4.927670
vt 31.905800 -4.931990
vt 31.848301 -4.862600
vt 32.102200 -4.950460
vt 32.160702 -4.927670
vt 32.099098 -4.931990
vt 32.154400 -4.862600
vt 31.907801 -4.950460
vt 31.893101 -4.784560
vt 32.115501 -4.784560
vt 32.061798 -4.952720
vt 32.000198 -5.025720
vt 32.074299 -5.013660
vt 32.000198 -4.953250
vt 31.948099 -4.952720
vt 31.935600 -5.013660
vt 31.906000 -4.951750
vt 31.845501 -4.930080
vt 31.852800 -4.988950
vt 31.906500 -4.934190
vt 31.849501 -4.868230
vt 32.104000 -4.951750
vt 32.159302 -4.930080
vt 32.157200 -4.988950
vt 32.098301 -4.934190
vt 32.153099 -4.868230
vt 32.128601 -5.183680
vt 31.871401 -5.183680
vt 32.107201 -4.958630
vt 32.001301 -5.014620
vt 32.001301 -4.959040
vt 31.889500 -4.958630
vt 32.117901 -4.780210
vt 31.890301 -4.780210
vt 31.936899 -4.924260
vt 31.999300 -4.996900
vt 31.999300 -4.910110
vt 32.073101 -4.924260
vt 31.809299 -4.899520
vt 31.851200 -4.929060
vt 31.855000 -4.849600
vt 31.889400 -4.960170
vt 31.879601 -4.944420
vt 32.114498 -4.957880
vt 32.123501 -4.944420
vt 32.200699 -4.899520
vt 32.148701 -4.849600
vt 32.158798 -4.929060
vt 32.113400 -4.793490
vt 31.895700 -4.793490
vt 32.168499 -4.916140
vt 32.151199 -4.842080
vt 32.098400 -4.921070
vt 31.901100 -4.942080
vt 31.834499 -4.916140
vt 31.841600 -4.986630
vt 31.904600 -4.921070
vt 31.843800 -4.842080
vt 32.098099 -4.942080
vt 32.157600 -4.986630
vt 32.160599 -5.381810
vt 31.839399 -5.381810
vt 32.098000 -4.901510
vt 31.912001 -4.901510
vt 31.927299 -4.945270
vt 31.964899 -4.980920
vt 31.969999 -4.942830
vt 31.948799 -4.923860
vt 32.035099 -4.980920
vt 32.072701 -4.945270
vt 32.029999 -4.942830
vt 32.051201 -4.923860
vt 31.929800 -4.953120
vt 31.967899 -4.987290
vt 31.971100 -4.953420
vt 31.948500 -4.934540
vt 32.032101 -4.987290
vt 32.070202 -4.953120
vt 32.028900 -4.953420
vt 32.051498 -4.934540
vt 32.077099 -4.991610
vt 32.152699 -4.979120
vt 32.101101 -4.915290
vt 32.064098 -4.903670
vt 31.857300 -4.979120
vt 31.932899 -4.991610
vt 31.908899 -4.915290
vt 31.945900 -4.903670
vt 32.000099 -4.995960
vt 32.000099 -4.894410
vt 31.943800 -4.911090
vt 31.945801 -4.878440
vt 31.919300 -4.910170
vt 32.000000 -4.906680
vt 32.021099 -4.902930
vt 32.000000 -4.949470
vt 32.056198 -4.911090
vt 32.080700 -4.910170
vt 32.054199 -4.878440
vt 31.978901 -4.902930
vt 32.024899 -4.900820
vt 32.026798 -4.898150
vt 32.058998 -4.897570
vt 32.052502 -4.859600
vt 31.975100 -4.900820
vt 31.973200 -4.898150
vt 31.941000 -4.897570
vt 31.947500 -4.859600
vt 31.931400 -4.951360
vt 31.966101 -4.981820
vt 31.970699 -4.949960
vt 31.951000 -4.933610
vt 32.033901 -4.981820
vt 32.068600 -4.951360
vt 32.029301 -4.949960
vt 32.049000 -4.933610
vt 31.927900 -4.943420
vt 31.965599 -4.979110
vt 31.969101 -4.943250
vt 31.946600 -4.923100
vt 32.034401 -4.979110
vt 32.072102 -4.943420
vt 32.030899 -4.943250
vt 32.053398 -4.923100
vt 32.023102 -4.918420
vt 32.029598 -4.915020
vt 31.976900 -4.918420
vt 31.970400 -4.915020
vt 32.057701 -4.909290
vt 32.032101 -4.910000
vt 32.049702 -4.874190
vt 31.942301 -4.909290
vt 31.967899 -4.910000
vt 31.950300 -4.874190
vt 32.000000 -4.922700
vt 32.000000 -4.959540
vt 32.000000 -4.899100
vt 32.042000 -4.938450
vt 32.027699 -4.894900
vt 32.000000 -4.945740
vt 31.958000 -4.938450
vt 31.972300 -4.894900
vt 32.055801 -4.917510
vt 31.944201 -4.917510
vt 32.027000 -4.911280
vt 31.973000 -4.911280
vt 32.030399 -4.897340
vt 32.062000 -4.895800
vt 32.057499 -4.859320
vt 31.969601 -4.897340
vt 31.942499 -4.859320
vt 31.938000 -4.895800
vt 32.000000 -4.918970
vt 32.000000 -4.955620
vt 31.978600 -4.915700
vt 32.021400 -4.915700
vt 32.025002 -4.913770
vt 31.975000 -4.913770
vt 32.000000 -4.908320
vt 32.022800 -4.904190
vt 32.000000 -4.950000
vt 31.977200 -4.904190
vt 32.027699 -4.901320
vt 31.972300 -4.901320
vt 33.596199 -5.000000
vt 33.630798 -4.970700
vt 33.596100 -4.978640
vt 33.596100 -5.021360
vt 33.630798 -5.029300
vt 30.616199 -5.125550
vt 30.629200 -4.999900
vt 30.546700 -5.104700
vt 30.547300 -4.999900
vt 30.546700 -4.905520
vt 30.616199 -4.884670
vt 30.803400 -5.071840
vt 30.812901 -5.141980
vt 30.870300 -5.094090
vt 30.871700 -5.059810
vt 30.812901 -4.868020
vt 30.803400 -4.938150
vt 30.870300 -4.915910
vt 30.871700 -4.950190
vt 30.796301 -5.000420
vt 30.872900 -5.000420
vt 32.840000 -4.922650
vt 32.767799 -4.901070
vt 32.767700 -4.936910
vt 32.830601 -4.843430
vt 32.840000 -5.087350
vt 32.848099 -4.999310
vt 32.767700 -5.073090
vt 32.767799 -5.098100
vt 32.830601 -5.155730
vt 32.837299 -4.976220
vt 32.827801 -5.000000
vt 32.864700 -5.000000
vt 32.814499 -4.986950
vt 32.814499 -5.013050
vt 32.776901 -5.000000
vt 32.837299 -5.023780
vt 30.708200 -5.000000
vt 30.696501 -4.983580
vt 30.655399 -5.000000
vt 30.547300 -5.103260
vt 30.478201 -5.160900
vt 30.548901 -5.165460
vt 32.495701 -4.905980
vt 32.555901 -4.936200
vt 32.548100 -4.854440
vt 32.555901 -5.073740
vt 32.495701 -5.103950
vt 32.548100 -5.155500
vt 30.348801 -5.000000
vt 30.333200 -4.979840
vt 30.283100 -5.000000
vt 31.057800 -5.000000
vt 31.044500 -4.986950
vt 31.006901 -5.000000
vt 31.152100 -5.000000
vt 31.087799 -4.881360
vt 31.075899 -5.000000
vt 31.164101 -4.886820
vt 31.087799 -5.118640
vt 31.164101 -5.113180
vt 32.934101 -4.853040
vt 32.897301 -4.809340
vt 32.855900 -4.855030
vt 31.083099 -5.000000
vt 31.014500 -4.875240
vt 31.004999 -5.000000
vt 31.092699 -4.882440
vt 31.014500 -5.124770
vt 31.092699 -5.117560
vt 30.897699 -5.000000
vt 30.884501 -4.984460
vt 30.846901 -5.000000
vt 32.934101 -5.156960
vt 32.855900 -5.148680
vt 32.897301 -5.200660
vt 30.534401 -5.076480
vt 30.462400 -5.101080
vt 30.523001 -5.151100
vt 30.449200 -5.064110
vt 30.534401 -4.933520
vt 30.462400 -4.908920
vt 30.449200 -4.945890
vt 30.523001 -4.858890
vt 30.548901 -4.839440
vt 30.547300 -4.901640
vt 30.566401 -4.903730
vt 30.610800 -4.850940
vt 30.478201 -4.841690
vt 32.987999 -4.933520
vt 32.910500 -4.908920
vt 32.900700 -4.945890
vt 32.976501 -4.858890
vt 32.987999 -5.076480
vt 32.910500 -5.101080
vt 32.976501 -5.151100
vt 32.900700 -5.064110
vt 32.898998 -5.098020
vt 30.696501 -5.016410
vt 30.724400 -5.029910
vt 30.750900 -5.000000
vt 32.898998 -4.911980
vt 32.993099 -5.000060
vt 32.892899 -5.000060
vt 31.044500 -5.013050
vt 31.067301 -5.023780
vt 31.094700 -5.000000
vt 30.537500 -5.000060
vt 30.438801 -5.000060
vt 32.062302 -4.837350
vt 31.996799 -4.779410
vt 32.007198 -4.844930
vt 30.724400 -4.970090
vt 32.007198 -5.155070
vt 31.996799 -5.220590
vt 32.062302 -5.162650
vt 30.469101 -5.156960
vt 30.389000 -5.155600
vt 30.444700 -5.200660
vt 30.884501 -5.015540
vt 30.907301 -5.028310
vt 30.934700 -5.000000
vt 31.067301 -4.976220
vt 31.393299 -5.092040
vt 31.496201 -5.000000
vt 31.390400 -5.000000
vt 31.493601 -5.116770
vt 31.393299 -4.907960
vt 31.493601 -4.883230
vt 30.333200 -5.020160
vt 30.365700 -5.036740
vt 30.399700 -5.000000
vt 31.927299 -4.875190
vt 31.927299 -5.124810
vt 30.469101 -4.853040
vt 30.444700 -4.809340
vt 30.389000 -4.848110
vt 31.379200 -5.120340
vt 31.370100 -5.052600
vt 31.293200 -5.118050
vt 31.379200 -4.879660
vt 31.293200 -4.881950
vt 31.370100 -4.947400
vt 30.907301 -4.971690
vt 30.610800 -5.159280
vt 30.566401 -5.106490
vt 30.446899 -4.911980
vt 30.750999 -4.959260
vt 30.794300 -5.000000
vt 30.750999 -5.040740
vt 32.009602 -5.095800
vt 32.009602 -4.904200
vt 30.365700 -4.963260
vt 32.116901 -5.000000
vt 32.018501 -4.892510
vt 32.022499 -5.000000
vt 32.117401 -4.868670
vt 32.117401 -5.131330
vt 32.018501 -5.107490
vt 32.002800 -5.070190
vt 32.002800 -4.929810
vt 30.446899 -5.098020
vt 31.183901 -4.779410
vt 31.134501 -4.835190
vt 31.189501 -4.839420
vt 31.087999 -4.788910
vt 31.134501 -5.164810
vt 31.183901 -5.220590
vt 31.189501 -5.160580
vt 31.087999 -5.211090
vt 31.292601 -4.831990
vt 31.227100 -4.875480
vt 31.328400 -4.877690
vt 31.292601 -5.168010
vt 31.328400 -5.122310
vt 31.227100 -5.124520
vt 31.437099 -5.130570
vt 31.437099 -4.869430
vt 31.315500 -5.069630
vt 31.442101 -4.986040
vt 31.318501 -4.986040
vt 31.433901 -5.091740
vt 31.433901 -4.921210
vt 31.315500 -4.937990
vt 31.299500 -5.053460
vt 31.299500 -4.946540
vt 32.442902 -4.852770
vt 32.434502 -4.935610
vt 32.434502 -5.074320
vt 32.442902 -5.157170
vt 31.383900 -4.866510
vt 31.314800 -4.920380
vt 31.413200 -4.879180
vt 31.413200 -5.127230
vt 31.314800 -5.083000
vt 31.383900 -5.133490
vt 32.686199 -4.999310
vt 32.694500 -4.921950
vt 32.694500 -5.088050
vt 30.400000 -5.166300
vt 30.318001 -5.151160
vt 30.348700 -5.216650
vt 32.704601 -4.841570
vt 32.704601 -5.157600
vt 30.400000 -4.836690
vt 30.348700 -4.786340
vt 30.318001 -4.843750
vt 31.161900 -5.097300
vt 31.170799 -5.095800
vt 31.254000 -5.124810
vt 31.177601 -5.070190
vt 31.170799 -4.904200
vt 31.161900 -4.902700
vt 31.177601 -4.929810
vt 31.254000 -4.875190
vt 30.927000 -5.071280
vt 30.919901 -5.140470
vt 30.927000 -4.938720
vt 30.919901 -4.869530
vt 30.454201 -4.999310
vt 30.351101 -4.936910
vt 30.345400 -4.999310
vt 30.446899 -4.922650
vt 30.446899 -5.087350
vt 30.351101 -5.073090
vt 30.349899 -4.904590
vt 30.358500 -5.098100
vt 30.434299 -5.155730
vt 30.349899 -5.098400
vt 30.358500 -4.901070
vt 30.434299 -4.843430
vt 33.581001 -5.279920
vt 33.537601 -5.250020
vt 33.532299 -5.315840
vt 33.395000 -5.095000
vt 33.453300 -5.025360
vt 33.433601 -5.025210
vt 33.555302 -5.239520
vt 33.611000 -5.206220
vt 30.376301 -4.932920
vt 30.403900 -4.910170
vt 30.379200 -4.910480
vt 30.403400 -4.951360
vt 33.680901 -5.403370
vt 33.651299 -5.314910
vt 33.606098 -5.416900
vt 33.703201 -5.336110
vt 30.291901 -4.922760
vt 30.322399 -4.895870
vt 30.295401 -4.894970
vt 30.322100 -4.943420
vt 30.492399 -4.892420
vt 30.457100 -4.917510
vt 30.492399 -4.894900
vt 33.595798 -4.777660
vt 33.622002 -4.751560
vt 33.595798 -4.751560
vt 33.383801 -4.967740
vt 33.614399 -4.712350
vt 33.668301 -4.694420
vt 33.634300 -4.680490
vt 33.666801 -4.660540
vt 33.682499 -4.673230
vt 30.460600 -4.888570
vt 30.492399 -4.889210
vt 30.448299 -4.938450
vt 30.492399 -4.940800
vt 30.492399 -4.980010
vt 30.322599 -4.859320
vt 30.560699 -4.934540
vt 30.587999 -4.908390
vt 30.563700 -4.909290
vt 30.587999 -4.953120
vt 30.492399 -4.887780
vt 33.127701 -5.029100
vt 33.187099 -5.082160
vt 33.175201 -5.022820
vt 33.137402 -5.123880
vt 30.492399 -4.846940
vt 31.023500 -4.910420
vt 31.041800 -4.972780
vt 31.102699 -4.899520
vt 31.065901 -4.868500
vt 33.455299 -5.023310
vt 33.461300 -5.072230
vt 33.521801 -5.017160
vt 30.649799 -4.923910
vt 30.682199 -4.896900
vt 30.652901 -4.897610
vt 30.682199 -4.945270
vt 30.587999 -4.874190
vt 30.682199 -4.859600
vt 31.324900 -4.727390
vt 31.325300 -4.643170
vt 31.271099 -4.689610
vt 31.276600 -4.727560
vt 31.232599 -5.029570
vt 31.232100 -4.918030
vt 31.169399 -4.987350
vt 31.175800 -4.917880
vt 33.249001 -4.663090
vt 33.269699 -4.714130
vt 33.284100 -4.683730
vt 33.223000 -4.688650
vt 33.115501 -4.589420
vt 33.120098 -4.615150
vt 33.128799 -4.597540
vt 33.092701 -4.607930
vt 33.077900 -4.643720
vt 33.115299 -4.653140
vt 32.729301 -5.431230
vt 32.772900 -5.349740
vt 32.707401 -5.381440
vt 33.275600 -4.638510
vt 33.302101 -4.652440
vt 32.684898 -4.724470
vt 32.734200 -4.690840
vt 32.685299 -4.647910
vt 32.728600 -4.726360
vt 32.849602 -5.213220
vt 32.824501 -5.273560
vt 32.871399 -5.275300
vt 32.912201 -5.200660
vt 33.451099 -4.974020
vt 31.147900 -4.564980
vt 31.135300 -4.521970
vt 31.110500 -4.555560
vt 31.162701 -4.529190
vt 32.985500 -5.417050
vt 32.877899 -5.488190
vt 32.932701 -5.495030
vt 32.911999 -5.424330
vt 32.816101 -5.435700
vt 32.906502 -4.654310
vt 32.931099 -4.625920
vt 32.908100 -4.625360
vt 32.940899 -4.654310
vt 31.115200 -4.646070
vt 31.102100 -4.715570
vt 31.136499 -4.715570
vt 31.138100 -4.646620
vt 31.142300 -4.629330
vt 31.089701 -4.628990
vt 33.120998 -4.964560
vt 31.231701 -4.842080
vt 32.651699 -5.273040
vt 32.706799 -5.198030
vt 32.637001 -5.220220
vt 32.955299 -4.593140
vt 32.932701 -4.547930
vt 32.917900 -4.583720
vt 32.960098 -4.555150
vt 32.912300 -4.608070
vt 32.957500 -4.622100
vt 33.303501 -4.624880
vt 33.315201 -4.636380
vt 31.368500 -5.016200
vt 31.368200 -4.942480
vt 31.327999 -4.989160
vt 31.332199 -4.942380
vt 31.495001 -4.724120
vt 31.495300 -4.652650
vt 31.449301 -4.692060
vt 31.454000 -4.724260
vt 31.494699 -4.780210
vt 32.514999 -4.724120
vt 32.560902 -4.692730
vt 32.515301 -4.652650
vt 32.555698 -4.725880
vt 31.368000 -4.893830
vt 31.504700 -5.024800
vt 31.504299 -4.931660
vt 31.451900 -4.989550
vt 31.457300 -4.931530
vt 31.664900 -4.724470
vt 31.665300 -4.647910
vt 31.616100 -4.690130
vt 31.621099 -4.724630
vt 31.504000 -4.868230
vt 32.598801 -5.295360
vt 32.540501 -5.247750
vt 33.716900 -4.653610
vt 32.616501 -5.422150
vt 32.652901 -5.477330
vt 32.680500 -5.460660
vt 32.576900 -5.437540
vt 32.955502 -4.529420
vt 32.968800 -4.537540
vt 32.775902 -5.228040
vt 32.774799 -5.278120
vt 32.344898 -4.727390
vt 32.398998 -4.690400
vt 32.345299 -4.643170
vt 32.392899 -4.729470
vt 31.652700 -5.027320
vt 31.652201 -4.929330
vt 31.597099 -4.990230
vt 31.602800 -4.929190
vt 31.327999 -4.986880
vt 31.368200 -4.944420
vt 32.685001 -4.753220
vt 32.742001 -4.684760
vt 32.685001 -4.735390
vt 31.651899 -4.862600
vt 31.324499 -4.793490
vt 32.684601 -4.784560
vt 31.834900 -4.727390
vt 31.835300 -4.643170
vt 31.781099 -4.689610
vt 31.786600 -4.727560
vt 32.764500 -5.231660
vt 33.153099 -4.579090
vt 32.174900 -4.724470
vt 32.224201 -4.690840
vt 32.175301 -4.647910
vt 32.218601 -4.726360
vt 33.473499 -5.288390
vt 32.514702 -4.780210
vt 31.958900 -5.170360
vt 32.003201 -5.100130
vt 31.908501 -5.118550
vt 32.553200 -5.319950
vt 32.459099 -5.264880
vt 32.515099 -4.750950
vt 32.568298 -4.687050
vt 32.514999 -4.734310
vt 31.089500 -4.915290
vt 31.664600 -4.784560
vt 32.685200 -5.387100
vt 32.694401 -5.385870
vt 32.835899 -5.145040
vt 32.803101 -5.167390
vt 33.344601 -4.623160
vt 32.005001 -4.724120
vt 32.005299 -4.652650
vt 31.959299 -4.692060
vt 31.964001 -4.724260
vt 32.004700 -4.780210
vt 32.993099 -4.519090
vt 32.050900 -4.692730
vt 32.045700 -4.725880
vt 32.344501 -4.793490
vt 32.606701 -5.220420
vt 32.345001 -4.759010
vt 32.407700 -4.683710
vt 32.344898 -4.739400
vt 31.882601 -5.049580
vt 31.937700 -5.052350
vt 31.834499 -4.793490
vt 32.126099 -4.690130
vt 32.131100 -4.724630
vt 32.174599 -4.784560
vt 32.623402 -5.222770
vt 31.889000 -4.690400
vt 31.882900 -4.729470
vt 32.174999 -4.753220
vt 32.231998 -4.684760
vt 32.174999 -4.735390
vt 32.562901 -5.175930
vt 32.620800 -5.166230
vt 32.291100 -4.689610
vt 32.296600 -4.727560
vt 31.701500 -4.927670
vt 31.714199 -4.690840
vt 31.708599 -4.726360
vt 31.707800 -4.989600
vt 31.106400 -4.979120
vt 31.140400 -4.929060
vt 32.005100 -4.750950
vt 32.058300 -4.687050
vt 32.005001 -4.734310
vt 32.506401 -5.167020
vt 31.551100 -4.930080
vt 32.865501 -5.368930
vt 32.616100 -5.354320
vt 32.671600 -5.336590
vt 32.469299 -4.692060
vt 32.473999 -4.724260
vt 31.540899 -4.692730
vt 31.535700 -4.725880
vt 31.557100 -4.988950
vt 32.754700 -5.183680
vt 32.701900 -5.243240
vt 31.404100 -4.941270
vt 31.834999 -4.759010
vt 31.897699 -4.683710
vt 31.834900 -4.739400
vt 32.636101 -4.690130
vt 32.641102 -4.724630
vt 31.288200 -4.916140
vt 31.408701 -4.988700
vt 32.905300 -4.540710
vt 32.880501 -4.574300
vt 31.379000 -4.690400
vt 31.372900 -4.729470
vt 33.205700 -4.640380
vt 33.169102 -4.673690
vt 32.859699 -4.607730
vt 31.665001 -4.753220
vt 31.722000 -4.684760
vt 31.665001 -4.735390
vt 32.872101 -4.654310
vt 32.885201 -4.624810
vt 31.295401 -4.986630
vt 33.065300 -4.600710
vt 33.040501 -4.634300
vt 32.586800 -5.355150
vt 33.072300 -4.668070
vt 33.019699 -4.667730
vt 31.495100 -4.750950
vt 31.548300 -4.687050
vt 31.495001 -4.734310
vt 33.080101 -5.093250
vt 33.079800 -5.033660
vt 31.161100 -4.647180
vt 31.170900 -4.715570
vt 33.600300 -4.666560
vt 33.570702 -4.687950
vt 31.185499 -4.510680
vt 31.198799 -4.518800
vt 31.223101 -4.500350
vt 31.185301 -4.574400
vt 31.190100 -4.536410
vt 31.187500 -4.643360
vt 33.357101 -5.032300
vt 33.389198 -4.973690
vt 33.399399 -5.083900
vt 33.170300 -4.711650
vt 33.204498 -4.720240
vt 33.186199 -4.689870
vt 33.210602 -4.696000
vt 31.408701 -4.986420
vt 33.066502 -4.714310
vt 33.068100 -4.685360
vt 33.045200 -4.684810
vt 31.325001 -4.759010
vt 31.387699 -4.683710
vt 31.324900 -4.739400
vt 30.711500 -4.897570
vt 33.553101 -5.240860
vt 33.530899 -5.198060
vt 31.101000 -4.901510
vt 30.612301 -4.909290
vt 33.601601 -4.738830
vt 33.541901 -4.737000
vt 30.714600 -4.923860
vt 30.527599 -4.917510
vt 30.524200 -4.888570
vt 30.615299 -4.934540
vt 30.536400 -4.938450
vt 30.349501 -4.895800
vt 33.554798 -4.777660
vt 30.352600 -4.923100
vt 30.431000 -4.933610
vt 30.428600 -4.911090
vt 33.565701 -5.352500
vt 33.641499 -5.336880
vt 33.599998 -5.291740
vt 33.477001 -5.223520
vt 31.945801 -4.922760
vt 31.968700 -4.943210
vt 31.937000 -4.894970
vt 32.054199 -4.922760
vt 32.031300 -4.943210
vt 32.063000 -4.894970
vt 32.000000 -4.950080
vt 31.951000 -4.932920
vt 31.970699 -4.949110
vt 31.943800 -4.910480
vt 32.049000 -4.932920
vt 32.029301 -4.949110
vt 32.056198 -4.910480
vt 32.000000 -4.954770
vt 31.918301 -4.995750
vt 31.999901 -5.000410
vt 31.923500 -4.911810
vt 31.999901 -4.906940
vt 32.066502 -4.911810
vt 32.071701 -4.995750
vt 32.029701 -4.915020
vt 31.948799 -4.923910
vt 31.969999 -4.942890
vt 31.941000 -4.897610
vt 32.051201 -4.923910
vt 32.029999 -4.942890
vt 32.058998 -4.897610
vt 32.000000 -4.949540
vt 31.848900 -4.910420
vt 31.812599 -4.972780
vt 32.141102 -4.910420
vt 32.177399 -4.972780
vt 31.996799 -4.684270
vt 32.068802 -4.604870
vt 31.996799 -4.597140
vt 32.064201 -4.683610
vt 31.933599 -4.604870
vt 31.938200 -4.683610
vt 31.877501 -4.689610
vt 31.845600 -4.643170
vt 32.116600 -4.689610
vt 32.148499 -4.643170
vt 31.997101 -4.687530
vt 32.058201 -4.620160
vt 31.997101 -4.613590
vt 32.054298 -4.686970
vt 31.943399 -4.620160
vt 31.947300 -4.686970
vt 32.098900 -4.942080
vt 32.156601 -4.987350
vt 32.163300 -4.917880
vt 32.095402 -4.921070
vt 31.926901 -4.924260
vt 32.000702 -4.996720
vt 32.000702 -4.910110
vt 31.844299 -4.987350
vt 31.901899 -4.942080
vt 31.833700 -4.917880
vt 31.901600 -4.921070
vt 31.848801 -4.842080
vt 32.063099 -4.924260
vt 32.178799 -5.016200
vt 32.131901 -5.005430
vt 32.140999 -5.048380
vt 32.150200 -4.989160
vt 31.845900 -4.986880
vt 31.817301 -5.013920
vt 31.871401 -5.005430
vt 31.862400 -5.048380
vt 31.895901 -4.692060
vt 31.868700 -4.652650
vt 32.098701 -4.692060
vt 32.125801 -4.652650
vt 32.156200 -4.842080
vt 31.997000 -4.685270
vt 32.062401 -4.613090
vt 31.997000 -4.606060
vt 32.058201 -4.684680
vt 31.939501 -4.613090
vt 31.943600 -4.684680
vt 31.888500 -4.690130
vt 31.859501 -4.647910
vt 31.998699 -5.014510
vt 31.892799 -4.958630
vt 31.998699 -4.959040
vt 32.110500 -4.958630
vt 32.105801 -4.690130
vt 32.134899 -4.647910
vt 31.996799 -4.774570
vt 32.053299 -4.759010
vt 31.949100 -4.759010
vt 31.885500 -4.957880
vt 32.110600 -4.960170
vt 32.072399 -4.739400
vt 32.124599 -4.727560
vt 31.921600 -4.739400
vt 31.872400 -4.727560
vt 31.924299 -4.724050
vt 31.847099 -4.990230
vt 31.810400 -5.027320
vt 31.879499 -5.015680
vt 31.871000 -5.074600
vt 32.179600 -5.027320
vt 32.110500 -5.015680
vt 32.118999 -5.074600
vt 32.142899 -4.990230
vt 31.876499 -4.944420
vt 32.120399 -4.944420
vt 31.999800 -4.953250
vt 32.063801 -5.013730
vt 32.051899 -4.952720
vt 31.999800 -5.025580
vt 32.094002 -4.951750
vt 32.145599 -4.989550
vt 32.152599 -4.931530
vt 32.093498 -4.934190
vt 31.896000 -4.951750
vt 31.926300 -5.013730
vt 31.938200 -4.952720
vt 31.844500 -4.989550
vt 31.842600 -4.931530
vt 31.901699 -4.934190
vt 32.072701 -4.724050
vt 32.104301 -4.793490
vt 31.886499 -4.793490
vt 31.997101 -4.764150
vt 32.044998 -4.750950
vt 31.956600 -4.750950
vt 31.846901 -4.868230
vt 32.150501 -4.868230
vt 32.061199 -4.734310
vt 32.105499 -4.724260
vt 31.933300 -4.734310
vt 31.891500 -4.724260
vt 31.935600 -4.721290
vt 32.000000 -5.028140
vt 31.899500 -4.951490
vt 32.090500 -4.951490
vt 31.897800 -4.950460
vt 31.841200 -4.929190
vt 31.900900 -4.931990
vt 32.092201 -4.950460
vt 32.153900 -4.929190
vt 32.094200 -4.931990
vt 32.151699 -4.862600
vt 32.091099 -4.915290
vt 32.146999 -4.868500
vt 32.088001 -4.901510
vt 31.843000 -4.868500
vt 31.898899 -4.915290
vt 31.902000 -4.901510
vt 31.845600 -4.862600
vt 32.061401 -4.721290
vt 32.109699 -4.780210
vt 31.997000 -4.767360
vt 32.048302 -4.753220
vt 31.953600 -4.753220
vt 31.882099 -4.780210
vt 32.065701 -4.735390
vt 32.113201 -4.724630
vt 31.928600 -4.735390
vt 31.883801 -4.724630
vt 31.931101 -4.721440
vt 31.871201 -5.295360
vt 31.924101 -5.222770
vt 32.128799 -5.295360
vt 32.075901 -5.222770
vt 32.065899 -4.721440
vt 32.106899 -4.784560
vt 32.137798 -5.131250
vt 32.211102 -5.118550
vt 32.131302 -5.049580
vt 31.868700 -5.049580
vt 31.788900 -5.118550
vt 31.862200 -5.131250
vt 31.884501 -4.784560
vt 32.000000 -5.133340
vt 32.000000 -5.044990
vt 31.904200 -5.103870
vt 31.929800 -5.103300
vt 32.095798 -5.103870
vt 32.070202 -5.103300
vt 32.103298 -4.793490
vt 31.887600 -4.793490
vt 32.106701 -4.780210
vt 31.885099 -4.780210
vt 31.844900 -5.048460
vt 32.155102 -5.048460
vt 32.220600 -5.435700
vt 32.124802 -5.441910
vt 31.779400 -5.435700
vt 31.875200 -5.441910
vt 32.107800 -4.784560
vt 31.883600 -4.784560
vt 32.106701 -4.793490
vt 31.884100 -4.793490
vt 31.884300 -4.780210
vt 32.107498 -4.780210
vt 31.900400 -5.452920
vt 31.872801 -5.355150
vt 31.847099 -5.437540
vt 31.908300 -5.355990
vt 32.077599 -5.385870
vt 32.122299 -5.336590
vt 31.876200 -5.243240
vt 31.879700 -5.166230
vt 32.123798 -5.243240
vt 32.145500 -5.437540
vt 32.120800 -5.355150
vt 32.084801 -5.452920
vt 32.078800 -5.355990
vt 32.120300 -5.166230
vt 31.877701 -5.336590
vt 31.922400 -5.385870
vt 31.883200 -5.167020
vt 31.874399 -5.264880
vt 32.000000 -5.174980
vt 32.000000 -5.272990
vt 32.125599 -5.264880
vt 32.116798 -5.167020
vt 31.865601 -5.036720
vt 31.840700 -4.973690
vt 31.802500 -5.032300
vt 31.874399 -4.967740
vt 31.882799 -4.784560
vt 32.108601 -4.784560
vt 32.124100 -5.036720
vt 32.149101 -4.973690
vt 32.115299 -4.967740
vt 32.187302 -5.032300
vt 32.014000 -5.361750
vt 32.014000 -5.458800
vt 32.000000 -4.684810
vt 31.835199 -5.368930
vt 31.902700 -5.432330
vt 31.882401 -5.347740
vt 32.097301 -5.432330
vt 32.164799 -5.368930
vt 32.117599 -5.347740
vt 32.137501 -5.167390
vt 32.113201 -5.145040
vt 31.902201 -5.227030
vt 31.886801 -5.145040
vt 31.862499 -5.167390
vt 32.000000 -5.142470
vt 32.097801 -5.227030
vt 32.000000 -5.225570
vt 31.905899 -5.049540
vt 31.928699 -5.102510
vt 31.940201 -5.034380
vt 32.061298 -5.102510
vt 32.084099 -5.049540
vt 32.049801 -5.034380
vt 32.135899 -5.033660
vt 32.081200 -5.031680
vt 32.130501 -5.093250
vt 31.859501 -5.093250
vt 31.854099 -5.033660
vt 31.908800 -5.031680
vt 32.132999 -4.964560
vt 31.862801 -4.964560
vt 31.999599 -5.102680
vt 31.999599 -5.022360
vt 32.000000 -5.346170
vt 32.000000 -5.431490
vt 32.026199 -4.751560
vt 31.973801 -4.751560
vt 32.000099 -5.038480
vt 32.000099 -4.961670
vt 31.833700 -5.291740
vt 31.901899 -5.336880
vt 31.901600 -5.317690
vt 32.163300 -5.291740
vt 32.095402 -5.317690
vt 32.098900 -5.336880
vt 31.844299 -5.352500
vt 31.906601 -5.448810
vt 31.912701 -5.357780
vt 31.802500 -5.416900
vt 32.083401 -5.448810
vt 32.156601 -5.352500
vt 32.077400 -5.357780
vt 32.198299 -5.416900
vt 31.848900 -5.223520
vt 31.918301 -5.303780
vt 31.923500 -5.220980
vt 31.812599 -5.288390
vt 32.071701 -5.303780
vt 32.141102 -5.223520
vt 32.066502 -5.220980
vt 32.177399 -5.288390
vt 32.000702 -5.455270
vt 32.000702 -5.353900
vt 31.999901 -5.306910
vt 31.999901 -5.214720
vt 33.581001 -4.851170
vt 33.537601 -4.908920
vt 33.553101 -4.911980
vt 33.537601 -5.101080
vt 33.581001 -5.158830
vt 33.553101 -5.098020
vt 30.321899 -5.000000
vt 30.283199 -4.968650
vt 30.321899 -4.965600
vt 30.283199 -5.031340
vt 30.321899 -5.034400
vt 30.403000 -5.000000
vt 30.369200 -4.970700
vt 30.369101 -5.000000
vt 30.403099 -4.966120
vt 30.369200 -5.029300
vt 30.403099 -5.033880
vt 33.606098 -4.801670
vt 33.592201 -4.916630
vt 33.680901 -4.841570
vt 33.685799 -4.921950
vt 33.680901 -5.157600
vt 33.592201 -5.093370
vt 33.606098 -5.197490
vt 33.685799 -5.088050
vt 30.492399 -5.000000
vt 30.448299 -4.957970
vt 30.448299 -5.000000
vt 30.492399 -4.949720
vt 30.448299 -5.042030
vt 30.492399 -5.050280
vt 30.587999 -5.000000
vt 30.552700 -4.971140
vt 30.552601 -5.000000
vt 30.587999 -4.967940
vt 30.552700 -5.028860
vt 30.587999 -5.032060
vt 33.589401 -4.999310
vt 33.693501 -4.999310
vt 30.682301 -5.000000
vt 30.641800 -4.970000
vt 30.641800 -5.000000
vt 30.682199 -4.964880
vt 30.641800 -5.030000
vt 30.682199 -5.035120
vt 33.461300 -4.837470
vt 33.452702 -4.901640
vt 33.521801 -4.841690
vt 31.233000 -4.916630
vt 31.169399 -4.843430
vt 31.160000 -4.922650
vt 31.232599 -4.801670
vt 31.233000 -5.093370
vt 31.169399 -5.155730
vt 31.232599 -5.197490
vt 31.160000 -5.087350
vt 31.233101 -4.999310
vt 31.151899 -4.999310
vt 32.877899 -4.837350
vt 32.985500 -4.875240
vt 32.911999 -4.788910
vt 32.822701 -4.844930
vt 32.816101 -4.779410
vt 32.745998 -4.875190
vt 32.985500 -5.124770
vt 32.877899 -5.162650
vt 32.911999 -5.211090
vt 32.816101 -5.220590
vt 32.822701 -5.155070
vt 32.745998 -5.124810
vt 32.829201 -5.095800
vt 32.829201 -4.904200
vt 31.368799 -5.137590
vt 31.368799 -5.001320
vt 31.322001 -5.128550
vt 31.316799 -5.001320
vt 31.322001 -4.868060
vt 31.368799 -4.859020
vt 31.504999 -5.078760
vt 31.451900 -5.155500
vt 31.504700 -5.192850
vt 31.444099 -5.073740
vt 31.504999 -4.931170
vt 31.451900 -4.854440
vt 31.444099 -4.936200
vt 31.504700 -4.817090
vt 33.461300 -5.167430
vt 33.521801 -5.160900
vt 33.452702 -5.103260
vt 33.433601 -5.106490
vt 33.399399 -5.160990
vt 31.505100 -5.000210
vt 31.437300 -5.000210
vt 31.263100 -4.935790
vt 31.324900 -4.927560
vt 31.271099 -4.883450
vt 32.633999 -5.122780
vt 32.545898 -5.099600
vt 32.576900 -5.152940
vt 32.633999 -4.897660
vt 32.652901 -4.866820
vt 32.576900 -4.854540
vt 32.545898 -4.915240
vt 31.324900 -5.078360
vt 31.263100 -5.061840
vt 31.271099 -5.122470
vt 31.653000 -5.128970
vt 31.653099 -5.000000
vt 31.588900 -5.120530
vt 31.581699 -5.000000
vt 31.588900 -4.889470
vt 31.653000 -4.881020
vt 32.734200 -4.892880
vt 32.685001 -4.934280
vt 32.742001 -4.941270
vt 32.685001 -5.071370
vt 32.734200 -5.112770
vt 32.742001 -5.056840
vt 33.433601 -4.903730
vt 33.399399 -4.849230
vt 31.442600 -4.945740
vt 31.495001 -4.938750
vt 31.449301 -4.901330
vt 31.495001 -5.066720
vt 31.442600 -5.052700
vt 31.449301 -5.104150
vt 32.700500 -4.946540
vt 32.729301 -4.877740
vt 32.694401 -4.922410
vt 31.909401 -5.000000
vt 31.835699 -4.862160
vt 31.826300 -5.000000
vt 31.918800 -4.870120
vt 31.835699 -5.137840
vt 31.918800 -5.129880
vt 33.532299 -5.152730
vt 33.448002 -5.081710
vt 33.473499 -5.187360
vt 33.528900 -5.077090
vt 33.473499 -4.822640
vt 33.448002 -4.928290
vt 33.532299 -4.857270
vt 33.528900 -4.932910
vt 32.638199 -4.986040
vt 32.537800 -4.986040
vt 32.003201 -4.779410
vt 31.958900 -4.835190
vt 32.012798 -4.839420
vt 31.908501 -4.788910
vt 31.958900 -5.164810
vt 32.003201 -5.220590
vt 32.012798 -5.160580
vt 31.908501 -5.211090
vt 31.142300 -4.961540
vt 31.089701 -5.000000
vt 31.115200 -5.000000
vt 31.142300 -5.038450
vt 32.560902 -4.900110
vt 32.514999 -4.938750
vt 32.568298 -4.945280
vt 32.514999 -5.066720
vt 32.560902 -5.105360
vt 32.568298 -5.053160
vt 32.729301 -5.122260
vt 32.700500 -5.053460
vt 32.694401 -5.077590
vt 31.608801 -4.941760
vt 31.665001 -4.934280
vt 31.616100 -4.894180
vt 31.665001 -5.071370
vt 31.608801 -5.056350
vt 31.616100 -5.111470
vt 32.822399 -5.070190
vt 32.822399 -4.929810
vt 32.398998 -4.882020
vt 32.344898 -4.927560
vt 32.407700 -4.935250
vt 32.344898 -5.078360
vt 32.398998 -5.123900
vt 32.407700 -5.062380
vt 33.601601 -4.940490
vt 33.622002 -5.000000
vt 33.657600 -5.000000
vt 33.595798 -4.973790
vt 33.595798 -5.026210
vt 33.601601 -5.059500
vt 32.459099 -5.125560
vt 32.553200 -5.115610
vt 32.456699 -5.000000
vt 32.550999 -5.000000
vt 32.553200 -4.884390
vt 32.459099 -4.874430
vt 32.774799 -4.874950
vt 32.764500 -4.832310
vt 32.701900 -4.876180
vt 32.774799 -5.125050
vt 32.701900 -5.123820
vt 32.764500 -5.167690
vt 31.990400 -5.095800
vt 32.072701 -5.124810
vt 31.997200 -5.070190
vt 33.072300 -4.954220
vt 33.091099 -5.000000
vt 33.117500 -5.000000
vt 33.068100 -4.976990
vt 31.990400 -4.904200
vt 31.997200 -4.929810
vt 32.072701 -4.875190
vt 33.072300 -5.045780
vt 33.068100 -5.023010
vt 32.838100 -4.902700
vt 32.932701 -4.881130
vt 32.838100 -5.097300
vt 32.932701 -5.118870
vt 31.773100 -4.935790
vt 31.834900 -4.927560
vt 31.781099 -4.883450
vt 31.834900 -5.078360
vt 31.773100 -5.061840
vt 31.781099 -5.122470
vt 31.107201 -5.077090
vt 31.019100 -5.000060
vt 31.022900 -5.081710
vt 31.112801 -5.000060
vt 31.107201 -4.932910
vt 31.022900 -4.928290
vt 32.824501 -4.863970
vt 32.775902 -4.909960
vt 32.871399 -4.882080
vt 32.224201 -4.892880
vt 32.174999 -4.934280
vt 32.231998 -4.941270
vt 32.174999 -5.071370
vt 32.224201 -5.112770
vt 32.231998 -5.056840
vt 32.912300 -4.961540
vt 32.931099 -5.000000
vt 32.957500 -5.000000
vt 32.908100 -4.980670
vt 32.908100 -5.019320
vt 32.912300 -5.038450
vt 32.871399 -5.117920
vt 32.780899 -5.097830
vt 32.824501 -5.136030
vt 33.442902 -5.000060
vt 33.532799 -5.000060
vt 32.931801 -5.000000
vt 32.842300 -5.000000
vt 32.769798 -5.069810
vt 32.769798 -4.930190
vt 31.952600 -4.945740
vt 32.005001 -4.938750
vt 31.959299 -4.901330
vt 32.005001 -5.066720
vt 31.952600 -5.052700
vt 31.959299 -5.104150
vt 31.106400 -5.152730
vt 31.041800 -5.187360
vt 32.874500 -5.000000
vt 32.780899 -4.902170
vt 32.788200 -5.000000
vt 31.041800 -4.822640
vt 31.106400 -4.857270
vt 31.716600 -5.121510
vt 31.724001 -5.000000
vt 31.716600 -4.888490
vt 32.050900 -4.900110
vt 32.058300 -4.945280
vt 32.050900 -5.105360
vt 32.058300 -5.053160
vt 33.330700 -5.134360
vt 33.357101 -5.197530
vt 33.395000 -5.126580
vt 32.118801 -4.941760
vt 32.126099 -4.894180
vt 32.118801 -5.056350
vt 32.126099 -5.111470
vt 31.565500 -4.935610
vt 31.572500 -5.000210
vt 31.565500 -5.074320
vt 31.557100 -5.157170
vt 31.557100 -4.852770
vt 31.889000 -4.882020
vt 31.897699 -4.935250
vt 31.889000 -5.123900
vt 31.897699 -5.062380
vt 32.283100 -4.935790
vt 32.291100 -4.883450
vt 32.283100 -5.061840
vt 32.291100 -5.122470
vt 31.415199 -5.129600
vt 31.420500 -5.001320
vt 31.415199 -4.867010
vt 31.714199 -4.892880
vt 31.722000 -4.941270
vt 31.714199 -5.112770
vt 31.722000 -5.056840
vt 31.295401 -5.157600
vt 31.305500 -5.088050
vt 31.295401 -4.841570
vt 31.305500 -4.921950
vt 31.313801 -4.999310
vt 31.161100 -5.000000
vt 31.187500 -5.000000
vt 31.138100 -4.980670
vt 31.138100 -5.019320
vt 33.223000 -4.948500
vt 33.235001 -5.000000
vt 33.269699 -5.000000
vt 33.210602 -4.974840
vt 33.210602 -5.025160
vt 33.223000 -5.051500
vt 33.140598 -5.076130
vt 33.141300 -5.000420
vt 33.073002 -5.071280
vt 33.066002 -5.000420
vt 33.073002 -4.938720
vt 33.140598 -4.933870
vt 32.462601 -4.945740
vt 32.469299 -4.901330
vt 32.462601 -5.052700
vt 32.469299 -5.104150
vt 33.080101 -5.140470
vt 33.137402 -5.174090
vt 31.540899 -5.105360
vt 31.548300 -5.053160
vt 31.540899 -4.900110
vt 31.548300 -4.945280
vt 33.080101 -4.869530
vt 33.137402 -4.835910
vt 33.382999 -4.999900
vt 33.330700 -4.875860
vt 33.311600 -4.999900
vt 33.395000 -4.883640
vt 33.357101 -4.812690
vt 32.859699 -5.000000
vt 32.885201 -5.000000
vt 32.628799 -4.941760
vt 32.636101 -4.894180
vt 32.628799 -5.056350
vt 32.636101 -5.111470
vt 31.379000 -4.882020
vt 31.387699 -4.935250
vt 31.379000 -5.123900
vt 31.387699 -5.062380
vt 33.019699 -5.000000
vt 33.045200 -5.000000
vt 33.541901 -5.000000
vt 33.569599 -5.000000
vt 33.169102 -5.000000
vt 33.186199 -5.000000
vt 30.722700 -5.000000
vt 30.722601 -4.970000
vt 30.722601 -5.030000
vt 30.623400 -5.000000
vt 30.623301 -4.971140
vt 30.623301 -5.028860
vt 30.536501 -5.000000
vt 30.536400 -4.957970
vt 30.536400 -5.042030
vt 30.437700 -5.000000
vt 30.437700 -4.970700
vt 30.437700 -5.029300
vt 30.361000 -5.000000
vt 30.360901 -4.969060
vt 30.360901 -5.030940
vt 30.462400 -5.250020
vt 30.419001 -5.279920
vt 30.467699 -5.315840
vt 30.546700 -5.025360
vt 30.605000 -5.095000
vt 30.566401 -5.025210
vt 33.596100 -4.910170
vt 33.623699 -4.932920
vt 33.620800 -4.910480
vt 33.596600 -4.951360
vt 30.319099 -5.403370
vt 30.348700 -5.314910
vt 30.296801 -5.336110
vt 30.393900 -5.416900
vt 33.677601 -4.895870
vt 33.708099 -4.922760
vt 33.704601 -4.894970
vt 33.677898 -4.943420
vt 33.542900 -4.917510
vt 33.507599 -4.892420
vt 33.507599 -4.894900
vt 30.378000 -4.751560
vt 30.404200 -4.777660
vt 30.404200 -4.751560
vt 30.616199 -4.967740
vt 33.539398 -4.888570
vt 33.507599 -4.889210
vt 33.507599 -4.940800
vt 33.551701 -4.938450
vt 33.507599 -4.980010
vt 33.677399 -4.859320
vt 33.411999 -4.908390
vt 33.439301 -4.934540
vt 33.436298 -4.909290
vt 33.411999 -4.953120
vt 33.507599 -4.887780
vt 30.331699 -4.694420
vt 30.385599 -4.712350
vt 30.365700 -4.680490
vt 30.333200 -4.660540
vt 30.317499 -4.673230
vt 30.283100 -4.653610
vt 30.872299 -5.029100
vt 30.812901 -5.082160
vt 30.862600 -5.123880
vt 30.824800 -5.022820
vt 30.544701 -5.023310
vt 30.478201 -5.017160
vt 30.538700 -5.072230
vt 33.507599 -4.846940
vt 32.897301 -4.899520
vt 32.958199 -4.972780
vt 32.976501 -4.910420
vt 32.934101 -4.868500
vt 33.317799 -4.896900
vt 33.350201 -4.923910
vt 33.347099 -4.897610
vt 33.317799 -4.945270
vt 33.411999 -4.874190
vt 33.317799 -4.859600
vt 32.674702 -4.643170
vt 32.675098 -4.727390
vt 32.728901 -4.689610
vt 32.723400 -4.727560
vt 32.767899 -4.918030
vt 32.767399 -5.029570
vt 32.830601 -4.987350
vt 32.824200 -4.917880
vt 30.715900 -4.683730
vt 30.730301 -4.714130
vt 30.750999 -4.663090
vt 30.777000 -4.688650
vt 31.270700 -5.431230
vt 31.292601 -5.381440
vt 31.227100 -5.349740
vt 30.548901 -4.974020
vt 30.697901 -4.652440
vt 30.724400 -4.638510
vt 31.315100 -4.724470
vt 31.265800 -4.690840
vt 31.271400 -4.726360
vt 31.314699 -4.647910
vt 30.871201 -4.597540
vt 30.884501 -4.589420
vt 30.846901 -4.579090
vt 30.879900 -4.615150
vt 30.907301 -4.607930
vt 30.922100 -4.643720
vt 30.884701 -4.653140
vt 31.087799 -5.200660
vt 31.128599 -5.275300
vt 31.150400 -5.213220
vt 31.175501 -5.273560
vt 32.837299 -4.529190
vt 32.852100 -4.564980
vt 32.864700 -4.521970
vt 32.889500 -4.555560
vt 31.122101 -5.488190
vt 31.014500 -5.417050
vt 31.067301 -5.495030
vt 31.183901 -5.435700
vt 31.087999 -5.424330
vt 31.068899 -4.625920
vt 31.093500 -4.654310
vt 31.091900 -4.625360
vt 31.059099 -4.654310
vt 32.863499 -4.715570
vt 32.884800 -4.646070
vt 32.861900 -4.646620
vt 32.897900 -4.715570
vt 32.857700 -4.629330
vt 32.910301 -4.628990
vt 31.348301 -5.273040
vt 31.363001 -5.220220
vt 31.293200 -5.198020
vt 32.768299 -4.842080
vt 31.044701 -4.593140
vt 31.087700 -4.608070
vt 31.082100 -4.583720
vt 31.042500 -4.622100
vt 31.067301 -4.547930
vt 31.039900 -4.555150
vt 30.879000 -4.964560
vt 32.631802 -4.942480
vt 32.672001 -4.986880
vt 32.667801 -4.942380
vt 32.631500 -5.013920
vt 32.504700 -4.652650
vt 32.505001 -4.724120
vt 32.550701 -4.692060
vt 32.546001 -4.724260
vt 32.505299 -4.780210
vt 31.485001 -4.724120
vt 31.439100 -4.692730
vt 31.444300 -4.725880
vt 31.484699 -4.652650
vt 32.632000 -4.893830
vt 32.495701 -4.931660
vt 32.495300 -5.024800
vt 32.548100 -4.989550
vt 32.542702 -4.931530
vt 32.334702 -4.647910
vt 32.335098 -4.724470
vt 32.383900 -4.690130
vt 32.378899 -4.724630
vt 30.684799 -4.636380
vt 30.696501 -4.624880
vt 30.655399 -4.623160
vt 32.495998 -4.868230
vt 31.383499 -5.422150
vt 31.319500 -5.460660
vt 31.347099 -5.477330
vt 31.423100 -5.437540
vt 31.365999 -5.494000
vt 31.459499 -5.247750
vt 31.401199 -5.295360
vt 31.224100 -5.228040
vt 31.225201 -5.278120
vt 31.655100 -4.727390
vt 31.601000 -4.690400
vt 31.607100 -4.729470
vt 31.654699 -4.643170
vt 32.347801 -4.929330
vt 32.402901 -4.990230
vt 32.397202 -4.929190
vt 32.347301 -5.027320
vt 32.631802 -4.944420
vt 32.672001 -4.989160
vt 32.675499 -4.793490
vt 31.315399 -4.784560
vt 32.348099 -4.862600
vt 31.031200 -4.537540
vt 31.044500 -4.529420
vt 31.006901 -4.519090
vt 32.164700 -4.643170
vt 32.165100 -4.727390
vt 32.218899 -4.689610
vt 32.213402 -4.727560
vt 31.235500 -5.231660
vt 31.485300 -4.780210
vt 31.305599 -5.385870
vt 31.314800 -5.387100
vt 31.825100 -4.724470
vt 31.775801 -4.690840
vt 31.781401 -4.726360
vt 31.824699 -4.647910
vt 30.444700 -5.239520
vt 30.526501 -5.288390
vt 31.996799 -5.100130
vt 32.041100 -5.170360
vt 32.091499 -5.118550
vt 31.446800 -5.319950
vt 31.540899 -5.264880
vt 32.335400 -4.784560
vt 32.910500 -4.915290
vt 31.164101 -5.145040
vt 31.196899 -5.167390
vt 31.994699 -4.652650
vt 31.995001 -4.724120
vt 32.040699 -4.692060
vt 32.035999 -4.724260
vt 31.995300 -4.780210
vt 31.655500 -4.793490
vt 31.949100 -4.692730
vt 31.954300 -4.725880
vt 31.393299 -5.220420
vt 32.165501 -4.793490
vt 32.062302 -5.052350
vt 32.117401 -5.049580
vt 31.825399 -4.784560
vt 31.376600 -5.222770
vt 31.873899 -4.690130
vt 31.868900 -4.724630
vt 32.111000 -4.690400
vt 32.117100 -4.729470
vt 31.437099 -5.175930
vt 31.379200 -5.166230
vt 31.708900 -4.689610
vt 31.703400 -4.727560
vt 32.298500 -4.927670
vt 32.285801 -4.690840
vt 32.291401 -4.726360
vt 32.292198 -4.989600
vt 32.893600 -4.979120
vt 32.859600 -4.929060
vt 31.493601 -5.167020
vt 32.448898 -4.930080
vt 30.600599 -5.083900
vt 30.642900 -5.032300
vt 31.134501 -5.368930
vt 31.383900 -5.354320
vt 31.328400 -5.336590
vt 31.530701 -4.692060
vt 31.525999 -4.724260
vt 32.459099 -4.692730
vt 32.464298 -4.725880
vt 32.442902 -4.988950
vt 31.245300 -5.183680
vt 31.298100 -5.243240
vt 32.595901 -4.941270
vt 32.711800 -4.916140
vt 32.591301 -4.986420
vt 31.094700 -4.540710
vt 31.119499 -4.574300
vt 30.794300 -4.640380
vt 30.830900 -4.673690
vt 31.363899 -4.690130
vt 31.358900 -4.724630
vt 32.620998 -4.690400
vt 32.627102 -4.729470
vt 31.140301 -4.607730
vt 32.704601 -4.986630
vt 31.114799 -4.624810
vt 31.127899 -4.654310
vt 31.413200 -5.355150
vt 30.934700 -4.600710
vt 30.959499 -4.634300
vt 30.927700 -4.668070
vt 30.980301 -4.667730
vt 30.610800 -4.973690
vt 30.919901 -5.093250
vt 30.920200 -5.033660
vt 32.838902 -4.647180
vt 32.829102 -4.715570
vt 30.399700 -4.666560
vt 30.429300 -4.687950
vt 32.814701 -4.574400
vt 32.812500 -4.643360
vt 32.809898 -4.536410
vt 32.591301 -4.988700
vt 30.795500 -4.720240
vt 30.813801 -4.689870
vt 30.789400 -4.696000
vt 30.829700 -4.711650
vt 32.801201 -4.518800
vt 32.814499 -4.510680
vt 32.776901 -4.500350
vt 30.933500 -4.714310
vt 30.954800 -4.684810
vt 30.931900 -4.685360
vt 33.288502 -4.897570
vt 30.469101 -5.198060
vt 30.446899 -5.240860
vt 32.898998 -4.901510
vt 33.387699 -4.909290
vt 33.285400 -4.923860
vt 30.398399 -4.738830
vt 30.458099 -4.737000
vt 33.472401 -4.917510
vt 33.475800 -4.888570
vt 33.384701 -4.934540
vt 33.463600 -4.938450
vt 33.650501 -4.895800
vt 30.445200 -4.777660
vt 33.647400 -4.923100
vt 33.569000 -4.933610
vt 33.571400 -4.911090
vt 30.358500 -5.336880
vt 30.434299 -5.352500
vt 30.400000 -5.291740
vt 30.523001 -5.223520
vt 32.156300 -8.613390
vt 31.843700 -9.249070
vt 32.156300 -9.249070
vt 31.843700 -8.613390
vt 32.138901 -8.632750
vt 31.861099 -8.747610
vt 32.138901 -8.747610
vt 31.861099 -8.632750
vt 32.130199 -8.854340
vt 31.869801 -8.854340
vt 32.130199 -8.935950
vt 31.869801 -8.772720
vt 32.130199 -8.772720
vt 31.869801 -8.935950
vt 32.132301 -8.927830
vt 31.867701 -8.927830
vt 32.132301 -8.989950
vt 31.867701 -8.989950
vt 32.121300 -8.891810
vt 31.878700 -8.978300
vt 32.121300 -8.978300
vt 31.878700 -8.891810
vt 31.878700 -9.064780
vt 32.121300 -9.064780
vt 31.878700 -9.151270
vt 32.121300 -9.151270
vt 31.878700 -9.237750
vt 32.121300 -9.237750
vt 31.878700 -9.281890
vt 32.121300 -9.281890
vt 32.121300 -9.354000
vt 31.878700 -9.354000
vt 32.121300 -9.413530
vt 31.878700 -9.413530
vt 32.144501 -8.664840
vt 31.856300 -8.664840
vt 32.144501 -8.751090
vt 31.856300 -8.751090
vt 32.132301 -8.983740
vt 31.867701 -8.983740
vt 32.132301 -9.046290
vt 31.867701 -9.046290
vt 32.132301 -9.101960
vt 31.867701 -9.101960
vt 32.106602 -8.555390
vt 31.894199 -8.555390
vt 32.106602 -8.609410
vt 31.894199 -8.609410
vt 32.106602 -8.664840
vt 31.894199 -8.714370
vt 32.106602 -8.714370
vt 31.894199 -8.664840
vt 30.656000 -9.156310
vt 30.865700 -9.156310
vt 30.656000 -8.843690
vt 30.865700 -8.843690
vt 30.927500 -8.843690
vt 30.927500 -9.156310
vt 31.014400 -9.138920
vt 31.064600 -8.861080
vt 31.014400 -8.861080
vt 31.064600 -9.138920
vt 31.114901 -8.861080
vt 31.114901 -9.138920
vt 31.221201 -9.138920
vt 31.221201 -8.861080
vt 31.342100 -9.138920
vt 31.342100 -8.861080
vt 31.442499 -8.861080
vt 31.442499 -9.138920
vt 32.586399 -8.856270
vt 33.344002 -9.144510
vt 33.344002 -8.856270
vt 32.530399 -8.856270
vt 31.457300 -9.144510
vt 31.457300 -8.856270
vt 33.290001 -8.894160
vt 31.457399 -8.894160
vt 33.290001 -9.106620
vt 31.457399 -9.106620
vt 32.480202 -9.144510
vt 31.887600 -8.856270
vt 31.887600 -9.144510
vt 32.561401 -8.856270
vt 32.536201 -9.144510
vt 32.561401 -9.144510
vt 32.496101 -8.867730
vt 31.457399 -8.867730
vt 32.496101 -9.132270
vt 31.457399 -9.132270
vt 32.959400 -9.106620
vt 33.187099 -8.894160
vt 32.959400 -8.894160
vt 33.187099 -9.106620
vt 32.643002 -9.106620
vt 32.870701 -8.894160
vt 32.643002 -8.894160
vt 32.870701 -9.106620
vt 31.749201 -9.106620
vt 32.486301 -8.894160
vt 31.749201 -8.894160
vt 32.486301 -9.106620
vt 33.344002 -8.613390
vt 33.131500 -9.102230
vt 33.344002 -9.249070
vt 33.157001 -9.175650
vt 33.253201 -9.249070
vt 33.066799 -9.028800
vt 33.025700 -8.875920
vt 33.009701 -8.955380
vt 33.047600 -8.717000
vt 32.999699 -8.796460
vt 33.134300 -8.613390
vt 33.072498 -8.637540
vt 31.413601 -8.636520
vt 31.271400 -8.855250
vt 31.438601 -8.751090
vt 31.413601 -8.822290
vt 31.469601 -8.784620
vt 31.129200 -8.822290
vt 31.438601 -8.664840
vt 32.112400 -8.751090
vt 32.542702 -8.784620
vt 32.542702 -8.636520
vt 32.112400 -8.664840
vt 31.469601 -8.636520
vt 31.519800 -8.664840
vt 31.463800 -8.664840
vt 30.656000 -8.636520
vt 30.986900 -8.843720
vt 30.844700 -8.822290
vt 30.656000 -8.755960
vt 30.656000 -8.819540
vt 32.935398 -8.618520
vt 32.960499 -8.747610
vt 32.985600 -8.632750
vt 32.766300 -8.747610
vt 32.885101 -8.569970
vt 32.778801 -8.544850
vt 32.657902 -8.544850
vt 32.657902 -8.747610
vt 32.557499 -8.747610
vt 32.557499 -8.519740
vt 32.542599 -8.773690
vt 32.475101 -8.927830
vt 32.542599 -8.902720
vt 32.159500 -8.996450
vt 32.442402 -8.989950
vt 32.114300 -8.986070
vt 32.035900 -8.983740
vt 31.503901 -8.773690
vt 31.503901 -8.890160
vt 31.545601 -8.927830
vt 31.659800 -9.045820
vt 31.533600 -8.995780
vt 31.554199 -9.063730
vt 31.803499 -9.086660
vt 31.870899 -9.086870
vt 31.979900 -9.046290
vt 31.976500 -9.101960
vt 32.903999 -8.854340
vt 32.766300 -8.919740
vt 32.860001 -8.935950
vt 32.766300 -8.772720
vt 32.922798 -8.772720
vt 32.712101 -8.937460
vt 32.657902 -8.772720
vt 32.641399 -8.953810
vt 32.557499 -8.935950
vt 32.557499 -8.772720
vt 32.442799 -8.978300
vt 32.142101 -8.958090
vt 32.138500 -9.075900
vt 32.422298 -8.891810
vt 32.443802 -9.064780
vt 32.182999 -9.178860
vt 32.228298 -9.217550
vt 32.511501 -9.151270
vt 32.248100 -9.304040
vt 32.533901 -9.237750
vt 32.517700 -9.281890
vt 32.245998 -9.390520
vt 32.549900 -9.354000
vt 32.238098 -9.427330
vt 32.273701 -9.480260
vt 32.545700 -9.413530
vt 31.129299 -8.555390
vt 31.040600 -8.609410
vt 31.129299 -8.609410
vt 31.438601 -8.714370
vt 31.357000 -8.609410
vt 30.709999 -8.714370
vt 30.812901 -8.609410
vt 31.357000 -8.555390
vt 30.709999 -8.535120
vt 31.040600 -8.555390
vt 30.812901 -8.555390
vt 31.513700 -8.555390
vt 32.542599 -8.535120
vt 31.513700 -8.609410
vt 32.250801 -8.555390
vt 32.250801 -8.609410
vt 32.542599 -8.714370
vt 32.112400 -8.714370
vt 31.893400 -8.535120
vt 31.893400 -8.714370
vt 32.105801 -8.535120
vt 32.105801 -8.714370
vt 31.843700 -9.175650
vt 32.156300 -9.175650
vt 31.843700 -9.102230
vt 32.156300 -8.637540
vt 31.843700 -8.637540
vt 31.843700 -8.717000
vt 32.156300 -9.102230
vt 32.156300 -8.717000
vt 31.843700 -9.028800
vt 31.843700 -8.796460
vt 32.156300 -9.028800
vt 32.156300 -8.796460
vt 31.843700 -8.955380
vt 31.843700 -8.875920
vt 32.156300 -8.955380
vt 32.156300 -8.875920
vt 32.132301 -8.773690
vt 31.867701 -8.773690
vt 31.867701 -8.890160
vt 32.132301 -8.890160
vt 31.867701 -9.063730
vt 32.132301 -9.063730
vt 31.867701 -8.995780
vt 32.132301 -8.995780
vt 31.855499 -8.819540
vt 32.143700 -8.819540
vt 32.143700 -8.755960
vt 31.855499 -8.755960
vt 32.143700 -8.636520
vt 31.855499 -8.636520
vt 32.143700 -8.664840
vt 31.855499 -8.664840
vt 31.855499 -8.751090
vt 32.143700 -8.751090
vt 32.105801 -8.555390
vt 31.893400 -8.555390
vt 31.893400 -8.609410
vt 32.105801 -8.609410
vt 32.121300 -8.958090
vt 31.878700 -8.958090
vt 31.878700 -9.075900
vt 32.121300 -9.075900
vt 31.878700 -9.178860
vt 32.121300 -9.178860
vt 32.121300 -9.217550
vt 31.878700 -9.217550
vt 31.878700 -9.304040
vt 32.121300 -9.304040
vt 31.878700 -9.390520
vt 32.121300 -9.390520
vt 32.121300 -9.427330
vt 31.878700 -9.427330
vt 32.121300 -9.480260
vt 31.878700 -9.480260
vt 32.105801 -8.664840
vt 31.893400 -8.664840
vt 33.344002 -9.156310
vt 33.344002 -8.843690
vt 33.253201 -8.843690
vt 33.253201 -9.156310
vt 33.157001 -9.156310
vt 33.157001 -8.843690
vt 32.273701 -9.121260
vt 32.545700 -9.121260
vt 32.273701 -8.878740
vt 32.545700 -8.878740
vt 30.656000 -9.144510
vt 30.844700 -9.144510
vt 30.844700 -8.856270
vt 30.986900 -8.856270
vt 30.656000 -8.856270
vt 30.986900 -9.144510
vt 31.129200 -8.856270
vt 31.129200 -9.144510
vt 31.271400 -8.856270
vt 31.271400 -9.144510
vt 31.413601 -8.856270
vt 31.413601 -9.144510
vt 31.469601 -8.856270
vt 31.469601 -9.144510
vt 32.542702 -9.144510
vt 32.542702 -8.856270
vt 31.545601 -9.132270
vt 31.545601 -8.867730
vt 31.503901 -9.132270
vt 31.503901 -8.867730
vt 32.960499 -9.138920
vt 32.922798 -8.869800
vt 32.922798 -9.130200
vt 32.960499 -8.861080
vt 32.860001 -9.130200
vt 32.860001 -8.869800
vt 32.766300 -8.869800
vt 32.766300 -9.130200
vt 32.712101 -8.869800
vt 32.712101 -9.130200
vt 32.641399 -8.869800
vt 32.641399 -9.130200
vt 32.557499 -9.130200
vt 32.557499 -8.869800
vt 32.475101 -9.132270
vt 32.542599 -8.867730
vt 32.475101 -8.867730
vt 32.542599 -9.132270
vt 31.976500 -9.132270
vt 31.870899 -8.867730
vt 31.870899 -9.132270
vt 31.976500 -8.867730
vt 31.803499 -8.867730
vt 31.803499 -9.132270
vt 31.659800 -8.867730
vt 31.659800 -9.132270
vt 31.554199 -8.867730
vt 31.554199 -9.132270
vt 32.035900 -8.867730
vt 32.035900 -9.132270
vt 32.114300 -9.132270
vt 32.114300 -8.867730
vt 32.159500 -9.132270
vt 32.159500 -8.867730
vt 32.442402 -9.132270
vt 32.442402 -8.867730
vt 31.519800 -8.856270
vt 32.112400 -9.144510
vt 32.112400 -8.856270
vt 31.438601 -9.144510
vt 31.463800 -8.856270
vt 31.438601 -8.856270
vt 31.040600 -9.106620
vt 31.040600 -8.894160
vt 30.812901 -8.894160
vt 30.812901 -9.106620
vt 31.357000 -9.106620
vt 31.357000 -8.894160
vt 31.129299 -8.894160
vt 31.129299 -9.106620
vt 32.250801 -8.894160
vt 31.513700 -8.894160
vt 32.250801 -9.106620
vt 31.513700 -9.106620
vt 32.182999 -8.878740
vt 32.182999 -9.121260
vt 32.228298 -9.121260
vt 32.228298 -8.878740
vt 31.438601 -8.894160
vt 30.709999 -8.894160
vt 31.438601 -9.106620
vt 30.709999 -9.106620
vt 32.112400 -9.106620
vt 32.112400 -8.894160
vt 32.542599 -9.106620
vt 32.542599 -8.894160
vt 30.656000 -8.613390
vt 30.952400 -8.717000
vt 30.865700 -8.613390
vt 30.927500 -8.637540
vt 30.974300 -8.875920
vt 31.000299 -8.796460
vt 30.933201 -9.028800
vt 30.990299 -8.955380
vt 30.868500 -9.102230
vt 30.656000 -9.249070
vt 30.843000 -9.175650
vt 30.746799 -9.249070
vt 31.457300 -8.784620
vt 32.530399 -8.784620
vt 31.887600 -8.751090
vt 31.457300 -8.636520
vt 32.480202 -8.751090
vt 31.887600 -8.664840
vt 32.536201 -8.751090
vt 32.586399 -8.822290
vt 32.561401 -8.751090
vt 32.728600 -8.855250
vt 32.561401 -8.664840
vt 32.870800 -8.822290
vt 33.344002 -8.636520
vt 33.013100 -8.843720
vt 33.155300 -8.822290
vt 33.344002 -8.755960
vt 33.344002 -8.819540
vt 31.442499 -8.747610
vt 31.442499 -8.519740
vt 31.342100 -8.544850
vt 31.342100 -8.747610
vt 31.233700 -8.747610
vt 31.221201 -8.544850
vt 31.114901 -8.569970
vt 31.064600 -8.618520
vt 31.039499 -8.747610
vt 31.014400 -8.632750
vt 31.964100 -8.983740
vt 32.496101 -8.773690
vt 31.457399 -8.773690
vt 32.454399 -8.927830
vt 32.496101 -8.890160
vt 32.340199 -9.045820
vt 32.466400 -8.995780
vt 32.445801 -9.063730
vt 32.196499 -9.086660
vt 32.129101 -9.086870
vt 32.020100 -9.046290
vt 32.023499 -9.101960
vt 31.885700 -8.986070
vt 31.840500 -8.996450
vt 31.524900 -8.927830
vt 31.457399 -8.902720
vt 31.557600 -8.989950
vt 31.233700 -8.772720
vt 31.287901 -8.937460
vt 31.342100 -8.772720
vt 31.358601 -8.953810
vt 31.442499 -8.935950
vt 31.442499 -8.772720
vt 31.233700 -8.919740
vt 31.096001 -8.854340
vt 31.139999 -8.935950
vt 31.077200 -8.772720
vt 31.557199 -8.978300
vt 31.857901 -8.958090
vt 31.577700 -8.891810
vt 31.861500 -9.075900
vt 31.556200 -9.064780
vt 31.816999 -9.178860
vt 31.771700 -9.217550
vt 31.488501 -9.151270
vt 31.751900 -9.304040
vt 31.466101 -9.237750
vt 31.482300 -9.281890
vt 31.754000 -9.390520
vt 31.450100 -9.354000
vt 31.761900 -9.427330
vt 31.726299 -9.480260
vt 31.454300 -9.413530
vt 32.561401 -8.714370
vt 32.643002 -8.609410
vt 32.486301 -8.609410
vt 32.870701 -8.609410
vt 31.749201 -8.609410
vt 31.887600 -8.714370
vt 31.457399 -8.714370
vt 31.457399 -8.535120
vt 31.749201 -8.555390
vt 32.486301 -8.555390
vt 32.643002 -8.555390
vt 33.290001 -8.535120
vt 32.870701 -8.555390
vt 32.959400 -8.555390
vt 33.187099 -8.555390
vt 33.187099 -8.609410
vt 32.959400 -8.609410
vt 33.290001 -8.714370
vt 28.201900 -44.694199
vt 27.819201 -44.928902
vt 28.180799 -44.928902
vt 27.798100 -44.694199
vt 27.819201 -45.163601
vt 28.180799 -45.163601
vt 27.798100 -45.398300
vt 28.201900 -45.398300
vt 28.134600 -44.601700
vt 27.826799 -44.856602
vt 28.173201 -44.856602
vt 28.173201 -44.625801
vt 27.865400 -44.601700
vt 27.826799 -44.625801
vt 28.159800 -44.882702
vt 27.840200 -44.882702
vt 27.885700 -45.066898
vt 27.840200 -45.043301
vt 28.114300 -45.066898
vt 28.159800 -45.043301
vt 28.142500 -45.047001
vt 27.857500 -44.989498
vt 27.857500 -45.047001
vt 28.142500 -44.989498
vt 27.848700 -44.769100
vt 28.151300 -44.819199
vt 28.151300 -44.769100
vt 27.848700 -44.819199
vt 28.151300 -44.869301
vt 27.848700 -44.869301
vt 28.125601 -44.760799
vt 27.874399 -44.760799
vt 28.125601 -44.869099
vt 27.874399 -44.869099
vt 28.090500 -44.652199
vt 27.909500 -44.652199
vt 28.090500 -44.727299
vt 27.909500 -44.727299
vt 28.142500 -44.932098
vt 27.857500 -44.932098
vt 28.033501 -44.760201
vt 28.027100 -44.823898
vt 28.047199 -44.797001
vt 27.972900 -44.823898
vt 28.027100 -44.696400
vt 28.047199 -44.723301
vt 28.000000 -44.688400
vt 27.966499 -44.760201
vt 27.952801 -44.797001
vt 27.972900 -44.696400
vt 27.952801 -44.723301
vt 28.050600 -44.897800
vt 27.949400 -44.897800
vt 28.000000 -44.918800
vt 28.050600 -44.796501
vt 28.071600 -44.847198
vt 27.949400 -44.796501
vt 27.928400 -44.847198
vt 28.000000 -44.775600
vt 29.925900 -44.963799
vt 29.694401 -44.963799
vt 29.925900 -45.000000
vt 29.694401 -45.000000
vt 29.925900 -45.036201
vt 29.694401 -45.036201
vt 29.672300 -45.000000
vt 29.110001 -44.960999
vt 29.110001 -45.000000
vt 29.672300 -44.960999
vt 29.672300 -45.039001
vt 29.110001 -45.039001
vt 26.959499 -44.865398
vt 26.959499 -45.134602
vt 27.060801 -45.134602
vt 27.060801 -44.865398
vt 27.060801 -45.173199
vt 26.959499 -44.826801
vt 26.959499 -45.173199
vt 27.060801 -44.826801
vt 26.074100 -44.798100
vt 26.074100 -45.201900
vt 26.213400 -45.201900
vt 26.213400 -44.798100
vt 28.805201 -45.027100
vt 29.112600 -45.027100
vt 29.112600 -45.000000
vt 28.805201 -45.000000
vt 29.112600 -44.972900
vt 28.805201 -44.972900
vt 28.211300 -45.151299
vt 28.749901 -44.848701
vt 28.211300 -44.848701
vt 28.749901 -45.151299
vt 26.681200 -45.000000
vt 26.439800 -44.894901
vt 26.439800 -45.000000
vt 26.681200 -44.894901
vt 26.681200 -45.105099
vt 26.439800 -45.105099
vt 29.132799 -45.049599
vt 28.799500 -45.000000
vt 28.799500 -45.049599
vt 29.132799 -45.000000
vt 28.799500 -44.950401
vt 29.132799 -44.950401
vt 27.399799 -45.125599
vt 28.127300 -44.874401
vt 27.399799 -44.874401
vt 28.127300 -45.125599
vt 27.189600 -45.090500
vt 28.731501 -44.909500
vt 27.189600 -44.909500
vt 28.731501 -45.090500
vt 29.662701 -45.000000
vt 29.925900 -44.949402
vt 29.662701 -44.949402
vt 29.662701 -45.050598
vt 29.925900 -45.050598
vt 27.507299 -45.142502
vt 27.669600 -44.857498
vt 27.507299 -44.857498
vt 27.669600 -45.142502
vt 26.074100 -44.811001
vt 26.305599 -44.847198
vt 26.305599 -44.811001
vt 26.074100 -44.847198
vt 26.305599 -44.883400
vt 26.074100 -44.883400
vt 26.889999 -44.808201
vt 26.327700 -44.808201
vt 26.889999 -44.847198
vt 26.327700 -44.847198
vt 26.889999 -44.886200
vt 26.327700 -44.886200
vt 29.896500 -44.928902
vt 29.786600 -44.694199
vt 29.786600 -44.928902
vt 29.925900 -44.694199
vt 29.786600 -45.163601
vt 29.896500 -45.163601
vt 29.786600 -45.398300
vt 29.925900 -45.398300
vt 28.939199 -44.856602
vt 29.040501 -44.625801
vt 28.939199 -44.625801
vt 29.040501 -44.856602
vt 29.040501 -45.043301
vt 28.939199 -44.882702
vt 28.939199 -45.043301
vt 29.040501 -44.882702
vt 26.887400 -44.723301
vt 27.194799 -44.696400
vt 26.887400 -44.696400
vt 27.194799 -44.723301
vt 27.250099 -44.869301
vt 27.788700 -44.769100
vt 27.250099 -44.769100
vt 27.217800 -44.819199
vt 27.788700 -44.869301
vt 27.821100 -44.819199
vt 28.330400 -45.047001
vt 28.492701 -44.932098
vt 28.330400 -44.932098
vt 28.304399 -44.989498
vt 28.492701 -45.047001
vt 28.518700 -44.989498
vt 28.600201 -44.760799
vt 27.872700 -44.760799
vt 28.600201 -44.869099
vt 27.872700 -44.869099
vt 29.560200 -44.902000
vt 29.318800 -44.902000
vt 29.560200 -44.999599
vt 29.318800 -44.999599
vt 29.560200 -44.804401
vt 29.318800 -44.804401
vt 28.810400 -44.652199
vt 27.268499 -44.652199
vt 28.810400 -44.727299
vt 27.268499 -44.727299
vt 27.194799 -44.760201
vt 26.887400 -44.760201
vt 27.194799 -44.797001
vt 26.887400 -44.797001
vt 26.887400 -44.823898
vt 27.194799 -44.823898
vt 27.200500 -44.797501
vt 26.867201 -44.797501
vt 27.200500 -44.847198
vt 26.867201 -44.847198
vt 27.200500 -44.896801
vt 26.867201 -44.896801
vt 26.074100 -44.897800
vt 26.337299 -44.897800
vt 26.337299 -44.847198
vt 26.337299 -44.796501
vt 26.074100 -44.796501
vt 28.000000 -44.796001
vt 28.036200 -44.811001
vt 27.963800 -44.811001
vt 28.051201 -44.847198
vt 27.948799 -44.847198
vt 28.036200 -44.883400
vt 27.963800 -44.883400
vt 28.000000 -44.898399
vt 28.070200 -44.847198
vt 28.049601 -44.797501
vt 28.049601 -44.896801
vt 27.950399 -44.896801
vt 28.000000 -44.917400
vt 27.950399 -44.797501
vt 28.000000 -44.777000
vt 27.929800 -44.847198
vt 26.074100 -44.963799
vt 26.305599 -45.000000
vt 26.305599 -44.963799
vt 26.074100 -45.000000
vt 26.305599 -45.036201
vt 26.074100 -45.036201
vt 26.889999 -44.960999
vt 26.327700 -44.960999
vt 26.889999 -45.000000
vt 26.327700 -45.000000
vt 26.327700 -45.039001
vt 26.889999 -45.039001
vt 29.786600 -44.798100
vt 29.786600 -45.201900
vt 29.925900 -45.201900
vt 29.925900 -44.798100
vt 28.492701 -45.142502
vt 28.492701 -44.857498
vt 28.330400 -45.142502
vt 28.330400 -44.857498
vt 29.040501 -45.159801
vt 28.939199 -45.114300
vt 28.939199 -45.159801
vt 29.040501 -45.114300
vt 28.939199 -44.885700
vt 29.040501 -44.885700
vt 28.939199 -44.840199
vt 29.040501 -44.840199
vt 29.560200 -45.000000
vt 29.318800 -45.000000
vt 29.560200 -45.105099
vt 29.318800 -45.105099
vt 29.318800 -44.894901
vt 29.560200 -44.894901
vt 27.250099 -45.151299
vt 27.788700 -45.151299
vt 27.788700 -44.848701
vt 27.250099 -44.848701
vt 26.867201 -45.049599
vt 27.200500 -45.049599
vt 26.867201 -45.000000
vt 27.200500 -45.000000
vt 26.867201 -44.950401
vt 27.200500 -44.950401
vt 27.872700 -45.125599
vt 28.600201 -45.125599
vt 28.600201 -44.874401
vt 27.872700 -44.874401
vt 27.268499 -45.090500
vt 28.810400 -45.090500
vt 28.810400 -44.909500
vt 27.268499 -44.909500
vt 26.337299 -44.949402
vt 26.074100 -44.949402
vt 26.337299 -45.000000
vt 26.074100 -45.050598
vt 26.337299 -45.050598
vt 29.694401 -44.811001
vt 29.925900 -44.847198
vt 29.925900 -44.811001
vt 29.694401 -44.847198
vt 29.925900 -44.883400
vt 29.694401 -44.883400
vt 29.672300 -44.808201
vt 29.110001 -44.808201
vt 29.672300 -44.847198
vt 29.110001 -44.847198
vt 29.672300 -44.886200
vt 29.110001 -44.886200
vt 26.074100 -44.694199
vt 26.103500 -44.928902
vt 26.213400 -44.694199
vt 26.213400 -44.928902
vt 26.103500 -45.163601
vt 26.213400 -45.163601
vt 26.213400 -45.398300
vt 26.074100 -45.398300
vt 26.959499 -44.625801
vt 26.959499 -44.856602
vt 27.060801 -44.625801
vt 27.060801 -44.856602
vt 27.060801 -44.882702
vt 26.959499 -44.882702
vt 27.060801 -45.043301
vt 26.959499 -45.043301
vt 29.112600 -44.696400
vt 28.805201 -44.696400
vt 28.805201 -44.723301
vt 29.112600 -44.723301
vt 28.749901 -44.769100
vt 28.749901 -44.869301
vt 28.782200 -44.819199
vt 28.211300 -44.869301
vt 28.211300 -44.769100
vt 28.178900 -44.819199
vt 27.669600 -44.932098
vt 27.669600 -45.047001
vt 27.695601 -44.989498
vt 27.507299 -45.047001
vt 27.507299 -44.932098
vt 27.481300 -44.989498
vt 27.399799 -44.760799
vt 28.127300 -44.869099
vt 28.127300 -44.760799
vt 27.399799 -44.869099
vt 26.439800 -44.999599
vt 26.681200 -44.999599
vt 26.439800 -44.902000
vt 26.681200 -44.902000
vt 26.439800 -44.804401
vt 26.681200 -44.804401
vt 27.189600 -44.652199
vt 28.731501 -44.727299
vt 28.731501 -44.652199
vt 27.189600 -44.727299
vt 29.112600 -44.760201
vt 28.805201 -44.760201
vt 29.112600 -44.797001
vt 28.805201 -44.797001
vt 28.805201 -44.823898
vt 29.112600 -44.823898
vt 29.132799 -44.797501
vt 28.799500 -44.797501
vt 29.132799 -44.847198
vt 28.799500 -44.847198
vt 29.132799 -44.896801
vt 28.799500 -44.896801
vt 29.662701 -44.897800
vt 29.925900 -44.897800
vt 29.662701 -44.847198
vt 29.925900 -44.796501
vt 29.662701 -44.796501
s 1
usemtl Meshpart1Mtl.011
f 1/1/1 2/2/2 3/3/3
f 2/2/2 1/1/1 4/4/4
f 5/2/5 6/5/6 7/6/7
f 6/5/6 5/2/5 8/4/8
f 9/7/9 10/6/7 11/8/10
f 10/6/7 12/5/11 11/8/10
f 13/3/3 14/9/12 15/10/13
f 13/3/3 15/10/13 16/1/14
f 18/11/15 19/12/16 17/13/17
f 20/14/18 21/15/19 22/16/20
f 21/15/19 20/14/18 23/17/21
f 24/15/21 25/18/22 26/19/23
f 25/18/22 24/15/21 27/17/21
f 28/20/24 29/12/25 30/11/26
f 31/21/27 33/22/28 32/23/28
f 34/24/29 35/19/23 36/25/30
f 35/19/23 37/18/31 36/25/30
f 38/26/32 39/27/32 40/28/33
f 41/16/34 42/29/35 43/30/36
f 41/16/34 43/30/36 44/14/37
f 45/31/38 46/32/39 47/33/40
f 48/34/41 49/35/42 50/36/43
f 51/34/44 52/30/45 53/29/35
f 52/30/45 51/34/44 54/36/46
f 55/37/47 56/38/48 57/39/49
f 58/38/50 59/40/51 60/39/52
f 61/41/53 62/35/54 63/34/55
f 64/38/50 65/25/30 66/40/56
f 65/25/30 64/38/50 67/24/29
f 68/42/57 69/43/58 70/44/58
f 69/43/58 68/42/57 71/45/57
f 72/42/59 73/46/60 74/47/59
f 73/46/60 72/42/59 75/44/60
f 76/48/61 77/49/62 78/21/63
f 77/49/62 76/48/61 79/50/64
f 80/49/64 81/51/65 82/28/66
f 81/51/65 80/49/64 83/50/64
f 84/52/67 85/53/67 86/54/67
f 88/55/68 87/52/68 89/54/68
f 90/56/69 91/57/70 92/58/69
f 91/57/70 90/56/69 93/59/71
f 94/60/72 95/56/69 96/61/73
f 96/61/73 95/56/69 97/58/69
f 99/62/74 98/23/75 100/63/75
f 102/26/76 101/64/77 103/65/76
f 104/66/78 105/45/57 106/42/57
f 107/67/79 108/68/80 109/69/79
f 108/68/80 107/67/79 110/70/81
f 111/70/81 112/71/82 113/68/80
f 112/71/82 111/70/81 114/72/82
f 116/47/59 115/66/83 117/42/59
f 118/73/84 120/69/85 119/74/86
f 120/69/85 118/73/84 121/67/79
f 123/75/87 124/71/88 122/76/89
f 125/72/88 122/76/89 124/71/88
f 126/77/90 127/78/91 128/79/90
f 127/78/91 126/77/90 129/80/92
f 130/81/93 131/77/90 132/82/94
f 132/82/94 131/77/90 133/79/90
f 134/83/95 135/84/95 136/85/96
f 135/84/95 134/83/95 137/86/95
f 138/83/97 139/87/97 140/88/97
f 139/87/97 138/83/97 141/85/97
f 142/89/98 143/90/99 144/91/100
f 143/90/99 142/89/98 145/92/101
f 146/89/102 147/93/103 148/94/104
f 147/93/103 146/89/102 149/91/103
f 150/95/105 151/96/106 152/97/106
f 151/96/106 150/95/105 153/98/105
f 154/99/107 155/96/108 156/100/109
f 155/96/108 154/99/107 157/97/108
f 158/101/110 159/102/111 160/103/112
f 159/102/111 161/104/113 160/103/112
f 162/103/114 163/104/115 164/105/116
f 162/103/114 164/105/116 165/106/117
f 166/106/118 167/107/119 168/108/120
f 167/107/119 166/106/118 169/105/116
f 170/109/121 171/101/122 172/110/121
f 171/101/122 170/109/121 173/102/123
f 174/111/124 175/112/124 176/113/125
f 174/111/124 176/113/125 177/114/126
f 178/115/127 179/116/128 180/111/124
f 179/116/128 181/112/129 180/111/124
f 184/92/101 182/117/130 183/118/131
f 186/119/132 187/120/133 185/73/134
f 187/120/133 186/119/132 188/121/135
f 189/119/136 190/122/137 188/121/138
f 193/116/139 191/123/140 192/124/141
f 191/123/140 193/116/139 194/115/127
f 196/125/142 197/126/143 195/76/144
f 197/126/143 196/125/142 198/127/145
f 199/126/146 198/127/147 200/128/148
f 201/117/149 203/94/104 202/129/150
f 205/130/151 204/131/152 206/113/125
f 207/114/153 206/113/125 204/131/152
f 208/132/154 209/133/154 210/134/155
f 208/132/154 210/134/155 211/135/155
f 212/136/156 213/137/156 214/132/154
f 213/137/156 215/133/154 214/132/154
f 216/138/157 217/139/158 218/140/159
f 219/141/160 220/142/161 221/143/162
f 222/144/124 223/145/124 224/146/125
f 222/144/124 224/146/125 225/147/126
f 226/148/127 227/149/128 228/144/129
f 227/149/128 229/145/124 228/144/129
f 232/150/163 231/151/164 230/152/165
f 233/153/166 234/154/167 235/155/168
f 238/149/139 236/156/169 237/157/141
f 236/156/169 238/149/139 239/148/127
f 241/158/170 240/159/152 242/146/125
f 243/147/153 242/146/125 240/159/152
f 244/160/171 245/161/172 246/162/173
f 247/163/174 248/164/175 249/165/176
f 250/166/124 251/167/124 252/168/125
f 250/166/124 252/168/125 253/169/126
f 254/170/127 255/171/128 256/166/129
f 255/171/128 257/167/129 256/166/129
f 259/172/177 258/173/178 260/174/179
f 261/175/180 262/176/181 263/177/182
f 266/171/139 264/178/169 265/179/141
f 264/178/169 266/171/139 267/170/127
f 269/180/170 268/181/152 270/168/125
f 271/169/153 270/168/125 268/181/152
f 272/111/183 273/182/184 274/183/185
f 273/182/184 272/111/183 275/114/186
f 276/111/187 277/184/188 278/115/189
f 277/184/188 276/111/187 279/183/187
f 281/185/190 280/131/191 282/186/192
f 283/187/193 285/115/194 286/184/188
f 287/188/195 288/189/196 284/123/197
f 289/111/124 290/112/124 291/113/125
f 289/111/124 291/113/125 292/114/126
f 293/115/127 294/116/128 295/111/124
f 294/116/128 296/112/129 295/111/124
f 297/186/198 298/190/199 299/191/200
f 302/116/139 300/123/140 301/124/141
f 300/123/140 302/116/139 303/115/127
f 305/130/170 304/131/152 306/113/125
f 307/114/126 306/113/125 304/131/152
f 308/189/196 309/188/196 310/192/201
f 312/193/202 311/194/203 313/195/204
f 315/196/205 316/197/206 314/198/207
f 317/144/183 318/199/184 319/200/183
f 318/199/184 317/144/183 320/147/186
f 321/144/187 322/201/188 323/148/208
f 322/201/188 321/144/187 324/200/209
f 326/202/210 325/159/211 327/203/212
f 327/203/213 328/204/214 329/205/215
f 330/206/193 332/148/216 333/201/188
f 334/207/217 335/208/218 331/156/197
f 335/208/218 334/207/217 336/209/219
f 337/144/124 338/145/124 339/146/125
f 337/144/124 339/146/125 340/147/126
f 341/148/127 342/149/128 343/144/129
f 342/149/128 344/145/124 343/144/129
f 346/158/170 345/159/152 347/146/125
f 348/147/153 347/146/125 345/159/152
f 351/149/139 349/156/220 350/157/141
f 349/156/220 351/149/139 352/148/127
f 353/166/183 354/210/184 355/211/221
f 354/210/184 353/166/183 356/169/186
f 357/166/187 358/212/188 359/170/189
f 358/212/188 357/166/187 360/211/222
f 362/213/210 361/181/211 363/214/223
f 364/215/224 366/170/189 367/212/225
f 368/216/226 369/217/227 365/178/197
f 370/214/228 371/218/229 372/219/228
f 373/217/227 374/216/230 375/220/231
f 376/221/232 377/222/233 378/223/234
f 379/224/235 380/225/236 381/226/237
f 382/227/238 383/224/239 384/226/240
f 383/224/239 382/227/238 385/228/238
f 386/223/241 387/227/238 388/221/242
f 387/227/238 386/223/241 389/228/238
f 390/166/124 391/167/124 392/168/125
f 390/166/124 392/168/125 393/169/126
f 394/170/127 395/171/128 396/166/129
f 395/171/128 397/167/124 396/166/129
f 399/180/170 398/181/152 400/168/125
f 401/169/153 400/168/125 398/181/152
f 404/171/139 402/178/169 403/179/141
f 402/178/169 404/171/139 405/170/127
f 406/111/183 407/182/184 408/183/183
f 407/182/184 406/111/183 409/114/186
f 410/111/187 411/184/188 412/115/189
f 411/184/188 410/111/187 413/183/187
f 415/185/190 414/131/191 416/186/243
f 417/187/224 419/115/216 420/184/244
f 421/188/195 422/189/196 418/123/197
f 423/186/243 424/229/245 425/191/243
f 426/189/246 427/188/196 428/230/247
f 430/130/170 429/131/152 431/113/125
f 432/114/153 431/113/125 429/131/152
f 435/116/139 433/123/140 434/124/141
f 433/123/140 435/116/139 436/115/127
f 437/111/124 438/112/124 439/113/125
f 437/111/124 439/113/125 440/114/126
f 441/115/127 442/116/128 443/111/124
f 442/116/128 444/112/129 443/111/124
f 447/231/248 446/232/249 445/233/250
f 446/232/249 447/231/248 448/234/251
f 450/235/252 451/236/253 449/237/254
f 451/236/253 450/235/252 452/238/255
f 453/144/222 454/201/188 455/148/208
f 454/201/188 453/144/222 456/200/187
f 457/144/183 458/199/184 459/200/183
f 458/199/184 457/144/183 460/147/186
f 462/202/210 461/159/191 463/203/256
f 464/206/193 466/148/189 467/201/225
f 468/207/257 469/208/218 465/156/197
f 469/208/218 468/207/257 470/239/258
f 471/203/256 472/240/259 473/205/260
f 475/158/170 474/159/152 476/146/125
f 477/147/153 476/146/125 474/159/152
f 480/149/139 478/156/169 479/157/141
f 478/156/169 480/149/139 481/148/127
f 482/144/124 483/145/124 484/146/125
f 482/144/124 484/146/125 485/147/126
f 486/148/127 487/149/128 488/144/129
f 487/149/128 489/145/124 488/144/129
f 490/214/261 491/241/262 492/219/263
f 493/166/187 494/212/188 495/170/189
f 494/212/188 493/166/187 496/211/209
f 497/166/183 498/210/184 499/211/183
f 498/210/184 497/166/183 500/169/186
f 501/217/264 502/216/264 503/242/265
f 505/213/210 504/181/211 506/214/261
f 507/215/224 509/170/266 510/212/188
f 511/216/267 512/217/267 508/178/197
f 513/243/268 514/244/269 515/231/270
f 514/244/269 513/243/268 516/245/269
f 517/244/269 518/246/271 519/236/272
f 518/246/271 517/244/269 520/245/273
f 522/247/274 523/248/275 521/249/276
f 523/248/275 522/247/274 524/250/277
f 527/251/278 526/252/279 525/253/280
f 526/252/279 527/251/278 528/254/281
f 529/255/282 530/256/283 531/257/284
f 533/180/170 532/181/152 534/168/125
f 535/169/153 534/168/125 532/181/152
f 538/171/139 536/178/140 537/179/141
f 536/178/140 538/171/139 539/170/127
f 540/243/285 541/231/286 542/258/287
f 541/231/286 543/233/288 542/258/287
f 544/259/289 545/258/290 543/233/291
f 545/258/290 544/259/289 546/260/292
f 547/259/293 548/261/294 546/260/295
f 549/262/296 550/237/297 551/236/298
f 551/236/298 552/246/299 549/262/296
f 549/262/296 553/255/282 550/237/297
f 553/255/282 549/262/296 554/256/300
f 555/166/124 556/167/124 557/168/125
f 555/166/124 557/168/125 558/169/126
f 559/170/127 560/171/128 561/166/129
f 560/171/128 562/167/124 561/166/129
f 563/186/243 564/263/301 565/191/243
f 566/189/196 567/188/302 568/264/303
f 569/111/187 570/184/188 571/115/189
f 570/184/188 569/111/187 572/183/187
f 573/111/183 574/182/184 575/183/185
f 574/182/184 573/111/183 576/114/186
f 577/265/304 578/266/269 579/267/304
f 578/266/269 577/265/304 580/268/269
f 581/266/269 582/269/305 583/270/305
f 582/269/305 581/266/269 584/268/269
f 586/185/306 585/131/211 587/186/243
f 588/187/224 590/115/189 591/184/244
f 592/188/302 593/189/196 589/123/197
f 595/270/305 597/269/305 596/271/307
f 598/271/307 599/272/308 594/273/309
f 599/272/308 598/271/307 600/274/310
f 601/272/311 600/274/312 602/275/313
f 603/267/304 605/276/314 606/265/304
f 607/277/315 608/276/314 604/278/316
f 608/276/314 607/277/315 609/279/317
f 610/277/318 611/280/319 609/279/318
f 614/173/320 612/281/321 613/174/322
f 615/282/323 617/177/324 616/176/325
f 618/283/326 619/284/269 620/251/327
f 619/284/269 618/283/326 621/285/269
f 622/284/269 623/286/328 624/248/329
f 623/286/328 622/284/269 625/285/273
f 626/144/187 627/201/188 628/148/208
f 627/201/188 626/144/187 629/200/209
f 630/144/183 631/199/184 632/200/183
f 631/199/184 630/144/183 633/147/186
f 634/206/193 636/148/189 637/201/225
f 638/207/330 639/208/331 635/156/197
f 639/208/331 638/207/330 640/287/332
f 642/202/210 641/159/211 643/203/333
f 643/203/334 644/288/335 645/205/336
f 647/289/337 646/290/338 648/291/338
f 650/290/339 649/292/340 651/291/339
f 652/293/341 653/294/342 654/295/343
f 655/296/344 656/249/345 657/248/329
f 658/297/346 656/249/345 655/296/344
f 659/283/347 660/251/327 661/298/348
f 660/251/327 662/253/349 661/298/348
f 661/298/348 662/253/349 663/299/350
f 664/300/351 665/301/352 666/302/353
f 667/217/267 668/216/354 669/303/355
f 670/214/356 671/304/357 672/219/356
f 673/305/358 674/306/359 675/307/360
f 677/308/361 678/309/362 676/310/363
f 678/309/362 677/308/361 679/311/364
f 680/309/365 679/311/366 681/312/367
f 682/166/187 683/212/188 684/170/189
f 683/212/188 682/166/187 685/211/222
f 686/166/183 687/210/184 688/211/183
f 687/210/184 686/166/183 689/169/186
f 691/305/358 692/313/368 690/314/369
f 692/313/368 691/305/358 693/307/370
f 695/213/210 694/181/211 696/214/356
f 697/215/224 699/170/189 700/212/225
f 701/216/227 702/217/267 698/178/197
f 704/315/371 705/150/372 703/152/373
f 708/154/374 707/316/375 706/155/376
f 709/302/377 710/301/378 711/317/379
f 712/294/380 713/318/381 714/295/382
f 715/319/383 716/320/384 717/321/385
f 715/319/383 717/321/385 718/322/386
f 719/323/387 720/324/388 721/325/389
f 721/325/389 720/324/388 722/326/390
f 723/327/391 724/328/392 725/329/393
f 723/327/391 725/329/393 726/330/394
f 727/331/395 728/332/396 729/333/397
f 729/333/397 728/332/396 730/334/398
f 731/335/399 732/336/400 733/337/401
f 731/335/399 733/337/401 734/338/402
f 735/339/403 736/340/404 737/341/405
f 736/340/404 738/342/406 737/341/405
f 739/343/407 740/342/408 736/340/404
f 740/342/408 739/343/407 741/344/407
f 742/338/402 743/343/409 744/335/399
f 743/343/409 742/338/402 745/344/409
f 746/345/410 747/346/411 748/347/412
f 749/348/413 750/325/414 751/349/415
f 750/325/414 749/348/413 752/350/413
f 753/351/416 754/352/417 755/353/418
f 756/348/419 757/321/420 758/350/419
f 757/321/420 756/348/419 759/354/421
f 760/326/422 761/355/423 762/349/415
f 762/349/415 763/325/414 760/326/422
f 760/326/422 764/356/424 761/355/423
f 764/356/424 760/326/422 765/357/425
f 764/356/424 765/357/425 766/358/426
f 767/321/427 768/354/421 769/322/428
f 769/322/428 768/354/421 770/359/429
f 771/360/430 769/322/428 770/359/429
f 769/322/428 771/360/430 772/361/431
f 771/360/430 773/362/432 772/361/431
f 774/363/433 775/364/434 776/365/435
f 774/363/433 776/365/435 777/366/436
f 778/367/437 779/368/438 780/369/439
f 780/369/439 779/368/438 781/370/440
f 782/371/441 783/372/442 784/373/443
f 782/371/441 784/373/443 785/374/444
f 786/375/445 787/376/446 788/377/447
f 788/377/447 787/376/446 789/378/448
f 790/379/449 791/333/450 792/334/451
f 790/379/449 792/334/451 793/380/452
f 794/329/453 795/381/454 796/330/455
f 796/330/455 795/381/454 797/382/456
f 798/334/457 799/383/458 800/380/459
f 800/380/459 799/383/458 801/384/458
f 801/384/460 802/383/460 803/385/461
f 804/386/462 805/382/463 806/387/462
f 805/382/463 804/386/462 807/330/464
f 806/387/465 808/388/466 809/386/465
f 810/389/467 811/329/468 812/390/269
f 811/329/468 810/389/467 813/381/454
f 814/389/469 815/333/470 816/379/449
f 815/333/470 814/389/469 817/390/269
f 818/391/471 819/392/472 820/393/473
f 819/392/472 818/391/471 821/394/471
f 822/391/471 823/395/474 824/394/471
f 823/395/474 822/391/471 825/396/475
f 827/393/476 828/392/477 826/397/478
f 829/395/479 830/396/480 831/398/481
f 832/399/482 833/351/483 834/353/484
f 835/400/485 836/346/486 837/345/487
f 838/401/488 839/402/489 840/403/490
f 841/404/491 842/405/492 843/406/493
f 844/407/494 845/365/495 846/408/494
f 845/365/495 844/407/494 847/409/496
f 848/407/494 849/369/497 850/410/498
f 849/369/497 848/407/494 851/408/494
f 852/370/499 853/411/500 854/410/498
f 854/410/498 855/369/497 852/370/499
f 852/370/499 856/399/482 853/411/500
f 856/399/482 852/370/499 857/351/501
f 858/365/502 859/409/503 860/366/504
f 860/366/504 859/409/503 861/412/505
f 862/400/485 860/366/504 861/412/505
f 860/366/504 862/400/485 863/345/506
f 864/413/494 865/377/507 866/414/508
f 865/377/507 864/413/494 867/415/494
f 868/413/494 869/373/509 870/415/494
f 869/373/509 868/413/494 871/416/510
f 872/414/508 873/377/507 874/378/511
f 872/414/508 874/378/511 875/417/512
f 874/378/511 876/401/513 875/417/512
f 876/401/513 874/378/511 877/402/514
f 878/373/509 879/416/510 880/374/515
f 880/374/515 879/416/510 881/418/516
f 882/404/491 880/374/515 881/418/516
f 880/374/515 882/404/491 883/406/517
f 884/419/518 885/420/519 886/421/520
f 887/422/521 888/423/522 889/419/518
f 890/424/427 891/425/523 892/426/524
f 892/426/524 891/425/523 893/427/525
f 894/425/523 895/428/526 896/427/523
f 895/428/526 894/425/523 897/429/527
f 898/430/528 899/431/529 900/432/530
f 898/430/528 900/432/530 901/433/531
f 902/434/532 903/435/533 904/436/534
f 903/435/533 905/437/535 904/436/534
f 906/433/536 907/438/537 908/430/528
f 907/438/537 906/433/536 909/439/538
f 910/438/538 911/437/539 912/435/540
f 911/437/539 910/438/538 913/439/541
f 914/440/542 915/441/543 916/442/544
f 915/441/543 914/440/542 917/443/545
f 918/444/546 919/445/547 920/446/548
f 921/447/549 922/444/546 923/446/550
f 922/444/546 921/447/549 924/448/551
f 926/442/552 925/445/547 927/440/553
f 928/449/554 929/450/555 930/451/556
f 929/450/555 928/449/554 931/452/557
f 932/453/558 933/450/559 934/454/560
f 935/450/559 932/453/561 936/455/562
f 936/455/562 937/451/563 935/450/559
f 938/456/564 939/457/565 940/458/566
f 941/459/567 942/460/568 943/461/569
f 945/462/570 944/463/571 946/464/572
f 947/450/555 948/452/573 949/454/574
f 951/465/575 950/466/576 952/467/577
f 953/468/578 954/469/579 955/470/580
f 956/471/555 957/472/573 958/473/574
f 959/474/581 960/475/582 961/476/581
f 960/475/582 959/474/581 962/477/583
f 963/474/581 964/478/584 965/479/585
f 964/478/584 963/474/581 966/476/581
f 967/480/586 968/481/587 969/482/588
f 970/483/589 971/484/590 972/485/589
f 971/484/590 970/483/589 973/486/591
f 974/483/589 975/487/592 976/488/593
f 975/487/592 974/483/589 977/485/589
f 978/489/594 979/490/595 980/491/596
f 981/492/597 982/493/598 983/494/599
f 984/495/600 985/496/601 986/497/602
f 985/496/601 984/495/600 987/498/603
f 988/499/604 989/500/605 990/501/606
f 989/500/605 988/499/604 991/502/607
f 992/503/608 993/504/609 994/505/610
f 994/505/610 995/506/610 992/503/608
f 993/504/609 996/503/611 997/507/612
f 998/508/613 999/509/614 1000/510/615
f 999/509/614 998/508/613 1001/511/616
f 1002/512/617 1003/513/618 1004/514/619
f 1003/513/618 1002/512/617 1005/515/620
f 1006/516/621 1007/493/622 1008/492/623
f 1009/517/624 1010/456/625 1011/458/626
f 1012/456/627 1009/517/628 1013/518/629
f 1013/518/629 1014/519/630 1012/456/627
f 1015/520/631 1016/480/632 1017/482/633
f 1018/512/617 1019/521/634 1020/515/635
f 1020/515/635 1019/521/634 1021/522/636
f 1022/521/636 1023/510/615 1024/522/636
f 1023/510/615 1022/521/636 1025/508/613
f 1026/523/558 1027/471/559 1028/473/560
f 1029/471/559 1026/523/561 1030/524/562
f 1030/524/562 1031/525/637 1029/471/559
f 1032/526/638 1033/501/639 1034/527/640
f 1033/501/639 1032/526/638 1035/499/641
f 1036/495/600 1037/526/638 1038/498/642
f 1038/498/642 1037/526/638 1039/527/643
f 1041/528/644 1040/529/645 1042/530/646
f 1043/531/647 1044/456/648 1045/519/649
f 1044/456/648 1043/531/647 1046/457/650
f 1047/532/651 1048/533/652 1049/534/653
f 1050/535/654 1051/536/655 1052/537/656
f 1053/538/657 1054/489/658 1055/491/659
f 1056/489/660 1053/538/661 1057/539/662
f 1057/539/662 1058/540/663 1056/489/660
f 1059/541/554 1060/471/555 1061/525/664
f 1060/471/555 1059/541/554 1062/472/557
f 1063/542/665 1064/543/666 1065/544/666
f 1064/543/666 1063/542/665 1066/545/667
f 1067/543/666 1068/546/668 1069/544/666
f 1068/546/668 1067/543/666 1070/547/669
f 1071/468/670 1072/548/671 1073/549/672
f 1073/549/672 1074/550/673 1071/468/670
f 1072/548/674 1075/468/675 1076/470/676
f 1077/530/646 1078/529/677 1079/551/678
f 1080/532/679 1081/552/680 1082/533/681
f 1083/553/682 1084/554/683 1085/555/684
f 1086/556/685 1087/557/686 1088/558/687
f 1089/559/688 1090/560/689 1091/561/690
f 1092/562/691 1093/489/692 1094/540/693
f 1093/489/692 1092/562/691 1095/490/694
f 1096/563/695 1097/564/696 1098/461/697
f 1098/461/697 1097/564/696 1099/459/698
f 1100/565/699 1101/553/700 1102/555/701
f 1103/566/702 1104/519/703 1105/567/704
f 1104/519/703 1103/566/702 1106/531/647
f 1107/519/705 1108/518/629 1109/568/706
f 1109/568/706 1110/567/707 1107/519/705
f 1111/534/708 1112/569/709 1113/532/710
f 1115/570/711 1116/528/712 1114/530/713
f 1117/571/714 1118/468/715 1119/550/716
f 1118/468/715 1117/571/714 1120/469/717
f 1121/572/718 1122/573/719 1123/574/718
f 1122/573/719 1121/572/718 1124/575/720
f 1125/576/721 1126/572/718 1127/577/722
f 1127/577/722 1126/572/718 1128/574/718
f 1129/578/723 1130/552/724 1131/532/725
f 1132/579/726 1133/530/713 1134/551/727
f 1135/580/728 1136/536/729 1137/535/730
f 1139/581/731 1138/582/732 1141/583/733
f 1142/486/734 1140/584/735 1143/484/736
f 1140/584/735 1142/486/734 1144/582/737
f 1145/585/738 1146/586/739 1147/587/740
f 1149/488/741 1148/588/742 1150/585/743
f 1148/588/742 1149/488/741 1151/487/744
f 1152/589/745 1154/590/746 1153/591/747
f 1155/592/748 1156/593/749 1157/594/750
f 1158/528/751 1159/570/752 1160/575/753
f 1161/576/754 1162/577/755 1163/534/756
f 1166/545/757 1165/542/665 1164/595/758
f 1167/596/759 1168/546/668 1169/547/760
f 1170/597/761 1171/598/762 1172/599/763
f 1171/598/762 1170/597/761 1173/600/764
f 1174/599/763 1175/598/765 1176/601/766
f 1174/599/763 1176/601/766 1177/602/767
f 1178/593/768 1179/603/769 1180/594/770
f 1181/591/771 1182/590/772 1183/604/773
f 1184/605/774 1185/606/305 1186/462/775
f 1187/607/304 1188/608/316 1189/466/314
f 1190/609/776 1191/610/777 1192/611/778
f 1193/610/779 1194/601/780 1192/611/781
f 1195/602/767 1194/601/780 1193/610/779
f 1198/612/782 1197/613/783 1196/614/784
f 1199/600/761 1200/613/785 1198/612/786
f 1200/613/785 1199/600/761 1201/597/764
f 1202/615/787 1203/442/788 1204/616/789
f 1205/446/790 1206/615/339 1207/617/791
f 1208/618/792 1209/619/793 1210/620/794
f 1211/621/363 1212/616/795 1213/441/796
f 1212/616/795 1214/442/337 1213/441/796
f 1215/617/797 1216/622/369 1217/447/798
f 1215/617/797 1217/447/798 1218/446/340
f 1219/623/799 1220/624/800 1221/625/801
f 1223/626/802 1222/585/803 1224/627/804
f 1225/585/805 1226/587/806 1224/627/804
f 1226/587/807 1228/628/808 1227/629/809
f 1231/630/810 1230/582/811 1229/631/812
f 1232/582/813 1231/630/810 1233/583/814
f 1233/583/815 1234/632/816 1235/633/817
f 1237/500/818 1238/502/819 1236/553/820
f 1241/497/821 1240/496/601 1239/535/822
f 1243/634/823 1242/432/824 1244/635/825
f 1246/436/826 1245/636/827 1247/637/828
f 1248/638/829 1249/639/830 1250/640/829
f 1249/639/830 1248/638/829 1251/641/831
f 1252/642/832 1253/638/833 1254/643/834
f 1254/643/834 1253/638/833 1255/640/833
f 1256/644/835 1257/623/835 1258/625/836
f 1259/642/837 1260/645/838 1261/646/839
f 1260/645/838 1259/642/837 1262/643/840
f 1264/647/841 1265/619/842 1263/618/843
f 1266/641/844 1267/648/845 1268/639/846
f 1267/648/845 1266/641/844 1269/649/847
f 1271/650/848 1272/651/13 1270/652/12
f 1274/653/66 1275/654/849 1273/655/32
f 1276/656/850 1277/650/851 1278/657/852
f 1279/658/853 1280/659/854 1281/660/855
f 1280/659/854 1279/658/853 1282/661/856
f 1283/662/857 1284/663/858 1285/664/859
f 1284/663/858 1283/662/857 1286/665/860
f 1287/666/861 1288/667/862 1289/668/863
f 1288/667/862 1287/666/861 1290/669/864
f 1291/670/865 1292/671/866 1293/672/867
f 1295/673/868 1294/674/868 1296/675/868
f 1297/676/869 1298/655/870 1299/654/871
f 1301/677/57 1300/678/872 1302/679/873
f 1300/678/872 1303/680/874 1302/679/873
f 1303/680/874 1300/678/872 1304/681/875
f 1305/682/876 1306/670/877 1307/683/878
f 1306/670/877 1305/682/876 1308/671/866
f 1309/684/879 1310/685/880 1311/671/881
f 1310/685/880 1309/684/879 1312/686/882
f 1313/667/883 1314/687/884 1315/668/885
f 1316/688/886 1317/689/887 1318/690/888
f 1317/689/887 1316/688/886 1319/691/889
f 1320/671/890 1321/692/891 1322/682/892
f 1321/692/891 1320/671/890 1323/685/893
f 1324/693/894 1325/694/895 1326/695/896
f 1325/694/895 1324/693/894 1327/696/897
f 1328/682/876 1329/683/878 1330/697/898
f 1331/698/899 1332/699/899 1333/700/900
f 1334/701/901 1331/698/899 1333/700/900
f 1335/702/902 1336/703/903 1337/704/904
f 1338/692/905 1339/697/906 1340/682/892
f 1341/705/907 1342/706/908 1343/707/909
f 1342/706/908 1341/705/907 1344/708/910
f 1345/689/911 1346/709/912 1347/690/913
f 1348/706/914 1349/710/915 1350/707/916
f 1353/711/917 1352/712/918 1351/713/919
f 1353/711/917 1351/713/919 1354/714/920
f 1356/715/921 1357/716/922 1355/717/923
f 1355/717/923 1357/716/922 1358/718/924
f 1359/719/925 1360/720/926 1361/721/927
f 1360/720/926 1359/719/925 1362/722/926
f 1363/723/928 1364/724/929 1365/725/930
f 1364/724/929 1363/723/928 1366/726/131
f 1364/724/130 1367/727/101 1368/728/931
f 1369/729/932 1370/730/933 1371/731/934
f 1372/732/935 1373/721/925 1374/733/936
f 1373/721/925 1372/732/935 1375/719/925
f 1376/734/937 1377/735/938 1378/736/939
f 1377/735/938 1376/734/937 1379/737/940
f 1380/738/941 1381/739/942 1382/740/91
f 1382/740/91 1383/741/92 1380/738/941
f 1384/742/943 1385/702/944 1386/704/945
f 1387/743/946 1388/744/947 1389/745/948
f 1388/744/947 1387/743/946 1390/746/949
f 1391/747/71 1392/748/950 1393/749/70
f 1395/748/950 1394/750/951 1396/751/952
f 1397/752/953 1398/753/954 1399/754/955
f 1398/753/954 1397/752/953 1400/755/956
f 1401/756/957 1402/757/958 1403/758/958
f 1403/758/958 1404/759/959 1401/756/957
f 1405/760/960 1406/745/961 1407/761/962
f 1406/745/961 1405/760/960 1408/743/946
f 1409/693/963 1410/695/964 1411/762/965
f 1412/718/966 1413/716/967 1414/763/968
f 1415/764/969 1416/765/970 1417/766/971
f 1418/767/972 1419/768/973 1420/769/974
f 1419/768/973 1418/767/972 1421/770/975
f 1422/771/976 1423/767/977 1420/769/974
f 1422/771/976 1424/772/978 1423/767/977
f 1425/773/979 1426/733/936 1427/774/980
f 1426/733/936 1425/773/979 1428/732/981
f 1429/775/982 1430/776/983 1431/777/984
f 1431/777/984 1430/776/983 1432/778/985
f 1435/779/986 1434/780/987 1433/781/919
f 1435/779/986 1433/781/919 1436/782/988
f 1436/782/989 1437/783/990 1438/779/991
f 1439/784/992 1440/785/938 1441/786/993
f 1440/785/938 1439/784/992 1442/787/994
f 1443/778/985 1444/776/995 1445/788/996
f 1447/789/997 1448/790/998 1446/791/999
f 1446/791/999 1448/790/998 1449/792/1000
f 1452/793/1001 1451/794/918 1450/795/919
f 1452/793/1001 1450/795/919 1453/796/1002
f 1454/792/1003 1455/790/1004 1456/797/1005
f 1457/766/1006 1458/798/1007 1459/764/969
f 1458/798/1007 1457/766/1006 1460/799/1008
f 1461/680/874 1462/681/1009 1463/800/1010
f 1464/801/1011 1465/802/1012 1466/803/1013
f 1467/804/1014 1465/802/1012 1464/801/1011
f 1468/731/934 1469/801/1015 1466/803/1016
f 1468/731/934 1466/803/1016 1470/729/1017
f 1471/805/1018 1472/770/975 1473/806/1019
f 1472/770/975 1471/805/1018 1474/768/973
f 1475/739/1020 1476/807/1021 1477/808/1022
f 1478/809/1023 1479/810/938 1480/811/939
f 1479/810/938 1478/809/1023 1481/812/1024
f 1482/813/1025 1483/814/1026 1484/815/1027
f 1484/815/1027 1483/814/1026 1485/816/1028
f 1486/817/1029 1487/818/1030 1488/778/1031
f 1491/819/184 1490/820/186 1489/821/1032
f 1492/816/1033 1493/814/1026 1494/822/1034
f 1495/714/1035 1496/823/1036 1497/711/1037
f 1498/734/937 1499/824/1038 1500/737/1039
f 1503/825/1040 1502/826/918 1501/827/919
f 1503/825/1040 1501/827/919 1504/828/1041
f 1505/739/1042 1506/738/1043 1507/829/1044
f 1505/739/1042 1507/829/1044 1508/808/1044
f 1509/818/1030 1510/788/1045 1511/778/1046
f 1512/723/1047 1513/725/1048 1514/830/1049
f 1515/831/1050 1516/832/938 1517/833/939
f 1516/832/938 1515/831/1050 1518/834/1051
f 1519/656/1052 1520/652/1053 1521/650/1054
f 1520/652/1053 1519/656/1052 1522/835/1055
f 1523/784/1056 1524/836/1057 1525/787/1058
f 1527/837/1059 1526/838/202 1528/839/1060
f 1529/760/1061 1530/756/1062 1531/759/1062
f 1532/799/1063 1533/840/1064 1534/798/1007
f 1532/799/1063 1535/841/1065 1533/840/1064
f 1538/842/184 1537/843/186 1536/844/1066
f 1540/701/1067 1539/698/1068 1541/845/1069
f 1542/796/1070 1543/846/1071 1544/793/1072
f 1545/803/1073 1546/847/1074 1547/802/1075
f 1546/847/1074 1545/803/1073 1548/848/1076
f 1549/729/1077 1548/848/1076 1545/803/1073
f 1550/849/1078 1551/738/1079 1552/741/1080
f 1551/738/1079 1550/849/1078 1553/850/1081
f 1554/773/1082 1555/774/980 1556/851/1083
f 1559/852/1084 1558/853/987 1557/854/919
f 1559/852/1084 1557/854/919 1560/855/1085
f 1560/855/1086 1561/856/1087 1562/852/1088
f 1563/805/1018 1564/806/1089 1565/857/1090
f 1566/852/992 1567/858/938 1568/853/939
f 1567/858/938 1566/852/992 1569/859/1091
f 1570/809/1092 1571/860/1093 1572/812/1094
f 1573/798/1095 1574/861/1096 1575/840/1096
f 1578/862/184 1577/863/186 1576/864/1097
f 1580/865/1098 1579/839/1099 1581/866/644
f 1582/828/1100 1583/867/1101 1584/825/1102
f 1587/831/1001 1586/833/918 1585/868/919
f 1587/831/1001 1585/868/919 1588/869/986
f 1589/831/1103 1590/870/1104 1591/834/1051
f 1592/764/172 1593/871/1105 1594/798/1106
f 1595/825/1107 1596/872/938 1597/826/939
f 1596/872/938 1595/825/1107 1598/873/1108
f 1599/838/1109 1600/866/1110 1601/839/1099
f 1602/852/1056 1603/856/1111 1604/859/1112
f 1607/874/184 1606/875/1113 1605/876/1066
f 1608/766/1114 1609/877/1115 1610/799/1116
f 1609/877/1115 1608/766/1114 1611/878/1117
f 1608/766/1114 1612/765/1118 1611/878/1117
f 1615/809/917 1614/811/918 1613/879/919
f 1615/809/917 1613/879/919 1616/880/1119
f 1617/869/1120 1618/870/1121 1619/831/1122
f 1620/814/1123 1621/881/1124 1622/822/1125
f 1623/793/1050 1624/882/1126 1625/794/939
f 1624/882/1126 1623/793/1050 1626/883/1056
f 1627/884/1127 1628/814/1128 1629/813/1129
f 1628/814/1128 1627/884/1127 1630/881/1130
f 1631/825/1131 1632/867/1132 1633/873/1133
f 1634/700/1134 1635/885/1135 1636/886/1136
f 1635/885/1135 1634/700/1134 1637/699/1137
f 1640/887/184 1639/888/186 1638/889/1066
f 1641/799/1138 1642/890/1139 1643/841/1140
f 1642/890/1139 1641/799/1138 1644/877/1141
f 1645/880/1119 1646/860/1142 1647/809/1143
f 1648/790/1144 1649/891/1145 1650/797/1146
f 1651/793/1147 1652/846/1148 1653/883/1056
f 1654/892/732 1655/751/731 1656/750/1149
f 1657/731/745 1658/893/1150 1659/801/1151
f 1658/893/1150 1657/731/745 1660/894/747
f 1663/784/1152 1662/786/987 1661/895/919
f 1663/784/1152 1661/895/919 1664/896/1153
f 1664/896/1154 1665/836/1155 1666/784/1156
f 1667/871/1157 1668/877/758 1669/861/1158
f 1670/779/1159 1671/897/938 1672/780/939
f 1671/897/938 1670/779/1159 1673/898/1160
f 1674/899/1161 1675/790/1162 1676/789/1163
f 1675/790/1162 1674/899/1161 1677/891/1164
f 1678/850/1165 1679/829/1166 1680/738/1167
f 1679/829/1166 1678/850/1165 1681/900/1166
f 1679/829/1166 1681/900/1166 1682/901/1168
f 1683/776/1169 1684/902/1170 1685/788/1146
f 1688/903/184 1687/904/186 1686/905/1066
f 1689/779/1171 1690/783/1172 1691/898/1173
f 1694/734/1001 1693/736/918 1692/906/919
f 1694/734/1001 1692/906/919 1695/907/1174
f 1696/716/1175 1697/908/1176 1698/763/1177
f 1699/909/1178 1700/776/1179 1701/775/1180
f 1700/776/1179 1699/909/1178 1702/902/1181
f 1703/769/1182 1704/910/947 1705/911/1182
f 1704/910/947 1703/769/1182 1706/768/949
f 1707/711/1183 1708/912/938 1709/712/939
f 1708/912/938 1707/711/1183 1710/913/1023
f 1711/914/1184 1712/722/1185 1713/719/1186
f 1712/722/1185 1711/914/1184 1714/915/1185
f 1715/907/1187 1716/824/1188 1717/734/1189
f 1718/771/1190 1719/911/1182 1720/916/1191
f 1719/911/1182 1718/771/1190 1721/769/1182
f 1722/711/1192 1723/823/1193 1724/913/1023
f 1727/917/184 1726/918/186 1725/919/1066
f 1728/920/1194 1729/752/1194 1730/921/1195
f 1729/752/1194 1731/754/1196 1730/921/1195
f 1732/922/1197 1733/716/1198 1734/715/1199
f 1733/716/1198 1732/922/1197 1735/908/1200
f 1736/727/1201 1737/923/1202 1738/924/1203
f 1737/923/1202 1736/727/1201 1739/726/1204
f 1740/900/1205 1741/807/1206 1742/850/1207
f 1744/871/1208 1743/878/1209 1745/877/758
f 1746/801/1210 1747/925/1211 1748/804/1212
f 1747/925/1211 1746/801/1210 1749/893/1213
f 1750/848/1214 1751/893/1215 1752/847/783
f 1750/848/1216 1753/894/768 1754/893/1217
f 1755/902/1218 1756/788/1219 1757/818/350
f 1758/926/1220 1759/924/1221 1760/927/1222
f 1759/924/1221 1758/926/1220 1761/727/1201
f 1764/928/184 1763/929/186 1762/930/1066
f 1765/696/1223 1766/693/1224 1767/931/1225
f 1767/931/1225 1766/693/1224 1768/932/1226
f 1769/758/1227 1770/933/1228 1771/759/1229
f 1770/933/1228 1769/758/1227 1772/934/1227
f 1773/677/1230 1774/935/1231 1775/936/1232
f 1774/935/1231 1773/677/1230 1776/679/714
f 1777/937/1233 1778/938/1089 1779/939/1090
f 1780/940/1234 1781/746/1235 1782/743/1236
f 1781/746/1235 1780/940/1234 1783/941/975
f 1784/760/1237 1785/940/1234 1782/743/1236
f 1786/942/1238 1785/940/1234 1784/760/1237
f 1788/943/1239 1789/702/1240 1787/944/1241
f 1787/944/1241 1789/702/1240 1790/742/1242
f 1791/945/1243 1793/702/1244 1792/943/1245
f 1793/702/1244 1791/945/1243 1794/703/1246
f 1795/946/1247 1796/947/1247 1797/948/1247
f 1796/947/1247 1798/949/1247 1797/948/1247
f 1801/902/1248 1800/818/1249 1799/950/348
f 1802/932/1250 1803/693/1251 1804/762/1252
f 1805/771/1253 1806/921/1254 1807/754/1255
f 1808/951/1256 1810/952/1257 1809/953/1258
f 1811/937/1259 1812/941/975 1813/938/1260
f 1812/941/975 1811/937/1259 1814/746/973
f 1817/954/184 1816/955/186 1815/956/1097
f 1818/957/1261 1819/710/1262 1820/706/1263
f 1821/958/1264 1822/959/1265 1823/651/601
f 1825/845/1266 1826/886/1267 1824/960/1268
f 1826/886/1267 1825/845/1266 1827/885/1269
f 1828/961/1270 1829/709/1271 1830/689/1272
f 1831/962/1273 1832/936/1230 1833/963/1274
f 1832/936/1230 1831/962/1273 1834/677/1230
f 1835/708/1275 1836/964/1276 1837/706/1277
f 1836/964/1276 1838/957/1278 1837/706/1277
f 1839/685/1279 1840/965/1280 1841/692/1281
f 1840/965/1280 1842/966/1282 1841/692/1281
f 1842/966/1283 1843/697/1284 1844/692/1285
f 1845/691/1286 1846/967/394 1847/689/1287
f 1846/967/394 1848/961/1288 1847/689/1287
f 1849/965/975 1850/685/1289 1851/968/1290
f 1852/686/1291 1851/968/1290 1850/685/1289
f 1853/969/1292 1854/687/1293 1855/667/1294
f 1857/675/1295 1856/970/1295 1858/673/1295
f 1859/683/1296 1860/966/1297 1861/697/1298
f 1862/669/1299 1863/971/1300 1864/667/1301
f 1863/971/1300 1865/969/1302 1864/667/1301
f 1866/661/1303 1867/972/1304 1868/659/1305
f 1867/972/1304 1869/973/1306 1868/659/1305
f 1870/670/1307 1871/965/1308 1872/966/1309
f 1870/670/1307 1872/966/1309 1873/683/1310
f 1874/965/1311 1875/670/1312 1876/672/1313
f 1877/974/839 1878/975/1314 1879/976/1315
f 1880/974/1316 1881/664/1317 1882/663/800
f 1883/976/1318 1880/974/1316 1882/663/800
f 1885/656/1319 1886/977/1320 1884/835/1320
f 1885/656/1319 1887/959/682 1886/977/1320
f 1888/978/1321 1889/416/1322 1890/418/1323
f 1889/416/1322 1888/978/1321 1891/979/1324
f 1892/404/1325 1888/978/1321 1890/418/1323
f 1893/980/1326 1888/978/1321 1892/404/1325
f 1894/981/1327 1895/414/1328 1896/982/1329
f 1895/414/1328 1894/981/1327 1897/417/1330
f 1894/981/1327 1898/401/1331 1897/417/1330
f 1898/401/1331 1894/981/1327 1899/983/1332
f 1900/413/1333 1901/984/1333 1902/982/1329
f 1900/413/1333 1902/982/1329 1903/414/1328
f 1904/416/1334 1905/979/1324 1906/413/1333
f 1905/979/1324 1907/984/1333 1906/413/1333
f 1908/985/1335 1909/409/1336 1910/412/1337
f 1909/409/1336 1908/985/1335 1911/986/522
f 1912/400/1338 1908/985/1335 1910/412/1337
f 1913/987/1339 1908/985/1335 1912/400/1338
f 1914/988/1340 1915/410/1341 1916/989/519
f 1915/410/1341 1914/988/1340 1917/411/1342
f 1914/988/1340 1918/399/1343 1917/411/1342
f 1918/399/1343 1914/988/1340 1919/990/1344
f 1920/407/518 1921/991/518 1922/989/519
f 1923/986/522 1925/991/518 1924/407/518
f 1926/980/1345 1927/404/1325 1928/405/1346
f 1929/983/1347 1930/403/1348 1931/401/1331
f 1934/989/1349 1933/368/1350 1932/988/1351
f 1933/368/1350 1934/989/1349 1935/367/1352
f 1937/363/1353 1938/986/1354 1936/985/1355
f 1938/986/1354 1937/363/1353 1939/364/1356
f 1940/391/1357 1941/394/1357 1942/392/1358
f 1940/391/1357 1942/392/1358 1943/393/1359
f 1944/396/1360 1945/395/1361 1946/391/1357
f 1945/395/1361 1947/394/1357 1946/391/1357
f 1950/982/1362 1949/376/1363 1948/981/1364
f 1949/376/1363 1950/982/1362 1951/375/1365
f 1953/371/1366 1954/979/1367 1952/978/1368
f 1954/979/1367 1953/371/1366 1955/372/1369
f 1958/395/1370 1957/396/1371 1956/398/1372
f 1961/392/1373 1959/397/1374 1960/393/1375
f 1962/987/1376 1963/400/1377 1964/346/1378
f 1965/990/1379 1966/353/1380 1967/399/1381
f 1968/352/1382 1969/353/1383 1970/990/1384
f 1971/347/1385 1972/987/1386 1973/346/1387
f 1974/389/1388 1975/390/1389 1976/333/1390
f 1974/389/1388 1976/333/1390 1977/379/1391
f 1978/381/1392 1979/329/1393 1980/389/1394
f 1979/329/1393 1981/390/1389 1980/389/1394
f 1982/992/1395 1983/993/1396 1984/994/1395
f 1984/994/1395 1983/993/1396 1985/995/1396
f 1986/993/1396 1987/996/1397 1988/995/1396
f 1987/996/1397 1986/993/1396 1989/997/1397
f 1990/330/1398 1991/381/1392 1992/382/1399
f 1991/381/1392 1990/330/1398 1993/329/1400
f 1994/334/1401 1995/379/1391 1996/333/1402
f 1995/379/1391 1994/334/1401 1997/998/1403
f 1998/382/1404 1999/386/1405 2000/330/1406
f 1999/386/1405 1998/382/1404 2001/387/1407
f 2002/998/1408 2003/383/1409 2004/384/1409
f 2003/383/1409 2002/998/1408 2005/334/1410
f 2006/999/1411 2007/354/1412 2008/359/1413
f 2007/354/1412 2006/999/1411 2009/1000/1324
f 2010/360/1414 2006/999/1411 2008/359/1413
f 2011/1001/1415 2006/999/1411 2010/360/1414
f 2012/1002/1416 2013/349/1328 2014/1003/1329
f 2013/349/1328 2012/1002/1416 2015/355/1417
f 2012/1002/1416 2016/356/1418 2015/355/1417
f 2016/356/1418 2012/1002/1416 2017/1004/1419
f 2018/348/1357 2019/1005/1420 2020/1003/1329
f 2018/348/1357 2020/1003/1329 2021/349/1328
f 2022/354/1322 2023/1000/1324 2024/348/1357
f 2023/1000/1324 2025/1005/1421 2024/348/1357
f 2026/332/1422 2027/333/1423 2028/331/1424
f 2027/333/1423 2026/332/1422 2029/334/886
f 2030/327/1425 2031/329/1426 2032/330/1427
f 2031/329/1426 2030/327/1425 2033/328/1428
f 2034/386/1405 2035/387/1407 2036/388/1429
f 2037/383/1430 2038/385/1431 2039/384/1430
f 2040/1006/1432 2041/992/1433 2042/994/1433
f 2041/992/1433 2040/1006/1432 2043/1007/1434
f 2044/997/1397 2045/1008/1435 2046/996/1397
f 2045/1008/1435 2044/997/1397 2047/1009/1435
f 2048/324/1436 2049/1003/1437 2050/323/1438
f 2049/1003/1437 2048/324/1436 2051/1002/1439
f 2052/319/1440 2053/1000/1441 2054/999/1442
f 2053/1000/1441 2052/319/1440 2055/320/1443
f 2056/1001/1444 2057/360/1445 2058/362/1446
f 2059/1004/1419 2060/358/1447 2061/356/1448
f 2062/1010/1449 2063/1011/1450 2064/1012/1449
f 2063/1011/1450 2062/1010/1449 2065/1013/1451
f 2066/1014/1452 2067/1010/1449 2068/1012/1449
f 2067/1010/1449 2066/1014/1452 2069/1015/1453
f 2070/1016/1454 2071/1014/1452 2072/1017/1455
f 2071/1014/1452 2070/1016/1454 2073/1015/1456
f 2074/1011/1457 2075/1018/1458 2076/1019/987
f 2075/1018/1458 2074/1011/1457 2077/1013/1459
f 2078/1020/1449 2079/1021/1450 2080/1022/1449
f 2079/1021/1450 2078/1020/1449 2081/1023/1451
f 2082/1024/1452 2083/1020/1449 2084/1022/1449
f 2083/1020/1449 2082/1024/1452 2085/1025/1453
f 2087/1026/1460 2086/1027/1461 2088/1028/1462
f 2088/1028/1462 2089/1029/1462 2087/1026/1460
f 2091/1030/548 2090/1031/547 2092/1032/547
f 2093/1033/1463 2094/1034/1464 2095/1035/1465
f 2095/1035/1465 2094/1034/1464 2096/1036/1466
f 2096/1036/1467 2097/1037/1376 2098/1035/1468
f 2099/1031/547 2100/1038/552 2101/1032/547
f 2102/1039/1469 2103/1040/1470 2104/1041/1471
f 2103/1040/1470 2102/1039/1469 2105/1042/984
f 2106/1043/1472 2107/1044/1473 2108/1045/1474
f 2108/1045/1474 2107/1044/1473 2109/1046/1475
f 2110/1047/1454 2111/1024/1452 2112/1048/1476
f 2111/1024/1452 2110/1047/1454 2113/1025/1456
f 2114/1021/1457 2115/1049/1458 2116/1050/987
f 2115/1049/1458 2114/1021/1457 2117/1023/1459
f 2118/1029/1477 2119/1028/1477 2120/1051/1478
f 2121/1052/1449 2122/1053/1450 2123/1054/1449
f 2122/1053/1450 2121/1052/1449 2124/1055/1459
f 2125/1056/1452 2126/1052/1449 2127/1054/1449
f 2126/1052/1449 2125/1056/1452 2128/1057/1453
f 2129/1058/1454 2130/1056/1452 2131/1059/1476
f 2130/1056/1452 2129/1058/1454 2132/1057/1456
f 2133/1045/1479 2134/1060/1357 2135/1061/1480
f 2135/1061/1480 2134/1060/1357 2136/1062/1357
f 2137/1060/1357 2138/1063/1481 2139/1062/1357
f 2137/1060/1357 2140/1040/1482 2138/1063/1481
f 2141/1053/1457 2142/1064/1458 2143/1065/987
f 2142/1064/1458 2141/1053/1457 2144/1055/1459
f 2145/1010/1483 2146/1066/1483 2147/1067/1484
f 2145/1010/1483 2147/1067/1484 2148/1013/1485
f 2149/1015/1486 2150/1068/1487 2151/1010/1483
f 2150/1068/1487 2152/1066/1488 2151/1010/1483
f 2153/1069/1489 2154/1045/1490 2155/1061/1480
f 2154/1045/1490 2153/1069/1489 2156/1043/1491
f 2157/1042/1492 2158/1070/1493 2159/1040/1494
f 2161/1071/1495 2160/1013/1496 2163/1067/1484
f 2162/1018/1497 2164/1071/1498 2165/1072/1499
f 2167/1015/1500 2166/1073/1501 2169/1068/1502
f 2170/1074/1503 2171/1075/1504 2168/1016/1505
f 2172/1076/1506 2173/1077/1507 2174/1078/1508
f 2174/1078/1508 2173/1077/1507 2175/1079/1509
f 2176/1080/1510 2177/1081/1511 2178/1082/1512
f 2177/1081/1511 2176/1080/1510 2179/1083/1513
f 2181/1084/1030 2180/1043/1514 2182/1069/1515
f 2184/1042/1516 2183/1085/1517 2185/1070/1518
f 2186/1086/1357 2187/1087/571 2188/1088/571
f 2187/1087/571 2186/1086/1357 2189/1089/1357
f 2190/1087/1519 2191/1090/1520 2188/1088/1519
f 2193/1090/1521 2192/1091/1522 2194/1092/1523
f 2194/1092/1523 2195/1093/1524 2193/1090/1521
f 2196/1094/576 2197/1095/1525 2198/1096/1525
f 2199/1097/1526 2200/1094/576 2201/1098/1527
f 2201/1098/1527 2200/1094/576 2202/1099/1528
f 2203/1100/1529 2204/1101/1530 2205/1072/1499
f 2206/1095/575 2207/1089/1357 2208/1096/575
f 2208/1096/575 2207/1089/1357 2209/1086/1531
f 2210/1010/1449 2211/1011/1450 2212/1012/1449
f 2211/1011/1450 2210/1010/1449 2213/1013/1459
f 2214/1014/1452 2215/1010/1449 2216/1012/1449
f 2215/1010/1449 2214/1014/1452 2217/1015/1453
f 2218/1075/1504 2219/1074/1532 2220/1102/1533
f 2221/1016/1454 2222/1014/1452 2223/1017/1476
f 2222/1014/1452 2221/1016/1454 2224/1015/1456
f 2225/1011/1457 2226/1018/1458 2227/1019/987
f 2226/1018/1458 2225/1011/1457 2228/1013/1459
f 2229/1020/1483 2230/1103/1534 2231/1104/1484
f 2229/1020/1483 2231/1104/1484 2232/1023/1485
f 2233/1025/1535 2234/1105/1487 2235/1020/1483
f 2234/1105/1487 2236/1103/1488 2235/1020/1483
f 2237/1099/1536 2238/1106/1537 2239/1098/1527
f 2240/1093/1524 2241/1092/1538 2242/1107/1539
f 2244/1108/1495 2243/1023/1496 2246/1104/1540
f 2245/1049/1497 2247/1108/1541 2248/1109/1542
f 2250/1025/1543 2249/1110/1501 2252/1105/1544
f 2253/1111/1545 2254/1112/1546 2251/1047/1547
f 2255/1078/1548 2256/1113/1357 2257/1114/1549
f 2257/1114/1549 2256/1113/1357 2258/245/1357
f 2259/1113/1357 2260/1115/1550 2261/245/1531
f 2260/1115/1550 2259/1113/1357 2262/1081/1551
f 2263/1116/1552 2264/1078/1553 2265/1114/1554
f 2264/1078/1553 2263/1116/1552 2266/1076/1555
f 2266/1076/1556 2267/1116/1557 2268/1117/1558
f 2268/1117/1558 2267/1116/1557 2269/1118/1559
f 2270/1081/1560 2271/1119/1561 2272/1115/1562
f 2271/1119/1561 2270/1081/1560 2273/1083/1563
f 2271/1119/1561 2273/1083/1563 2274/1120/1564
f 2274/1120/1564 2275/1121/1565 2271/1119/1561
f 2275/1121/1566 2276/1120/1567 2277/1122/1568
f 2278/1123/1569 2279/1124/1570 2280/1125/1571
f 2281/1020/1449 2282/1021/1450 2283/1022/1449
f 2282/1021/1450 2281/1020/1449 2284/1023/1451
f 2285/1024/1452 2286/1020/1449 2287/1022/1449
f 2286/1020/1449 2285/1024/1452 2288/1025/1453
f 2289/1126/1067 2290/1127/1069 2291/1128/1572
f 2292/1118/1573 2293/1129/1574 2294/1117/1558
f 2295/1130/1575 2296/1131/1576 2297/1109/1577
f 2298/1052/1483 2299/1132/1534 2300/1133/1484
f 2298/1052/1483 2300/1133/1484 2301/1055/1485
f 2302/1057/1535 2303/1134/1487 2304/1052/1483
f 2303/1134/1487 2305/1132/1578 2304/1052/1483
f 2306/1047/1454 2307/1024/1452 2308/1048/1476
f 2307/1024/1452 2306/1047/1454 2309/1025/1456
f 2310/1112/1546 2311/1111/1579 2312/1135/1580
f 2313/1021/1457 2314/1049/1458 2315/1050/987
f 2314/1049/1458 2313/1021/1457 2316/1023/1459
f 2318/1136/1495 2317/1055/1496 2320/1133/1484
f 2319/1064/1581 2321/1136/1541 2322/1137/1582
f 2324/1057/1486 2323/1138/1501 2326/1134/1583
f 2327/1139/1584 2328/1140/1584 2325/1058/1547
f 2330/134/1096 2329/1141/1095 2331/1142/1585
f 2332/1143/1586 2333/137/1587 2334/1144/1588
f 2335/1145/1589 2336/1146/1590 2337/1137/1591
f 2338/1147/1592 2339/1148/1593 2340/1149/1098
f 2342/1150/1594 2341/1151/1595 2343/1152/1596
f 2344/1140/1597 2345/1139/1597 2346/1153/1598
f 2347/1052/1449 2348/1053/1450 2349/1054/1449
f 2348/1053/1450 2347/1052/1449 2350/1055/1451
f 2351/1056/1452 2352/1052/1449 2353/1054/1449
f 2352/1052/1449 2351/1056/1452 2354/1057/1453
f 2355/1053/1457 2356/1064/1458 2357/1065/987
f 2356/1064/1458 2355/1053/1457 2358/1055/1459
f 2359/1154/1599 2360/1149/1600 2361/1155/1601
f 2360/1149/1600 2359/1154/1599 2362/1147/1602
f 2363/1152/1603 2364/1154/1599 2365/1150/1604
f 2365/1150/1604 2364/1154/1599 2366/1155/1601
f 2367/225/233 2369/1156/1605 2368/224/234
f 2370/194/1606 2371/1157/1607 2369/1156/1605
f 2374/1158/1608 2373/222/1609 2372/223/1610
f 2376/1159/1611 2375/198/1612 2374/1158/1613
f 2377/1010/1483 2378/1066/1483 2379/1067/1484
f 2377/1010/1483 2379/1067/1484 2380/1013/1485
f 2381/1015/1486 2382/1068/1487 2383/1010/1483
f 2382/1068/1487 2384/1066/1614 2383/1010/1483
f 2385/165/172 2387/163/1615 2386/1142/1585
f 2388/160/1616 2389/161/1617 2390/1144/1618
f 2391/1058/1454 2392/1056/1452 2393/1059/1455
f 2392/1056/1452 2391/1058/1454 2394/1057/1456
f 2396/1071/1495 2395/1013/1496 2398/1067/1540
f 2397/1018/1581 2399/1071/1541 2400/1072/1529
f 2402/1015/1543 2401/1073/1501 2404/1068/1619
f 2405/1074/1620 2406/1075/1621 2403/1016/1622
f 2407/1100/1623 2408/1160/1624 2409/1072/1623
f 2410/1075/1504 2411/1074/1620 2412/1161/1469
f 2413/1011/1457 2414/1018/1458 2415/1019/987
f 2414/1018/1458 2413/1011/1457 2416/1013/1459
f 2417/1016/1454 2418/1014/1452 2419/1017/1476
f 2418/1014/1452 2417/1016/1454 2420/1015/1456
f 2421/1010/1449 2422/1011/1450 2423/1012/1449
f 2422/1011/1450 2421/1010/1449 2424/1013/1459
f 2425/1014/1452 2426/1010/1449 2427/1012/1449
f 2426/1010/1449 2425/1014/1452 2428/1015/1453
f 2429/1025/1535 2430/1105/1487 2431/1020/1483
f 2430/1105/1487 2432/1103/1483 2431/1020/1483
f 2433/1020/1483 2434/1103/1625 2435/1104/1484
f 2433/1020/1483 2435/1104/1484 2436/1023/1485
f 2438/1108/1495 2437/1023/1496 2440/1104/1484
f 2439/1049/1497 2441/1108/1541 2442/1109/1626
f 2444/1025/1627 2443/1110/1501 2446/1105/1583
f 2447/1111/1628 2448/1112/1629 2445/1047/1505
f 2449/1130/1630 2450/1162/1631 2451/1109/1626
f 2452/1112/1632 2453/1111/1546 2454/1163/1633
f 2457/1157/1634 2456/1164/1635 2455/1156/709
f 2458/1165/1636 2459/1159/1637 2460/1158/711
f 2461/1020/1449 2462/1021/1450 2463/1022/1449
f 2462/1021/1450 2461/1020/1449 2464/1023/1451
f 2465/1024/1452 2466/1020/1449 2467/1022/1449
f 2466/1020/1449 2465/1024/1452 2468/1025/1453
f 2470/1166/1638 2469/315/733 2471/1167/1639
f 2473/1168/1640 2474/1169/1641 2472/316/1642
f 2475/1057/1486 2476/1134/1487 2477/1052/1483
f 2476/1134/1487 2478/1132/1643 2477/1052/1483
f 2479/1052/1483 2480/1132/1534 2481/1133/1484
f 2479/1052/1483 2481/1133/1484 2482/1055/1485
f 2483/1047/1454 2484/1024/1452 2485/1048/1476
f 2484/1024/1452 2483/1047/1454 2486/1025/1456
f 2487/1021/1457 2488/1049/1458 2489/1050/987
f 2488/1049/1458 2487/1021/1457 2490/1023/1459
f 2491/1145/1644 2492/1170/1645 2493/1137/1646
f 2495/1136/1495 2494/1055/1485 2497/1133/1647
f 2496/1064/1581 2498/1136/1541 2499/1137/1648
f 2500/1140/1597 2501/1139/1649 2502/1171/1650
f 2504/1057/1486 2503/1138/1501 2506/1134/1487
f 2507/1139/1651 2508/1140/1584 2505/1058/1547
f 2509/1053/1457 2510/1064/1652 2511/1065/987
f 2510/1064/1652 2509/1053/1457 2512/1055/1459
f 2513/1052/1449 2514/1053/1653 2515/1054/1449
f 2514/1053/1653 2513/1052/1449 2516/1055/1459
f 2517/1056/1452 2518/1052/1449 2519/1054/1449
f 2518/1052/1449 2517/1056/1452 2520/1057/1453
f 2521/1100/1654 2522/1172/1655 2523/1072/1656
f 2524/1075/1657 2525/1074/1657 2526/1173/1658
f 2527/1015/1486 2528/1068/1487 2529/1010/1483
f 2528/1068/1487 2530/1066/1488 2529/1010/1483
f 2531/1010/1483 2532/1066/1483 2533/1067/1484
f 2531/1010/1483 2533/1067/1484 2534/1013/1485
f 2535/1058/1454 2536/1056/1452 2537/1059/1476
f 2536/1056/1452 2535/1058/1454 2538/1057/1456
f 2540/1071/1659 2539/1013/1496 2542/1067/1540
f 2541/1018/1497 2543/1071/1541 2544/1072/1660
f 2546/1015/1486 2545/1073/1501 2548/1068/1661
f 2549/1074/1662 2550/1075/1662 2547/1016/1547
f 2551/1112/1351 2552/1111/1350 2553/1174/1663
f 2554/1130/1630 2555/1175/1664 2556/1109/1626
f 2559/1176/1665 2557/1177/1666 2558/1178/1667
f 2557/1177/1666 2559/1176/1665 2560/1179/1668
f 2561/1180/1669 2562/1181/1670 2563/138/1671
f 2564/1025/1535 2565/1105/1487 2566/1020/1483
f 2565/1105/1487 2567/1103/1578 2566/1020/1483
f 2568/1020/1483 2569/1103/1483 2570/1104/1484
f 2568/1020/1483 2570/1104/1484 2571/1023/1485
f 2572/282/1672 2573/1182/1673 2574/176/1674
f 2575/1183/1675 2576/1142/1208 2577/163/1676
f 2578/281/1677 2579/174/1678 2580/1184/1679
f 2582/1185/1212 2581/1186/1680 2583/1187/1681
f 2584/1188/1682 2583/1187/1681 2581/1186/1680
f 2586/1144/1683 2585/1189/1684 2587/160/1685
f 2589/1108/1495 2588/1023/1496 2591/1104/1686
f 2590/1049/1687 2592/1108/1541 2593/1109/1626
f 2595/1025/1543 2594/1110/1501 2597/1105/1583
f 2598/1111/856 2599/1112/853 2596/1047/1505
f 2601/1190/768 2600/1191/1216 2602/141/1688
f 2603/1192/1689 2604/1193/1690 2605/1194/1691
f 2604/1193/1690 2606/1195/1691 2605/1194/1691
f 2607/1194/1691 2608/1195/1691 2609/1196/1692
f 2607/1194/1691 2609/1196/1692 2610/1197/1693
f 2611/1198/1694 2612/1199/1695 2613/1200/1696
f 2612/1199/1695 2611/1198/1694 2614/1201/1694
f 2615/1140/1697 2616/1139/1697 2617/1202/1698
f 2618/1145/1699 2619/1203/1700 2620/1137/1701
f 2621/1204/1702 2622/1205/1703 2623/1206/1702
f 2622/1205/1703 2621/1204/1702 2624/1207/1704
f 2625/1208/1705 2626/1209/1706 2627/1187/1707
f 2625/1208/1705 2627/1187/1707 2628/1188/1708
f 2629/1179/1709 2630/1176/1710 2631/1208/1705
f 2630/1176/1710 2632/1209/1706 2631/1208/1705
f 2633/1057/1535 2634/1134/1487 2635/1052/1483
f 2634/1134/1487 2636/1132/1578 2635/1052/1483
f 2637/1052/1483 2638/1132/1534 2639/1133/1484
f 2637/1052/1483 2639/1133/1484 2640/1055/1496
f 2641/96/1256 2642/100/1256 2643/1210/1711
f 2645/1210/1712 2644/98/1713 2646/96/1713
f 2648/1136/1495 2647/1055/1485 2650/1133/1484
f 2649/1064/1581 2651/1136/1541 2652/1137/1714
f 2654/1057/1500 2653/1138/1501 2656/1134/1583
f 2657/1139/1715 2658/1140/1715 2655/1058/1505
f 2659/1211/803 2660/1212/802 2661/1213/1716
f 2662/1214/1717 2663/1215/1718 2664/1216/1719
f 2665/173/1720 2666/1217/1721 2667/1218/1722
f 2668/1219/1723 2669/1220/1724 2670/1221/1725
f 2671/1222/1726 2672/1223/1727 2673/1218/1728
f 2672/1223/1727 2671/1222/1726 2674/1224/1729
f 2675/1219/1730 2676/1222/1729 2677/1220/1731
f 2676/1222/1729 2675/1219/1730 2678/1224/1729
f 2679/1225/1732 2680/1226/1733 2681/1227/1734
f 2682/1228/1735 2683/1229/1736 2684/1230/1737
f 2685/1231/1738 2686/1232/1739 2687/1229/826
f 2687/1229/826 2688/1233/1740 2685/1231/1738
f 2689/1234/1741 2690/1225/1742 2691/1235/1743
f 2691/1235/1743 2690/1225/1742 2692/1236/1743
f 2693/1232/1744 2694/1231/1745 2695/1237/1379
f 2696/1236/1743 2697/1238/1746 2698/1235/1743
f 2699/1239/1747 2700/1230/1748 2701/1240/1747
f 2700/1230/1748 2699/1239/1747 2702/1228/1749
f 2703/1226/1750 2704/1239/1747 2705/1227/1751
f 2705/1227/1751 2704/1239/1747 2706/1240/1747
f 2707/1241/1752 2708/1214/1753 2709/1216/1754
f 2708/1214/1753 2707/1241/1752 2710/1242/1752
f 2711/1212/1755 2712/1241/1752 2713/1213/1756
f 2712/1241/1752 2711/1212/1755 2714/1242/1752
f 2715/54/1757 2716/1243/1757 2717/52/1757
f 2718/1244/1758 2719/54/1758 2720/52/1758
f 2721/1245/1759 2722/1206/1702 2723/1246/1759
f 2722/1206/1702 2721/1245/1759 2724/1204/1702
f 2725/1198/1694 2726/1245/1760 2727/1201/1694
f 2727/1201/1694 2726/1245/1760 2728/1246/1759
f 2730/1247/1761 2729/1248/1762 2731/1249/1763
f 2733/1250/1764 2734/1251/1764 2732/1252/1765
f 2735/1253/1766 2736/1254/1767 2737/1255/1767
f 2736/1254/1767 2735/1253/1766 2738/1256/1766
f 2739/1257/1768 2740/1258/1316 2741/1259/1768
f 2740/1258/1316 2739/1257/1768 2742/1260/1769
f 2743/1261/1770 2744/1262/1771 2745/1263/1772
f 2744/1262/1771 2743/1261/1770 2746/1264/1773
f 2747/1265/1774 2748/1266/1775 2749/1267/1776
f 2748/1266/1775 2747/1265/1774 2750/1268/1777
f 2751/1254/1767 2752/1269/1778 2753/1255/1767
f 2753/1255/1767 2752/1269/1778 2754/1270/1778
f 2755/1269/1778 2756/1259/1779 2757/1270/1778
f 2756/1259/1779 2755/1269/1778 2758/1257/1779
f 2759/1262/1772 2760/1271/1780 2761/1263/1772
f 2761/1263/1772 2760/1271/1780 2762/1272/1780
f 2763/1271/1780 2764/1267/1781 2765/1272/1780
f 2764/1267/1781 2763/1271/1780 2766/1265/1782
f 2768/1273/1783 2767/1274/1784 2769/1275/1785
f 2771/1276/1786 2770/1277/1787 2772/1278/1788
f 2773/1279/1789 2774/1280/1790 2775/470/1789
f 2774/1280/1790 2773/1279/1789 2776/1281/1791
f 2777/1282/1792 2778/1279/1789 2779/470/1793
f 2778/1279/1789 2777/1282/1792 2780/1283/1794
f 2781/1284/1795 2782/1285/1796 2783/1286/1797
f 2782/1285/1796 2781/1284/1795 2784/1287/1798
f 2785/1288/1799 2786/1284/1795 2787/1286/1800
f 2786/1284/1795 2785/1288/1799 2788/1289/1801
f 2789/1290/859 2790/1291/1802 2791/1292/857
f 2792/1293/1802 2791/1292/857 2790/1291/1802
f 2794/1294/1803 2795/1295/1804 2793/1296/1805
f 2795/1295/1804 2794/1294/1803 2796/1297/1804
f 2797/1298/1806 2798/1299/1807 2799/1300/1806
f 2798/1299/1807 2797/1298/1806 2800/1301/1808
f 2801/1302/1809 2802/1298/1806 2803/1300/1810
f 2802/1298/1806 2801/1302/1809 2804/1303/1811
f 2805/1304/1812 2806/1305/1813 2807/1306/1814
f 2806/1305/1813 2805/1304/1812 2808/1307/1815
f 2809/1308/1816 2810/1304/1812 2811/1306/1817
f 2810/1304/1812 2809/1308/1816 2812/1309/1818
f 2813/1297/1804 2814/1310/1819 2815/1295/1804
f 2814/1310/1819 2813/1297/1804 2816/1311/1819
f 2817/1310/1819 2818/1293/1802 2819/1291/1802
f 2818/1293/1802 2817/1310/1819 2820/1311/1819
f 2821/1312/1806 2822/1313/1437 2823/1314/1820
f 2822/1313/1437 2821/1312/1806 2824/1315/1821
f 2825/1316/1822 2826/1312/1806 2827/1314/1823
f 2826/1312/1806 2825/1316/1822 2828/1317/1824
f 2829/1318/1825 2830/1319/1826 2831/1320/1827
f 2832/1321/1828 2833/1322/1829 2834/1323/1828
f 2833/1322/1829 2832/1321/1828 2835/1324/1830
f 2836/1325/1831 2837/1326/1832 2838/1327/1833
f 2837/1326/1832 2836/1325/1831 2839/1328/1831
f 2840/1325/1831 2841/1329/1834 2842/1328/1831
f 2842/1328/1831 2841/1329/1834 2843/1330/1834
f 2844/1329/1834 2845/1323/1828 2846/1330/1834
f 2845/1323/1828 2844/1329/1834 2847/1321/1828
f 2849/1331/1835 2848/1332/1836 2850/1333/1837
f 2853/1334/1838 2851/1331/1839 2852/1335/1840
f 2853/1334/1841 2854/1335/1842 2855/1336/1843
f 2856/1337/1844 2857/1338/1845 2858/1339/1846
f 2859/1340/1847 2860/1338/1848 2861/1341/1849
f 2861/1341/1850 2862/1342/1851 2863/1340/1852
f 2864/1338/1853 2865/1343/1854 2866/1341/1855
f 2868/1344/168 2869/1331/1856 2867/1334/166
f 2870/1345/1857 2871/1346/1834 2872/1347/1858
f 2872/1347/1858 2871/1346/1834 2873/1348/1834
f 2874/1346/1834 2875/1349/1859 2876/1348/1834
f 2875/1349/1859 2874/1346/1834 2877/1350/1860
f 2878/1351/1861 2879/1352/1862 2880/1353/1863
f 2879/1352/1862 2878/1351/1861 2881/1354/1861
f 2882/1355/1864 2883/1356/1865 2884/1357/1866
f 2883/1356/1865 2882/1355/1864 2885/1358/1867
f 2886/1359/1868 2887/1360/1869 2888/1361/1870
f 2889/1362/1871 2890/1359/1872 2888/1361/1873
f 2890/1359/1872 2889/1362/1871 2891/1363/1874
f 2892/1351/1875 2893/1364/1876 2894/1354/1875
f 2894/1354/1875 2893/1364/1876 2895/1365/1877
f 2896/1364/1876 2897/1357/1866 2898/1365/1878
f 2897/1357/1866 2896/1364/1876 2899/1355/1864
f 2900/1366/1485 2901/1367/1541 2902/1368/1581
f 2904/1369/1879 2905/1370/1880 2903/1371/1881
f 2907/1372/1882 2908/1373/1883 2906/1374/1884
f 2909/1375/1885 2907/1372/1882 2906/1374/1884
f 2910/1376/1501 2911/1377/1486 2912/1378/1886
f 2913/1379/1887 2914/1380/1888 2915/1381/1508
f 2915/1381/1508 2914/1380/1888 2916/1382/1888
f 2917/1380/1876 2918/1383/1889 2919/1382/1876
f 2918/1383/1889 2917/1380/1876 2920/1384/1890
f 2921/1385/211 2922/1386/1066 2923/1387/186
f 2924/1388/1891 2925/1389/197 2926/1390/208
f 2927/1318/1892 2928/1391/1893 2929/1319/1894
f 2928/1391/1893 2927/1318/1892 2930/1392/1893
f 2931/1393/1485 2932/1394/1541 2933/1395/1581
f 2934/1396/1501 2935/1397/1486 2936/1398/1895
f 2939/1399/1896 2938/1400/1897 2937/1401/1898
f 2940/1402/1899 2941/1403/1900 2942/1404/1899
f 2941/1403/1900 2940/1402/1899 2943/1405/1901
f 2944/1402/1899 2945/1406/1902 2946/1407/1903
f 2945/1406/1902 2944/1402/1899 2947/1404/1899
f 2948/1408/1904 2950/1409/1905 2949/1410/1906
f 2950/1409/1905 2948/1408/1904 2951/1411/1907
f 2953/1412/1908 2954/1413/1909 2952/1414/1910
f 2955/1415/1909 2952/1414/1910 2954/1413/1909
f 2956/1370/1880 2957/1416/1911 2958/1417/1911
f 2957/1416/1911 2956/1370/1880 2959/1369/1912
f 2960/1416/1911 2961/1375/1913 2962/1417/1911
f 2961/1375/1913 2960/1416/1911 2963/1372/1914
f 2964/1418/1915 2965/1419/1059 2966/1420/1916
f 2968/1405/1917 2967/1421/1918 2969/1403/1919
f 2967/1421/1918 2968/1405/1917 2970/1419/1920
f 2972/1422/1921 2971/1423/1922 2974/1424/1923
f 2975/1407/1924 2973/1425/1925 2976/1422/1926
f 2973/1425/1925 2975/1407/1924 2977/1406/1927
f 2978/1426/1928 2979/1427/962 2980/1428/1929
f 2982/1429/1930 2981/1428/1931 2983/1427/1932
f 2984/1430/211 2985/1431/1066 2986/1432/1933
f 2987/1433/1891 2988/1434/1934 2989/1435/208
f 2991/1436/1935 2992/1437/1936 2990/1438/1937
f 2993/1439/1938 2994/1440/1541 2995/1441/1497
f 2996/1442/1501 2997/1443/1486 2998/1444/1622
f 2999/1445/1939 3000/1342/1940 3001/1341/1855
f 3002/1446/1941 3003/1334/1942 3004/1336/1943
f 3005/1447/211 3006/1448/1066 3007/1449/1933
f 3008/1450/1891 3009/1451/197 3010/1452/1944
f 3011/1453/1945 3012/1454/1946 3013/1455/1946
f 3012/1454/1946 3011/1453/1945 3014/1456/1945
f 3015/1454/1947 3016/1457/1948 3017/1458/1948
f 3015/1454/1947 3017/1458/1948 3018/1455/1947
f 3019/1459/1949 3020/1460/1950 3021/1461/1951
f 3020/1460/1950 3022/1462/1951 3021/1461/1951
f 3023/1461/1951 3024/1462/1951 3025/1463/1064
f 3023/1461/1951 3025/1463/1064 3026/1464/1065
f 3027/1465/1952 3028/1466/1952 3029/1467/1953
f 3030/1468/1954 3031/1469/1955 3032/1470/1954
f 3034/1422/1956 3035/1424/1957 3033/1471/1605
f 3035/1424/1958 3037/1472/1959 3036/1473/1960
f 3038/1474/1961 3039/1475/1962 3040/1476/1963
f 3039/1475/1962 3038/1474/1961 3041/1477/1964
f 3043/1419/1965 3042/1478/1966 3044/1420/1967
f 3044/1420/1968 3045/1479/1969 3046/1480/1970
f 3047/1481/103 3048/1475/1971 3049/1482/1972
f 3048/1475/1971 3047/1481/103 3050/1476/1973
f 3051/1331/1974 3052/1483/1975 3053/1484/1976
f 3051/1331/1974 3054/1344/168 3052/1483/1975
f 3055/1343/1854 3056/1338/1977 3057/1485/1978
f 3057/1485/1978 3056/1338/1977 3058/1486/1979
f 3059/1487/1485 3060/1488/1541 3061/1489/1581
f 3062/1490/1501 3063/1491/1486 3064/1492/1505
f 3065/1493/1980 3066/1494/1981 3067/1495/1980
f 3066/1494/1981 3065/1493/1980 3068/1496/1981
f 3069/1494/1981 3070/1497/1982 3071/1498/1982
f 3070/1497/1982 3069/1494/1981 3072/1496/1981
f 3073/1499/1983 3074/1500/1984 3075/1501/1985
f 3076/1502/211 3077/1503/1066 3078/1504/186
f 3079/1505/1891 3080/1506/197 3081/1507/208
f 3082/1508/976 3083/1509/1986 3084/1510/1987
f 3083/1509/1986 3082/1508/976 3085/1511/1988
f 3086/1509/1989 3087/1512/1990 3088/1513/1991
f 3086/1509/1989 3088/1513/1991 3089/1510/1992
f 3090/1514/1993 3091/1515/1994 3092/1516/1995
f 3093/1411/1907 3094/1517/1996 3095/1409/1907
f 3094/1517/1996 3093/1411/1907 3096/1518/1996
f 3097/1517/1996 3098/1415/1997 3099/1413/1997
f 3098/1415/1997 3097/1517/1996 3100/1518/1996
f 3101/1519/1998 3102/1483/1999 3103/1520/1998
f 3102/1483/1999 3101/1519/1998 3104/1484/1976
f 3105/1486/1979 3106/1519/1998 3107/1485/2000
f 3107/1485/2000 3106/1519/1998 3108/1520/1998
f 3109/1521/2001 3110/1469/2002 3111/1468/2003
f 3112/1522/2004 3113/1465/2005 3114/1467/2006
f 3115/1523/1938 3116/1524/1541 3117/1525/1497
f 3118/1526/1501 3119/1527/1486 3120/1528/1886
f 3122/1529/2007 3123/1495/1980 3121/1530/2008
f 3123/1495/1980 3122/1529/2007 3124/1493/1980
f 3125/1531/2009 3126/1532/2010 3127/1533/2009
f 3126/1532/2010 3125/1531/2009 3128/1501/2011
f 3129/1514/2012 3130/1531/2009 3131/1515/2013
f 3131/1515/2013 3130/1531/2009 3132/1533/2014
f 3133/1534/1137 3134/1498/1982 3135/1535/1135
f 3136/1497/1982 3135/1535/1135 3134/1498/1982
f 3137/1536/2015 3138/1380/2016 3139/1379/2017
f 3138/1380/2016 3137/1536/2015 3140/1537/2016
f 3141/1380/2018 3142/1538/2019 3143/1384/2020
f 3142/1538/2019 3141/1380/2018 3144/1537/2021
f 3145/1539/211 3146/1524/1066 3147/1540/186
f 3148/1526/1891 3149/1541/2022 3150/1542/208
f 3153/1543/2023 3152/1544/2024 3151/1363/2025
f 3153/1543/2023 3151/1363/2025 3154/1545/2026
f 3155/1546/1485 3156/1503/1541 3157/1547/2027
f 3158/1505/1501 3159/1548/1486 3160/1549/1505
f 3161/1364/2018 3162/1550/2028 3163/1355/2029
f 3162/1550/2028 3161/1364/2018 3164/1551/2030
f 3165/1552/2031 3166/1364/2016 3167/1351/2032
f 3166/1364/2016 3165/1552/2031 3168/1551/2033
f 3169/1553/2034 3171/1351/2032 3170/1353/2035
f 3171/1351/2032 3169/1553/2034 3172/1552/2031
f 3174/1358/2036 3175/1355/2029 3173/1554/2037
f 3176/1550/2029 3173/1554/2037 3175/1355/2029
f 3177/1555/211 3178/1488/1066 3179/1556/186
f 3180/1490/1891 3181/1557/197 3182/1558/208
f 3183/1559/1485 3184/1448/1541 3185/1560/1497
f 3186/1450/1501 3187/1561/1486 3188/1562/1895
f 3189/1563/2038 3190/1346/2039 3191/1345/2040
f 3190/1346/2039 3189/1563/2038 3192/1564/2039
f 3193/1346/2039 3194/1565/2041 3195/1350/2042
f 3194/1565/2041 3193/1346/2039 3196/1564/2039
f 3197/1566/211 3198/1440/1066 3199/1567/186
f 3200/1442/1891 3201/1568/197 3202/1569/208
f 3203/1570/2043 3205/1325/2044 3204/1327/2045
f 3205/1325/2044 3203/1570/2043 3206/1571/2044
f 3208/1324/1199 3209/1321/2046 3207/1572/1197
f 3210/1573/2047 3207/1572/1197 3209/1321/2046
f 3211/1571/2048 3212/1329/2049 3213/1325/2048
f 3212/1329/2049 3211/1571/2048 3214/1574/2049
f 3215/1329/2049 3216/1573/2050 3217/1321/2050
f 3216/1573/2050 3215/1329/2049 3218/1574/2049
f 3219/1426/2051 3220/1575/2052 3221/1576/2053
f 3220/1575/2052 3219/1426/2051 3222/1577/2054
f 3223/1575/2055 3224/1578/2056 3225/1429/2057
f 3223/1575/2055 3225/1429/2057 3226/1576/2058
f 3227/1579/2059 3228/1580/2060 3229/1581/2060
f 3228/1580/2060 3227/1579/2059 3230/1582/2059
f 3231/1580/2061 3232/1583/2062 3233/1584/2062
f 3231/1580/2061 3233/1584/2062 3234/1581/2063
f 3235/1585/2064 3236/1586/1899 3237/1587/2064
f 3237/1587/2064 3236/1586/1899 3238/1588/1899
f 3239/1586/1899 3240/1589/2065 3241/1588/1899
f 3240/1589/2065 3239/1586/1899 3242/1590/2065
f 3243/1591/1485 3244/1431/1541 3245/1592/1581
f 3246/1433/1501 3247/1593/1486 3248/1594/1895
f 3249/1595/2066 3250/1585/2064 3251/1587/2064
f 3250/1585/2064 3249/1595/2066 3252/1596/2067
f 3253/1396/1891 3254/1597/2068 3255/1598/208
f 3256/1599/211 3257/1394/1066 3258/1600/186
f 3259/1590/2065 3260/1601/1225 3261/1589/2065
f 3260/1601/1225 3259/1590/2065 3262/1602/1223
f 3263/1603/2069 3264/1604/2070 3265/1605/2069
f 3264/1604/2070 3263/1603/2069 3266/1606/2071
f 3264/1604/2070 3267/1606/2072 3268/1392/2073
f 3269/1607/2074 3264/1604/2070 3268/1392/2073
f 3270/1508/1190 3271/1608/2075 3272/1609/1195
f 3274/1513/2076 3273/1609/2077 3275/1608/2078
f 3276/1610/1938 3277/1386/1495 3278/1611/1497
f 3279/1388/1501 3280/1612/1486 3281/1613/1622
f 3282/1614/211 3283/1367/1066 3284/1615/186
f 3285/1376/1891 3286/1616/197 3287/1617/2079
f 3288/1618/2080 3289/1477/1257 3290/1474/2081
f 3289/1477/1257 3288/1618/2080 3291/1619/1711
f 3292/1618/2082 3293/1482/2083 3294/1619/2084
f 3292/1618/2082 3295/1481/2085 3293/1482/2083
f 3296/1603/2069 3297/1543/2023 3298/1545/2023
f 3297/1543/2023 3296/1603/2069 3299/1605/2086
f 3300/1620/2087 3301/1456/2087 3302/1453/2087
f 3301/1456/2087 3300/1620/2087 3303/1621/2087
f 3304/1620/2088 3305/1457/2088 3306/1621/2088
f 3304/1620/2088 3307/1458/2088 3305/1457/2088
f 3308/1582/2089 3309/1622/2089 3310/1623/2090
f 3311/1579/2090 3309/1622/2089 3308/1582/2089
f 3312/1622/2091 3313/1583/2091 3314/1623/2091
f 3312/1622/2091 3315/1584/2091 3313/1583/2091
f 3316/1312/2092 3317/1624/2092 3318/1625/385
f 3316/1312/2092 3318/1625/385 3319/1315/2093
f 3320/1317/2094 3321/1626/2095 3322/1312/2092
f 3321/1626/2095 3323/1624/2092 3322/1312/2092
f 3324/1304/2096 3325/1627/2097 3326/1628/2098
f 3324/1304/2096 3326/1628/2098 3327/1307/2041
f 3328/1309/2099 3329/1629/2100 3330/1304/2096
f 3329/1629/2100 3331/1627/2096 3330/1304/2096
f 3332/1298/2096 3333/1630/2101 3334/1631/2102
f 3332/1298/2096 3334/1631/2102 3335/1301/2103
f 3336/1303/2104 3337/1632/2105 3338/1298/2096
f 3337/1632/2105 3339/1630/2096 3338/1298/2096
f 3340/1284/2039 3341/1633/2106 3342/1634/2107
f 3340/1284/2039 3342/1634/2107 3343/1287/2108
f 3344/1289/2109 3345/1635/2110 3346/1284/2039
f 3345/1635/2110 3347/1633/2111 3346/1284/2039
f 3348/1279/2112 3349/1636/2113 3350/1637/2114
f 3348/1279/2112 3350/1637/2114 3351/1281/2115
f 3352/1283/2116 3353/1638/2117 3354/1279/2118
f 3353/1638/2117 3355/1636/2119 3354/1279/2118
f 3357/1639/10 3358/1640/2120 3356/1641/9
f 3359/1642/2121 3360/1643/2122 3361/1644/2123
f 3362/1645/2124 3363/1646/2125 3364/1647/2126
f 3363/1646/2125 3362/1645/2124 3365/1648/2127
f 3366/1649/1803 3367/1650/2128 3368/1651/55
f 3367/1650/2128 3366/1649/1803 3369/1652/2129
f 3370/1653/2130 3371/1654/2131 3372/1655/2132
f 3371/1654/2131 3370/1653/2130 3373/1656/2133
f 3374/1657/1374 3375/1658/2134 3376/1659/1375
f 3377/1660/2135 3378/1661/2135 3379/1662/2135
f 3380/1644/2136 3381/1663/2137 3382/1642/2138
f 3383/1664/2139 3384/1658/2140 3385/1657/2141
f 3384/1658/2140 3383/1664/2139 3386/1665/2142
f 3387/1666/2143 3388/1667/2144 3389/1657/2145
f 3388/1667/2144 3387/1666/2143 3390/1668/2146
f 3391/1653/2147 3392/1655/2148 3393/1669/2149
f 3394/1670/2150 3395/1671/1427 3396/1672/2151
f 3395/1671/1427 3394/1670/2150 3397/1673/2152
f 3398/1674/2153 3399/1657/2154 3400/1664/2155
f 3399/1657/2154 3398/1674/2153 3401/1666/2143
f 3402/1675/2156 3403/1676/59 3404/1677/2157
f 3404/1677/2157 3405/1678/2158 3402/1675/2156
f 3406/1679/2159 3402/1675/2156 3405/1678/2158
f 3406/1679/2160 3407/1678/2158 3408/1680/2161
f 3409/1681/2162 3410/1682/84 3411/1683/86
f 3410/1682/84 3409/1681/2162 3412/1684/2163
f 3413/1685/2164 3414/1686/2165 3415/1687/2166
f 3416/1664/2139 3417/1688/2167 3418/1665/2168
f 3421/1689/2169 3420/1690/2170 3419/1691/1432
f 3419/1691/1432 3422/1692/2171 3421/1689/2169
f 3423/1674/2172 3424/1664/2173 3425/1688/2174
f 3426/1693/2175 3427/1694/2176 3428/1695/2177
f 3427/1694/2176 3426/1693/2175 3429/1696/2178
f 3430/1670/2179 3431/1672/2180 3432/1697/2181
f 3433/1693/2182 3434/1695/2183 3435/1698/2184
f 3437/1699/1455 3438/1700/2185 3436/1701/1454
f 3436/1701/1454 3438/1700/2185 3439/1702/2186
f 3442/1703/2187 3441/1704/1833 3440/1705/1833
f 3442/1703/2187 3440/1705/1833 3443/1706/2188
f 3444/1707/2189 3445/1708/2190 3446/1709/2191
f 3445/1708/2190 3447/1710/2190 3446/1709/2191
f 3448/1711/2192 3449/1712/2193 3450/1713/2194
f 3451/1714/2195 3452/1686/2196 3453/1685/2197
f 3454/1715/2198 3455/1707/2191 3456/1716/2199
f 3455/1707/2191 3457/1709/2191 3456/1716/2199
f 3458/1717/2200 3459/1718/2201 3460/1719/2202
f 3459/1718/2201 3458/1717/2200 3461/1720/2203
f 3462/1721/2204 3463/1722/2205 3464/1723/2206
f 3462/1721/2207 3465/1724/2208 3466/1722/2205
f 3465/1724/2208 3467/1725/150 3466/1722/2205
f 3468/1726/104 3465/1724/2209 3469/1727/2210
f 3470/1728/2211 3471/1729/94 3472/1730/2212
f 3471/1729/94 3473/1731/2213 3472/1730/2212
f 3474/1732/2214 3475/1733/2215 3476/1734/2216
f 3475/1733/2215 3477/1735/2217 3476/1734/2216
f 3479/1736/1845 3478/1737/2218 3481/1738/2219
f 3482/1739/2220 3480/1740/2221 3483/1736/2222
f 3484/1741/2223 3485/1742/2224 3486/1743/2225
f 3485/1742/2224 3484/1741/2223 3487/1744/2223
f 3488/1745/2226 3489/1746/2227 3490/1747/2228
f 3489/1746/2227 3488/1745/2226 3491/1748/2226
f 3492/1733/2215 3493/1749/2229 3494/1735/2230
f 3493/1749/2229 3495/1750/2231 3494/1735/2230
f 3496/1751/2232 3497/1752/2233 3498/1753/2234
f 3499/1706/2235 3500/1754/2236 3501/1703/2237
f 3502/1755/2238 3503/1756/1991 3504/1757/2239
f 3503/1756/1991 3502/1755/2238 3505/1758/2240
f 3506/1755/2241 3504/1757/2239 3507/1759/2242
f 3508/1760/2243 3506/1755/2241 3507/1759/2242
f 3509/1681/2244 3510/1761/2245 3511/1684/2246
f 3512/1762/2247 3513/1763/2248 3514/1764/2249
f 3512/1762/2247 3515/1765/2250 3513/1763/2248
f 3517/1766/1455 3518/1767/2251 3516/1768/1454
f 3516/1768/1454 3518/1767/2251 3519/1769/2252
f 3519/1769/2252 3520/1767/2253 3521/1770/2254
f 3522/1771/2255 3523/1772/2201 3524/1773/2256
f 3523/1772/2201 3522/1771/2255 3525/1774/2257
f 3526/1764/2249 3527/1775/2258 3528/1762/2259
f 3531/1776/2260 3530/1777/2261 3529/1778/2262
f 3531/1776/2260 3529/1778/2262 3532/1779/2259
f 3534/1780/2263 3535/1781/2264 3533/1782/1454
f 3533/1782/1454 3535/1781/2264 3536/1783/2265
f 3537/1784/2266 3538/1785/2267 3539/1786/2268
f 3540/1715/2198 3541/1785/2269 3537/1784/2270
f 3542/1716/2271 3541/1785/2269 3540/1715/2198
f 3543/1779/2272 3544/1787/2273 3545/1776/2274
f 3546/1788/2275 3547/1789/2276 3548/1790/2277
f 3548/1790/2277 3549/1791/2278 3546/1788/2275
f 3547/1789/2276 3550/1712/2279 3551/1711/2280
f 3552/1788/2281 3550/1712/2279 3547/1789/2276
f 3549/1791/2282 3554/1790/2277 3553/1792/2283
f 3555/1793/2284 3556/1752/2233 3557/1794/2285
f 3557/1794/2285 3556/1752/2233 3558/1751/2232
f 3560/1795/2286 3561/1731/2287 3559/1796/2288
f 3562/1797/2289 3563/1798/2201 3564/1799/2290
f 3563/1798/2201 3562/1797/2289 3565/1800/2291
f 3566/1801/2292 3567/1802/2293 3568/1803/2294
f 3566/1801/2292 3569/1804/2295 3567/1802/2293
f 3570/1805/2296 3571/1806/2297 3572/1764/2298
f 3573/1702/2299 3574/1700/2300 3575/1807/2301
f 3576/1717/2302 3577/1719/2303 3578/1808/2304
f 3579/1803/2305 3580/1809/2306 3581/1801/2307
f 3582/1810/2308 3583/1811/2309 3584/1812/2310
f 3582/1810/2311 3585/1760/2243 3586/1811/2309
f 3585/1760/2243 3587/1759/2242 3586/1811/2309
f 3589/1813/1455 3590/1814/2312 3588/1815/2313
f 3588/1815/2313 3590/1814/2312 3591/1816/2314
f 3592/1817/2315 3593/1730/2316 3594/1731/2317
f 3592/1817/2315 3594/1731/2317 3595/1796/2315
f 3596/1805/2318 3597/1764/2319 3598/1775/2320
f 3599/1771/2202 3600/1773/2321 3601/1818/2322
f 3602/1819/2323 3603/1789/2324 3604/1820/2325
f 3605/1790/2326 3604/1820/2325 3603/1789/2324
f 3603/1789/2324 3602/1819/2323 3606/1711/2327
f 3607/1821/2200 3608/1822/2201 3609/1823/2202
f 3608/1822/2201 3607/1821/2200 3610/1824/2291
f 3611/1641/1904 3612/1825/2328 3613/1640/26
f 3612/1825/2328 3611/1641/1904 3614/1826/2329
f 3615/1827/2330 3616/1828/2331 3617/1829/2332
f 3618/1746/2333 3619/1749/2334 3620/1747/2333
f 3621/1830/2335 3622/1831/2336 3623/1793/2337
f 3621/1830/2335 3623/1793/2337 3624/1794/2285
f 3625/1783/2338 3626/1781/2339 3627/1832/2340
f 3629/1833/2341 3628/1691/2342 3630/1692/1570
f 3631/1834/2343 3632/1730/2344 3633/1835/2345
f 3632/1730/2344 3631/1834/2343 3634/1728/2346
f 3636/1836/1455 3637/1837/2347 3635/1838/1454
f 3635/1838/1454 3637/1837/2347 3638/1839/2348
f 3638/1839/2349 3639/1837/2350 3640/1840/2351
f 3641/1797/2352 3642/1799/2353 3643/1841/2354
f 3644/1837/2355 3645/1842/2201 3646/1843/2356
f 3645/1842/2201 3644/1837/2355 3647/1836/2291
f 3650/1830/2357 3649/1844/2358 3648/1794/2359
f 3651/1816/2360 3652/1814/2361 3653/1845/2362
f 3654/1846/2363 3655/1829/2364 3656/1847/1594
f 3657/1821/2365 3658/1823/2366 3659/1848/2367
f 3662/1794/2368 3661/1849/2369 3660/1751/176
f 3664/1824/1455 3665/1821/2370 3663/1850/1454
f 3663/1850/1454 3665/1821/2370 3666/1851/2265
f 3666/1851/2371 3667/1821/2372 3668/1848/2373
f 3669/1814/2374 3670/1852/2201 3671/1853/2352
f 3670/1852/2201 3669/1814/2374 3672/1813/2291
f 3674/1846/653 3673/1827/681 3675/1829/2364
f 3676/1837/2375 3677/1843/2376 3678/1840/2377
f 3679/1752/2378 3680/1854/2379 3681/1855/2380
f 3680/1854/2379 3679/1752/2378 3682/1793/2381
f 3679/1752/2378 3681/1855/2380 3683/1753/2382
f 3685/1800/1455 3686/1797/2383 3684/1856/1454
f 3684/1856/1454 3686/1797/2383 3687/1857/2384
f 3688/1801/2385 3689/1809/2386 3690/1858/2387
f 3691/1781/2200 3692/1859/2201 3693/1860/2388
f 3692/1859/2201 3691/1781/2200 3694/1780/2203
f 3695/1814/2389 3696/1853/2390 3697/1845/2391
f 3698/1801/2392 3699/1861/2393 3700/1804/2394
f 3699/1861/2393 3698/1801/2392 3701/1858/2395
f 3702/1862/2007 3703/1689/2396 3704/1863/2397
f 3703/1689/2396 3702/1862/2007 3705/1690/2008
f 3706/1857/2398 3707/1797/2399 3708/1841/2400
f 3709/1793/2381 3710/1864/2401 3711/1854/2402
f 3710/1864/2401 3709/1793/2381 3712/1831/1690
f 3713/1776/2403 3714/1787/2404 3715/1865/2405
f 3716/1781/2406 3717/1860/2407 3718/1832/2408
f 3719/1685/2409 3720/1866/2410 3721/1867/2411
f 3720/1866/2410 3719/1685/2409 3722/1687/2412
f 3724/1739/739 3723/1868/738 3725/1740/2413
f 3726/1869/2414 3727/1712/748 3728/1788/2415
f 3727/1712/748 3726/1869/2414 3729/1870/749
f 3731/1774/1455 3732/1771/2416 3730/1871/1454
f 3730/1871/1454 3732/1771/2416 3733/1872/2417
f 3733/1872/2418 3734/1771/2419 3735/1818/2420
f 3737/1844/2421 3736/1854/759 3738/1849/2422
f 3739/1767/2423 3740/1873/2201 3741/1874/2424
f 3740/1873/2201 3739/1767/2423 3742/1766/2257
f 3743/1776/2425 3744/1875/2426 3745/1777/2427
f 3744/1875/2426 3743/1776/2425 3746/1865/2428
f 3747/1835/2429 3748/1817/2430 3749/1876/2430
f 3748/1817/2430 3750/1877/2431 3749/1876/2430
f 3748/1817/2430 3747/1835/2429 3751/1730/2432
f 3752/1762/2433 3753/1775/2434 3754/1878/2435
f 3755/1767/2436 3756/1874/2437 3757/1770/2438
f 3758/1703/2439 3759/1754/2440 3760/1879/2439
f 3761/1762/2428 3762/1880/2441 3763/1765/2442
f 3762/1880/2441 3761/1762/2428 3764/1878/2443
f 3765/1759/2214 3766/1757/2444 3767/1881/2216
f 3766/1757/2444 3768/1882/2444 3767/1881/2216
f 3769/1709/2445 3770/1710/2446 3771/1883/2447
f 3770/1710/2446 3772/1884/2446 3771/1883/2447
f 3774/1720/2263 3775/1717/2370 3773/1885/1454
f 3773/1885/1454 3775/1717/2370 3776/1886/2448
f 3776/1886/2449 3777/1717/2372 3778/1808/2450
f 3779/1700/2451 3780/1887/2201 3781/1888/2352
f 3780/1887/2201 3779/1700/2451 3782/1699/2291
f 3783/1882/2444 3784/1757/2444 3785/1756/2452
f 3785/1756/2452 3786/1889/2453 3783/1882/2444
f 3787/1700/2454 3788/1888/2352 3789/1807/2455
f 3790/1703/2456 3791/1890/2457 3792/1704/2458
f 3791/1890/2457 3790/1703/2456 3793/1879/2459
f 3794/1742/2460 3795/1891/2077 3796/1743/2461
f 3795/1891/2077 3794/1742/2460 3797/1892/2460
f 3798/1788/2462 3799/1893/1666 3800/1869/2463
f 3799/1893/1666 3798/1788/2462 3801/1791/2464
f 3803/1820/2465 3802/1869/2466 3804/1819/2467
f 3805/1870/2468 3804/1819/2467 3806/1869/2469
f 3807/1725/2470 3808/1726/2471 3809/1894/2472
f 3808/1726/2471 3810/1895/2473 3809/1894/2472
f 3812/1795/1720 3811/1876/2474 3813/1835/2475
f 3814/1855/2476 3815/1849/1683 3816/1854/2477
f 3817/1878/2478 3818/1805/346 3819/1775/2479
f 3820/1895/2480 3821/1726/2471 3822/1896/2481
f 3822/1896/2481 3823/1897/2482 3820/1895/2480
f 3824/1898/1695 3826/1685/2483 3825/1867/2484
f 3827/1714/2485 3826/1685/2483 3824/1898/1695
f 3829/1681/2486 3828/1683/2067 3830/1899/2487
f 3829/1681/2486 3830/1899/2487 3831/1900/2488
f 3832/1901/2489 3833/1745/2490 3834/1747/2491
f 3833/1745/2490 3832/1901/2489 3835/1902/2490
f 3836/1677/672 3837/1676/2492 3838/1903/2493
f 3837/1676/2492 3839/1904/2494 3838/1903/2493
f 3840/1905/2495 3841/1749/2496 3842/1733/2497
f 3841/1749/2496 3840/1905/2495 3843/1906/2498
f 3844/1905/2495 3842/1733/2497 3845/1732/2499
f 3846/1907/2243 3844/1905/2495 3845/1732/2499
f 3847/1908/2500 3848/1805/2501 3849/1878/2502
f 3850/1909/2503 3851/1910/2503 3852/1911/2503
f 3851/1910/2503 3850/1909/2503 3853/1912/2503
f 3854/1900/2504 3855/1761/2505 3856/1681/2506
f 3857/1891/2507 3858/1756/2508 3859/1743/2509
f 3860/1913/2308 3861/1914/2510 3862/1915/2310
f 3860/1913/2311 3863/1907/2243 3864/1914/2511
f 3863/1907/2243 3865/1732/2242 3864/1914/2511
f 3866/1916/2512 3867/1917/2513 3868/1918/2083
f 3869/1919/2514 3870/1693/2515 3871/1698/2516
f 3872/1920/820 3873/1921/2517 3874/1639/2518
f 3876/1863/2519 3877/1833/2520 3875/1922/2521
f 3877/1833/2520 3876/1863/2519 3878/1862/2522
f 3879/1923/2523 3880/1670/2524 3881/1697/2525
f 3884/1693/2526 3883/1924/2527 3882/1696/2528
f 3884/1693/2526 3885/1919/2514 3883/1924/2527
f 3886/1904/2492 3887/1676/2492 3888/1925/2529
f 3888/1925/2529 3889/1926/2530 3886/1904/2492
f 3890/1674/2531 3891/1927/2532 3892/1666/2533
f 3890/1674/2531 3893/1928/2534 3891/1927/2532
f 3893/1928/2535 3894/1674/2536 3895/1688/2537
f 3896/1670/2538 3897/1929/398 3898/1673/2394
f 3896/1670/2538 3899/1923/2523 3897/1929/398
f 3900/1666/2539 3901/1930/2540 3902/1668/2541
f 3901/1930/2540 3900/1666/2539 3903/1927/2243
f 3904/1931/2542 3905/1653/2543 3906/1669/2544
f 3907/1662/2545 3908/1661/2545 3909/1932/2545
f 3910/1665/2546 3911/1688/2547 3912/1928/2548
f 3913/1653/2549 3914/1933/2550 3915/1656/2551
f 3913/1653/2549 3916/1931/2552 3914/1933/2550
f 3917/1645/2553 3918/1934/2554 3919/1648/2555
f 3917/1645/2553 3920/1935/2556 3918/1934/2554
f 3921/1928/2557 3922/1658/2558 3923/1665/2559
f 3921/1928/2557 3924/1927/2560 3922/1658/2558
f 3927/1658/2561 3926/1927/481 3925/1659/480
f 3929/1936/1765 3928/1937/847 3930/1938/1764
f 3933/1650/2562 3932/1652/1766 3931/1937/1766
f 3933/1650/2562 3931/1937/1766 3934/1938/792
f 3935/1826/2563 3936/1939/1773 3937/1825/2564
f 3936/1939/1773 3938/1920/2565 3937/1825/2564
usemtl Meshpart2Mtl.006
f 3939/1940/2566 3940/1941/2567 3941/1942/2567
f 3940/1941/2567 3939/1940/2566 3942/1943/2566
f 3943/1944/2568 3944/1945/2569 3945/1946/2569
f 3944/1945/2569 3943/1944/2568 3946/1947/2568
f 3947/1948/2570 3948/1949/2570 3949/1950/2571
f 3947/1948/2570 3950/1951/2572 3948/1949/2570
f 3951/1952/2572 3950/1951/2572 3947/1948/2570
f 3949/1950/2571 3948/1949/2570 3952/1953/2571
f 3953/1954/2573 3954/1955/2573 3955/1956/2574
f 3955/1956/2574 3954/1955/2573 3956/1957/2574
f 3957/1958/2575 3958/1959/2576 3959/1960/2576
f 3958/1959/2576 3957/1958/2575 3960/1961/2575
f 3961/1962/2577 3959/1960/2576 3958/1959/2576
f 3959/1960/2576 3961/1962/2577 3962/1963/2577
f 3963/1964/2578 3962/1963/2577 3961/1962/2577
f 3962/1963/2577 3963/1964/2578 3964/1965/2579
f 3965/1966/2580 3964/1965/2579 3963/1964/2578
f 3964/1965/2579 3965/1966/2580 3966/1967/2580
f 3967/1968/2581 3966/1967/2580 3965/1966/2580
f 3966/1967/2580 3967/1968/2581 3968/1969/2581
f 3968/1969/2581 3967/1968/2581 3969/1970/2582
f 3969/1970/2582 3967/1968/2581 3970/1971/2582
f 3969/1970/2582 3970/1971/2582 3971/1972/2583
f 3971/1972/2583 3970/1971/2582 3972/1973/2583
f 3973/1974/2567 3975/1975/2567 3976/1976/2566
f 3976/1976/2566 3975/1975/2567 3974/1977/2566
f 3977/1978/2584 3978/1979/2585 3979/1980/2586
f 3979/1980/2586 3978/1979/2585 3980/1981/2586
f 3980/1981/2586 3981/1982/2587 3979/1980/2586
f 3981/1982/2587 3980/1981/2586 3982/1983/2588
f 3985/1984/2567 3983/1985/2567 3986/1986/2566
f 3986/1986/2566 3983/1985/2567 3984/1987/2566
f 3989/1986/2566 3988/1985/2567 3987/1987/2566
f 3990/1984/2567 3988/1985/2567 3989/1986/2566
f 3993/1986/2566 3992/1985/2567 3991/1987/2566
f 3994/1984/2567 3992/1985/2567 3993/1986/2566
f 3997/1988/2567 3995/1989/2567 3996/1990/2567
f 3995/1989/2567 3997/1988/2567 3998/1991/2567
f 3999/1992/2566 4001/1993/2589 4000/1994/2566
f 4001/1993/2589 4002/1995/2590 4000/1994/2566
f 4001/1993/2589 4003/1996/2591 4002/1995/2590
f 4004/1997/2592 4003/1996/2591 4001/1993/2589
f 4005/1998/2593 4007/1999/2594 4006/2000/2593
f 4007/1999/2594 4005/1998/2593 4008/2001/2594
f 4008/2001/2594 4009/2002/2595 4007/1999/2594
f 4009/2002/2595 4008/2001/2594 4010/2003/2596
f 4009/2002/2595 4010/2003/2596 4011/2004/2597
f 4011/2004/2597 4012/2005/2597 4009/2002/2595
f 4012/2005/2597 4011/2004/2597 4013/2006/2598
f 4013/2006/2598 4014/2007/2598 4012/2005/2597
f 4013/2006/2598 4015/2008/2599 4014/2007/2598
f 4016/2009/2600 4015/2008/2599 4013/2006/2598
f 4019/2010/2601 4018/2011/2602 4017/2012/2603
f 4020/2013/2601 4018/2011/2602 4019/2010/2601
f 4021/2014/2601 4018/2011/2602 4020/2013/2601
f 4021/2014/2601 4020/2013/2601 4022/2015/2601
f 4023/2016/2601 4024/2017/2601 4025/2018/2601
f 4026/2019/2601 4025/2018/2601 4024/2017/2601
f 4029/2020/2601 4028/2021/2602 4027/2022/2602
f 4029/2020/2601 4030/2023/2566 4028/2021/2602
f 4030/2023/2566 4029/2020/2601 4031/2024/2601
f 4032/2025/2566 4030/2023/2566 4031/2024/2601
f 4033/2026/2601 4034/2027/2601 4035/2028/2601
f 4036/2029/2601 4035/2028/2601 4034/2027/2601
f 4037/2030/2602 4039/2031/2566 4038/2032/2602
f 4037/2030/2602 4040/2033/2566 4039/2031/2566
f 4041/2034/2602 4043/2035/2566 4042/2036/2602
f 4041/2034/2602 4044/2037/2566 4043/2035/2566
f 4045/2038/2602 4047/2039/2566 4046/2040/2602
f 4045/2038/2602 4048/2041/2566 4047/2039/2566
f 4049/2042/2604 4050/2043/2604 4051/2044/2604
f 4052/2045/2604 4051/2044/2604 4050/2043/2604
f 4051/2044/2604 4052/2045/2604 4053/2046/2604
f 4049/2042/2604 4054/2047/2604 4050/2043/2604
f 4054/2047/2604 4049/2042/2604 4055/2048/2604
f 4054/2047/2604 4055/2048/2604 4056/2049/2604
f 4055/2048/2604 4049/2042/2604 4057/2050/2604
f 4055/2048/2604 4057/2050/2604 4058/2051/2604
f 4057/2050/2604 4049/2042/2604 4059/2052/2604
f 4057/2050/2604 4059/2052/2604 4060/2053/2604
f 4061/2054/2604 4062/2055/2604 4063/2056/2604
f 4064/2057/2604 4063/2056/2604 4062/2055/2604
f 4063/2056/2604 4064/2057/2604 4065/2058/2604
f 4062/2055/2604 4061/2054/2604 4066/2059/2604
f 4061/2054/2604 4063/2056/2604 4067/2060/2604
f 4068/2061/2604 4063/2056/2604 4065/2058/2604
f 4065/2058/2604 4069/2062/2604 4068/2061/2604
f 4070/2063/2604 4068/2061/2604 4069/2062/2604
f 4068/2061/2604 4070/2063/2604 4071/2064/2604
f 4070/2063/2604 4072/2065/2604 4071/2064/2604
f 4071/2064/2604 4072/2065/2604 4073/2066/2604
f 4073/2066/2604 4072/2065/2604 4074/2067/2604
f 4074/2067/2604 4061/2054/2604 4067/2060/2604
f 4072/2065/2604 4061/2054/2604 4074/2067/2604
f 4075/2068/2604 4066/2059/2604 4061/2054/2604
f 4066/2059/2604 4075/2068/2604 4076/2069/2604
f 4075/2068/2604 4077/2070/2604 4076/2069/2604
f 4077/2070/2604 4075/2068/2604 4078/2071/2604
f 4078/2071/2604 4079/2072/2604 4077/2070/2604
f 4080/2073/2604 4081/2074/2604 4082/2075/2604
f 4081/2074/2604 4080/2073/2604 4083/2076/2604
f 4084/2077/2604 4083/2076/2604 4080/2073/2604
f 4083/2076/2604 4084/2077/2604 4085/2078/2604
f 4083/2076/2604 4085/2078/2604 4086/2079/2604
f 4083/2076/2604 4086/2079/2604 4087/2080/2604
f 4086/2079/2604 4088/2081/2604 4087/2080/2604
f 4088/2081/2604 4086/2079/2604 4089/2082/2604
f 4090/2083/2604 4091/2084/2604 4092/2085/2604
f 4090/2083/2604 4093/2086/2604 4091/2084/2604
f 4093/2086/2604 4094/2087/2604 4091/2084/2604
f 4093/2086/2604 4090/2083/2604 4095/2088/2604
f 4090/2083/2604 4096/2089/2604 4095/2088/2604
f 4096/2089/2604 4090/2083/2604 4097/2090/2604
f 4097/2090/2604 4098/2091/2604 4099/2092/2604
f 4099/2092/2604 4096/2089/2604 4097/2090/2604
f 4096/2089/2604 4099/2092/2604 4100/2093/2604
f 4099/2092/2604 4101/2094/2604 4100/2093/2604
f 4100/2093/2604 4101/2094/2604 4102/2095/2604
f 4096/2089/2604 4100/2093/2604 4103/2096/2604
f 4096/2089/2604 4103/2096/2604 4104/2097/2604
f 4096/2089/2604 4104/2097/2604 4105/2098/2604
f 4104/2097/2604 4106/2099/2604 4105/2098/2604
f 4107/2100/2604 4108/2101/2604 4109/2102/2604
f 4110/2103/2604 4108/2101/2604 4107/2100/2604
f 4110/2103/2604 4107/2100/2604 4111/2104/2604
f 4110/2103/2604 4112/2105/2604 4108/2101/2604
f 4112/2105/2604 4110/2103/2604 4113/2106/2604
f 4112/2105/2604 4113/2106/2604 4114/2107/2604
f 4114/2107/2604 4113/2106/2604 4115/2108/2604
f 4115/2108/2604 4113/2106/2604 4116/2109/2604
f 4117/2110/2604 4118/2111/2604 4119/2112/2604
f 4118/2111/2604 4117/2110/2604 4120/2113/2604
f 4119/2112/2604 4121/2114/2604 4117/2110/2604
f 4121/2114/2604 4119/2112/2604 4122/2115/2604
f 4121/2114/2604 4122/2115/2604 4123/2116/2604
f 4121/2114/2604 4123/2116/2604 4124/2117/2604
f 4125/2118/2604 4124/2117/2604 4123/2116/2604
f 4124/2117/2604 4125/2118/2604 4126/2119/2604
f 4125/2118/2604 4127/2120/2604 4126/2119/2604
f 4127/2120/2604 4125/2118/2604 4128/2121/2604
f 4127/2120/2604 4128/2121/2604 4129/2122/2604
f 4129/2122/2604 4128/2121/2604 4130/2123/2604
f 4131/2124/2604 4129/2122/2604 4130/2123/2604
f 4129/2122/2604 4131/2124/2604 4132/2125/2604
f 4133/2126/2604 4134/2127/2604 4135/2128/2604
f 4134/2127/2604 4136/2129/2604 4135/2128/2604
f 4136/2129/2604 4137/2130/2604 4135/2128/2604
f 4134/2127/2604 4138/2131/2604 4136/2129/2604
f 4139/2060/2604 4137/2130/2604 4136/2129/2604
f 4138/2131/2604 4134/2127/2604 4140/2132/2604
f 4137/2130/2604 4139/2060/2604 4141/2133/2604
f 4138/2131/2604 4140/2132/2604 4142/2134/2604
f 4143/2135/2604 4134/2127/2604 4133/2126/2604
f 4133/2126/2604 4142/2134/2604 4143/2135/2604
f 4142/2134/2604 4133/2126/2604 4141/2133/2604
f 4142/2134/2604 4144/2136/2604 4143/2135/2604
f 4144/2136/2604 4142/2134/2604 4140/2132/2604
f 4142/2134/2604 4141/2133/2604 4145/2137/2604
f 4139/2060/2604 4145/2137/2604 4141/2133/2604
f 4145/2137/2604 4146/2138/2604 4142/2134/2604
f 4145/2137/2604 4139/2060/2604 4147/2139/2604
f 4146/2138/2604 4145/2137/2604 4148/2140/2604
f 4139/2060/2604 4149/2064/2604 4147/2139/2604
f 4150/2141/2604 4146/2138/2604 4148/2140/2604
f 4150/2141/2604 4147/2139/2604 4149/2064/2604
f 4146/2138/2604 4150/2141/2604 4151/2142/2604
f 4150/2141/2604 4149/2064/2604 4152/2143/2604
f 4152/2143/2604 4151/2142/2604 4150/2141/2604
f 4153/2104/2605 4154/2076/2605 4155/2103/2605
f 4156/2074/2606 4154/2076/2605 4153/2104/2605
f 4157/2080/2605 4155/2103/2605 4154/2076/2605
f 4155/2103/2605 4157/2080/2605 4158/2106/2605
f 4159/2081/2605 4158/2106/2605 4157/2080/2605
f 4158/2106/2605 4159/2081/2605 4160/2109/2605
f 4161/2144/2607 4162/2145/2607 4163/2146/2607
f 4162/2145/2607 4164/2147/2607 4163/2146/2607
f 4165/2148/2608 4167/2149/2608 4169/2150/2609
f 4166/2151/2592 4168/2152/2592 4170/2153/2610
f 4169/2150/2609 4167/2149/2608 4171/2154/2609
f 4170/2153/2610 4172/2155/2610 4166/2151/2592
f 4169/2150/2609 4171/2154/2609 4173/2156/2611
f 4172/2155/2610 4170/2153/2610 4174/2157/2612
f 4173/2156/2611 4171/2154/2609 4175/2158/2613
f 4174/2157/2612 4176/2159/2614 4172/2155/2610
f 4173/2156/2611 4175/2158/2613 4177/2160/2615
f 4176/2159/2614 4174/2157/2612 4178/2161/2616
f 4177/2160/2615 4175/2158/2613 4179/2162/2615
f 4178/2161/2616 4180/2163/2616 4176/2159/2614
f 4177/2160/2615 4179/2162/2615 4180/2163/2616
f 4180/2163/2616 4178/2161/2616 4177/2160/2615
f 4181/2164/2607 4182/2165/2607 4183/2166/2607
f 4183/2166/2607 4184/2167/2607 4181/2164/2607
f 4185/2168/2617 4186/2169/2617 4187/2170/2616
f 4187/2170/2616 4186/2169/2617 4188/2171/2616
f 4187/2170/2616 4188/2171/2616 4189/1955/2618
f 4189/1955/2618 4188/2171/2616 4190/1954/2619
f 4191/2172/2620 4192/2173/2620 4193/2174/2607
f 4193/2174/2607 4194/2175/2607 4191/2172/2620
f 4194/2175/2607 4193/2174/2607 4195/2176/2621
f 4195/2176/2621 4196/2177/2621 4194/2175/2607
f 4197/2178/2622 4198/2179/2622 4199/2180/2621
f 4199/2180/2621 4200/2181/2621 4197/2178/2622
f 4201/2182/2622 4202/2183/2622 4203/2184/2621
f 4203/2184/2621 4204/2185/2621 4201/2182/2622
f 4205/2184/2621 4206/2185/2621 4207/2183/2622
f 4207/2183/2622 4206/2185/2621 4208/2182/2622
f 4209/2184/2621 4210/2185/2621 4211/2183/2622
f 4211/2183/2622 4210/2185/2621 4212/2182/2622
f 4213/2186/2623 4214/2187/2623 4215/2188/2624
f 4215/2188/2624 4216/2189/2624 4213/2186/2623
f 4216/2189/2624 4215/2188/2624 4217/2190/2625
f 4217/2190/2625 4218/2191/2625 4216/2189/2624
f 4220/2192/2626 4219/2193/2626 4221/2194/2627
f 4221/2194/2627 4222/2195/2627 4220/2192/2626
f 4222/2195/2627 4221/2194/2627 4223/2196/2628
f 4223/2196/2628 4224/2197/2629 4222/2195/2627
f 4223/2196/2628 4225/2198/2630 4224/2197/2629
f 4226/2199/2630 4225/2198/2630 4223/2196/2628
f 4226/2199/2630 4227/2200/2631 4225/2198/2630
f 4227/2200/2631 4226/2199/2630 4228/2201/2632
f 4230/2202/2622 4229/2203/2622 4231/2145/2622
f 4231/2145/2622 4232/2147/2622 4230/2202/2622
f 4234/2204/2633 4233/2205/2634 4235/2206/2635
f 4235/2206/2635 4236/2207/2636 4234/2204/2633
f 4236/2207/2636 4235/2206/2635 4237/2208/2637
f 4237/2208/2637 4235/2206/2635 4238/2209/2637
f 4239/2210/2638 4240/2211/2639 4241/2212/2639
f 4240/2211/2639 4242/2213/2640 4241/2212/2639
f 4243/2214/2641 4244/2215/2642 4245/2216/2642
f 4244/2215/2642 4246/2217/2643 4245/2216/2642
f 4243/2214/2641 4245/2216/2642 4247/2218/2641
f 4248/2219/2643 4246/2217/2643 4244/2215/2642
f 4248/2219/2643 4249/2220/2644 4246/2217/2643
f 4250/2221/2644 4249/2220/2644 4248/2219/2643
f 4250/2221/2644 4251/2222/2643 4249/2220/2644
f 4252/2223/2643 4251/2222/2643 4250/2221/2644
f 4252/2223/2643 4253/2224/2645 4251/2222/2643
f 4254/2225/2645 4253/2224/2645 4252/2223/2643
f 4254/2225/2645 4255/2226/2646 4253/2224/2645
f 4256/2227/2646 4255/2226/2646 4254/2225/2645
f 4256/2227/2646 4257/2228/2643 4255/2226/2646
f 4258/2229/2643 4255/2226/2646 4257/2228/2643
f 4259/2230/2647 4260/2231/2647 4261/2232/2647
f 4261/2232/2647 4260/2231/2647 4262/2233/2647
f 4263/2234/2648 4264/2235/2648 4265/2236/2648
f 4264/2235/2648 4263/2234/2648 4266/2237/2648
f 4267/2238/2571 4268/2239/2571 4269/2240/2649
f 4269/2240/2649 4270/2241/2649 4267/2238/2571
f 4270/2241/2649 4269/2240/2649 4271/2242/2650
f 4271/2242/2650 4272/2243/2650 4270/2241/2649
f 4272/2243/2650 4271/2242/2650 4273/2244/2651
f 4273/2244/2651 4274/2245/2652 4272/2243/2650
f 4274/2245/2652 4273/2244/2651 4275/2246/2653
f 4275/2246/2653 4273/2244/2651 4276/2247/2620
f 4277/2248/2573 4279/2249/2654 4278/2250/2573
f 4279/2249/2654 4277/2248/2573 4280/2251/2655
f 4281/2252/2656 4282/2253/2657 4283/2254/2657
f 4282/2253/2657 4281/2252/2656 4284/2255/2656
f 4285/2256/2658 4283/2254/2657 4282/2253/2657
f 4283/2254/2657 4285/2256/2658 4286/2257/2658
f 4287/2258/2644 4286/2257/2658 4285/2256/2658
f 4286/2257/2658 4287/2258/2644 4288/2259/2644
f 4289/2260/2659 4288/2259/2644 4287/2258/2644
f 4288/2259/2644 4289/2260/2659 4290/2261/2660
f 4291/2262/2661 4292/2263/2661 4293/2264/2662
f 4293/2264/2662 4294/2265/2662 4291/2262/2661
f 4294/2265/2662 4293/2264/2662 4295/2266/2663
f 4295/2266/2663 4296/2267/2663 4294/2265/2662
f 4295/2266/2663 4297/2268/2664 4296/2267/2663
f 4297/2268/2664 4298/2269/2665 4296/2267/2663
f 4301/2270/2643 4300/2271/2622 4299/2272/2622
f 4300/2271/2622 4301/2270/2643 4302/2273/2666
f 4302/2273/2666 4301/2270/2643 4303/2274/2643
f 4302/2273/2666 4303/2274/2643 4304/2275/2667
f 4306/2276/2622 4305/2277/2622 4307/2278/2666
f 4308/2279/2666 4306/2276/2622 4307/2278/2666
f 4309/2280/2622 4310/2281/2622 4311/2282/2666
f 4312/2283/2666 4309/2280/2622 4311/2282/2666
f 4314/2284/2622 4315/2285/2666 4313/2286/2622
f 4316/2287/2666 4313/2286/2622 4315/2285/2666
f 4318/2288/2668 4317/2289/2669 4319/2290/2670
f 4319/2290/2670 4320/2291/2670 4318/2288/2668
f 4321/2292/2666 4322/2293/2643 4323/2294/2666
f 4324/2295/2643 4323/2294/2666 4322/2293/2643
f 4325/2294/2666 4327/2296/2622 4326/2292/2666
f 4328/2297/2622 4326/2292/2666 4327/2296/2622
f 4331/2298/2643 4330/2297/2622 4329/2296/2671
f 4330/2297/2622 4331/2298/2643 4332/2299/2643
f 4333/2300/2672 4334/2301/2672 4335/2302/2672
f 4335/2302/2672 4334/2301/2672 4336/2303/2672
f 4334/2301/2672 4333/2300/2672 4337/2304/2672
f 4334/2301/2672 4337/2304/2672 4338/2305/2672
f 4333/2300/2672 4339/2306/2672 4337/2304/2672
f 4337/2304/2672 4339/2306/2672 4340/2307/2672
f 4339/2306/2672 4333/2300/2672 4341/2308/2672
f 4341/2308/2672 4333/2300/2672 4342/2309/2672
f 4341/2308/2672 4342/2309/2672 4343/2310/2672
f 4343/2310/2672 4342/2309/2672 4344/2311/2672
f 4345/2312/2672 4346/2313/2672 4347/2314/2672
f 4347/2314/2672 4348/2315/2672 4345/2312/2672
f 4349/2316/2672 4347/2314/2672 4346/2313/2672
f 4348/2315/2672 4347/2314/2672 4350/2317/2672
f 4351/2318/2672 4349/2316/2672 4346/2313/2672
f 4352/2319/2672 4351/2318/2672 4346/2313/2672
f 4351/2318/2672 4352/2319/2672 4353/2320/2672
f 4353/2320/2672 4352/2319/2672 4354/2321/2672
f 4355/2322/2672 4348/2315/2672 4350/2317/2672
f 4354/2321/2672 4355/2322/2672 4353/2320/2672
f 4355/2322/2672 4354/2321/2672 4356/2323/2672
f 4348/2315/2672 4355/2322/2672 4357/2324/2672
f 4356/2323/2672 4357/2324/2672 4355/2322/2672
f 4358/2325/2672 4357/2324/2672 4356/2323/2672
f 4357/2324/2672 4358/2325/2672 4359/2326/2672
f 4357/2324/2672 4359/2326/2672 4360/2327/2672
f 4360/2327/2672 4359/2326/2672 4361/2328/2672
f 4362/2329/2672 4363/2330/2672 4364/2331/2672
f 4364/2331/2672 4365/2332/2672 4362/2329/2672
f 4364/2331/2672 4366/2333/2672 4365/2332/2672
f 4367/2334/2672 4366/2333/2672 4364/2331/2672
f 4368/2335/2672 4366/2333/2672 4367/2334/2672
f 4369/2336/2672 4366/2333/2672 4368/2335/2672
f 4366/2333/2672 4369/2336/2672 4370/2337/2672
f 4371/2338/2672 4370/2337/2672 4369/2336/2672
f 4372/2339/2672 4373/2340/2672 4374/2341/2672
f 4373/2340/2672 4375/2342/2672 4376/2343/2672
f 4375/2342/2672 4373/2340/2672 4372/2339/2672
f 4372/2339/2672 4377/2344/2672 4375/2342/2672
f 4378/2345/2672 4375/2342/2672 4377/2344/2672
f 4378/2345/2672 4377/2344/2672 4379/2346/2672
f 4377/2344/2672 4372/2339/2672 4380/2347/2672
f 4372/2339/2672 4381/2348/2672 4380/2347/2672
f 4381/2348/2672 4372/2339/2672 4382/2349/2672
f 4382/2349/2672 4383/2350/2672 4381/2348/2672
f 4372/2339/2672 4374/2341/2672 4384/2351/2672
f 4374/2341/2672 4385/2352/2672 4384/2351/2672
f 4385/2352/2672 4374/2341/2672 4386/2353/2672
f 4386/2353/2672 4374/2341/2672 4387/2354/2672
f 4385/2352/2672 4386/2353/2672 4388/2355/2672
f 4389/2356/2672 4390/2357/2672 4391/2358/2672
f 4391/2358/2672 4390/2357/2672 4392/2359/2672
f 4391/2358/2672 4392/2359/2672 4393/2360/2672
f 4393/2360/2672 4394/2361/2672 4391/2358/2672
f 4390/2357/2672 4389/2356/2672 4395/2362/2672
f 4389/2356/2672 4396/2363/2672 4395/2362/2672
f 4395/2362/2672 4396/2363/2672 4397/2364/2672
f 4396/2363/2672 4389/2356/2672 4398/2365/2672
f 4399/2366/2672 4400/2367/2672 4401/2368/2672
f 4400/2367/2672 4399/2366/2672 4402/2369/2672
f 4402/2369/2672 4399/2366/2672 4403/2370/2672
f 4402/2369/2672 4403/2370/2672 4404/2371/2672
f 4403/2370/2672 4405/2372/2672 4404/2371/2672
f 4405/2372/2672 4403/2370/2672 4406/2373/2672
f 4406/2373/2672 4407/2374/2672 4405/2372/2672
f 4407/2374/2672 4406/2373/2672 4408/2375/2672
f 4407/2374/2672 4408/2375/2672 4409/2376/2672
f 4407/2374/2672 4409/2376/2672 4410/2377/2672
f 4411/2378/2672 4410/2377/2672 4409/2376/2672
f 4410/2377/2672 4411/2378/2672 4412/2379/2672
f 4412/2379/2672 4411/2378/2672 4413/2380/2672
f 4414/2381/2672 4413/2380/2672 4411/2378/2672
f 4415/2382/2672 4416/2383/2672 4417/2322/2672
f 4418/2384/2672 4417/2322/2672 4416/2383/2672
f 4419/2317/2672 4417/2322/2672 4418/2384/2672
f 4416/2383/2672 4415/2382/2672 4420/2385/2672
f 4418/2384/2672 4421/2386/2672 4419/2317/2672
f 4419/2317/2672 4421/2386/2672 4422/2387/2672
f 4422/2387/2672 4421/2386/2672 4423/2388/2672
f 4421/2386/2672 4424/2389/2672 4423/2388/2672
f 4424/2389/2672 4421/2386/2672 4425/2390/2672
f 4416/2383/2672 4426/2391/2672 4418/2384/2672
f 4426/2391/2672 4424/2389/2672 4425/2390/2672
f 4426/2391/2672 4416/2383/2672 4427/2392/2672
f 4426/2391/2672 4428/2393/2672 4424/2389/2672
f 4427/2392/2672 4428/2393/2672 4426/2391/2672
f 4429/2394/2672 4428/2393/2672 4427/2392/2672
f 4428/2393/2672 4429/2394/2672 4430/2395/2672
f 4428/2393/2672 4430/2395/2672 4431/2396/2672
f 4432/2397/2672 4428/2393/2672 4431/2396/2672
f 4430/2395/2672 4429/2394/2672 4433/2398/2672
f 4428/2393/2672 4432/2397/2672 4434/2399/2672
f 4434/2399/2672 4432/2397/2672 4433/2398/2672
f 4433/2398/2672 4429/2394/2672 4420/2385/2672
f 4433/2398/2672 4415/2382/2672 4434/2399/2672
f 4415/2382/2672 4433/2398/2672 4420/2385/2672
f 4435/2365/2673 4436/2333/2673 4437/2337/2674
f 4436/2333/2673 4435/2365/2673 4438/2356/2673
f 4438/2356/2673 4439/2358/2673 4436/2333/2673
f 4440/2332/2673 4436/2333/2673 4439/2358/2673
f 4439/2358/2673 4441/2361/2673 4440/2332/2673
f 4442/2329/2673 4440/2332/2673 4441/2361/2673
usemtl Meshpart3Mtl
f 4443/2400/2675 4444/2401/2676 4445/2402/2677
f 4444/2401/2676 4443/2400/2675 4446/2403/2678
f 4447/2404/2679 4445/2402/2677 4444/2401/2676
f 4445/2402/2677 4447/2404/2679 4448/2405/2680
f 4449/2406/2681 4448/2405/2680 4447/2404/2679
f 4448/2405/2680 4449/2406/2681 4450/2407/2682
f 4451/2408/2683 4452/2409/2683 4453/2410/2683
f 4451/2408/2683 4453/2410/2683 4454/2411/2683
f 4455/2412/2683 4452/2409/2683 4451/2408/2683
f 4452/2409/2683 4455/2412/2683 4456/2413/2683
f 4453/2410/2683 4452/2409/2683 4457/2414/2683
f 4457/2414/2683 4452/2409/2683 4458/2415/2683
f 4458/2415/2683 4459/2416/2683 4457/2414/2683
f 4459/2416/2683 4458/2415/2683 4460/2417/2683
f 4461/2418/2683 4457/2414/2683 4459/2416/2683
f 4457/2414/2683 4461/2418/2683 4462/2419/2683
f 4463/2420/2684 4465/2421/2685 4464/2422/2573
f 4466/2423/2685 4465/2421/2685 4463/2420/2684
f 4467/2424/2686 4468/2425/2687 4469/2426/2686
f 4468/2425/2687 4467/2424/2686 4470/2427/2687
f 4471/2428/2688 4473/2427/2689 4472/2429/2688
f 4473/2427/2689 4471/2428/2688 4474/2425/2689
f 4475/2430/2690 4476/2431/2691 4477/2432/2692
f 4477/2432/2692 4476/2431/2691 4478/2433/2692
f 4479/2434/2690 4480/2435/2691 4481/2436/2692
f 4481/2436/2692 4480/2435/2691 4482/2437/2692
f 4483/2438/2693 4484/2439/2694 4485/2423/2695
f 4485/2423/2695 4484/2439/2694 4486/2421/2696
f 4487/2440/2683 4488/2441/2683 4489/2442/2683
f 4488/2441/2683 4487/2440/2683 4490/2443/2683
f 4491/2444/2683 4487/2440/2683 4492/2445/2683
f 4493/2446/2683 4487/2440/2683 4491/2444/2683
f 4494/2447/2683 4490/2443/2683 4487/2440/2683
f 4493/2446/2683 4494/2447/2683 4487/2440/2683
f 4490/2443/2683 4494/2447/2683 4495/2448/2683
f 4494/2447/2683 4493/2446/2683 4496/2449/2683
f 4494/2447/2683 4496/2449/2683 4497/2450/2683
f 4498/2451/2683 4499/2452/2683 4500/2453/2697
f 4499/2452/2683 4498/2451/2683 4501/2454/2683
f 4501/2454/2683 4498/2451/2683 4502/2455/2683
f 4501/2454/2683 4503/2456/2683 4499/2452/2683
f 4499/2452/2683 4503/2456/2683 4504/2457/2683
f 4503/2456/2683 4501/2454/2683 4505/2458/2683
f 4506/2459/2698 4507/2460/2699 4508/2461/2601
f 4511/2462/2700 4508/2461/2601 4507/2460/2699
f 4508/2461/2601 4511/2462/2700 4510/2463/2701
f 4509/2464/2702 4510/2463/2701 4511/2462/2700
f 4512/2465/2601 4513/2466/2703 4514/2467/2601
f 4513/2466/2703 4512/2465/2601 4515/2468/2701
f 4514/2467/2601 4516/2469/2698 4512/2465/2601
f 4516/2469/2698 4514/2467/2601 4517/2470/2698
f 4518/2471/2704 4519/2472/2705 4520/2473/2706
f 4520/2473/2706 4521/2474/2707 4518/2471/2704
f 4519/2472/2705 4522/2475/2708 4520/2473/2706
f 4518/2471/2704 4521/2474/2707 4523/2476/2709
f 4522/2475/2708 4519/2472/2705 4524/2477/2708
f 4525/2478/2709 4523/2476/2709 4521/2474/2707
f 4526/2479/2601 4527/2480/2601 4528/2481/2601
f 4528/2481/2601 4529/2482/2601 4526/2479/2601
f 4530/2483/2710 4531/2484/2711 4532/2485/2601
f 4530/2483/2710 4532/2485/2601 4533/2486/2601
f 4533/2486/2601 4532/2485/2601 4534/2487/2712
f 4533/2486/2601 4534/2487/2712 4535/2488/2713
f 4537/2489/2686 4538/2490/2714 4536/2491/2686
f 4537/2489/2686 4539/2492/2715 4538/2490/2714
f 4540/2493/2601 4541/2494/2716 4542/2495/2601
f 4541/2494/2716 4540/2493/2601 4543/2496/2717
f 4542/2495/2601 4544/2497/2718 4540/2493/2601
f 4544/2497/2718 4542/2495/2601 4545/2498/2719
f 4546/2499/2698 4547/2500/2601 4548/2501/2698
f 4547/2500/2601 4546/2499/2698 4549/2502/2601
f 4549/2502/2601 4550/2503/2701 4547/2500/2601
f 4550/2503/2701 4549/2502/2601 4551/2504/2701
f 4552/2505/2690 4554/2506/2720 4553/2507/2690
f 4552/2505/2690 4555/2508/2720 4554/2506/2720
f 4556/2509/2690 4558/2510/2720 4557/2511/2690
f 4556/2509/2690 4559/2512/2720 4558/2510/2720
f 4562/2513/2601 4561/2514/2701 4560/2515/2701
f 4561/2514/2701 4562/2513/2601 4563/2461/2601
f 4564/2516/2698 4563/2461/2601 4562/2513/2601
f 4563/2461/2601 4564/2516/2698 4565/2517/2698
f 4566/2518/2693 4568/2519/2721 4567/2520/2693
f 4569/2521/2721 4568/2519/2721 4566/2518/2693
f 4571/2522/2722 4572/2523/2723 4570/2524/2724
f 4572/2523/2723 4571/2522/2722 4573/2525/2604
f 4573/2525/2604 4574/2526/2725 4572/2523/2723
f 4574/2526/2725 4573/2525/2604 4575/2527/2701
f 4576/2528/2701 4577/2529/2726 4578/2530/2604
f 4579/2531/2604 4578/2530/2604 4577/2529/2726
f 4578/2530/2604 4579/2531/2604 4580/2532/2722
f 4581/2533/2722 4580/2532/2722 4579/2531/2604
f 4582/2534/2727 4583/2535/2728 4584/2536/2729
f 4583/2535/2728 4582/2534/2727 4585/2537/2728
f 4586/2538/2730 4582/2534/2727 4584/2536/2729
f 4587/2539/2731 4582/2534/2727 4586/2538/2730
f 4588/2540/2732 4587/2539/2731 4586/2538/2730
f 4589/2541/2732 4587/2539/2731 4588/2540/2732
f 4592/2542/2604 4590/2543/2709 4591/2544/2709
f 4590/2543/2709 4592/2542/2604 4593/2545/2604
f 4595/2546/2733 4596/2547/2604 4594/2548/2734
f 4596/2547/2604 4595/2546/2733 4597/2549/2604
f 4600/2550/2735 4599/2551/2736 4598/2552/2736
f 4600/2550/2735 4601/2553/2737 4599/2551/2736
f 4602/2549/2738 4603/2542/2739 4604/2547/2738
f 4603/2542/2739 4602/2549/2738 4605/2545/2739
f 4606/2554/2604 4607/2555/2604 4608/2556/2604
f 4606/2554/2604 4608/2556/2604 4609/2557/2604
f 4610/2558/2604 4607/2555/2604 4606/2554/2604
f 4607/2555/2604 4610/2558/2604 4611/2559/2604
f 4612/2560/2604 4613/2561/2604 4614/2562/2604
f 4612/2560/2604 4614/2562/2604 4615/2563/2604
f 4616/2564/2604 4613/2561/2604 4612/2560/2604
f 4613/2561/2604 4616/2564/2604 4617/2565/2604
f 4618/2566/2604 4619/2567/2604 4620/2568/2604
f 4621/2569/2604 4620/2568/2604 4619/2567/2604
f 4622/2570/2604 4623/2571/2604 4624/2572/2740
f 4625/2573/2740 4624/2572/2740 4623/2571/2604
f 4626/2574/2741 4623/2571/2604 4622/2570/2604
f 4623/2571/2604 4626/2574/2741 4627/2575/2742
f 4628/2576/2604 4629/2577/2604 4630/2578/2604
f 4631/2579/2604 4630/2578/2604 4629/2577/2604
f 4632/2553/2743 4633/2550/2743 4634/2580/2604
f 4635/2581/2604 4634/2580/2604 4633/2550/2743
f 4634/2580/2604 4635/2581/2604 4636/2582/2744
f 4637/2583/2745 4636/2582/2744 4635/2581/2604
f 4638/2584/2746 4639/2585/2747 4640/2582/2746
f 4638/2584/2746 4640/2582/2746 4641/2583/2747
f 4642/2586/2701 4643/2587/2701 4644/2588/2604
f 4645/2589/2604 4644/2588/2604 4643/2587/2701
f 4644/2588/2604 4645/2589/2604 4646/2590/2722
f 4647/2591/2722 4646/2590/2722 4645/2589/2604
f 4648/2592/2722 4649/2593/2722 4650/2594/2604
f 4648/2592/2722 4650/2594/2604 4651/2525/2604
f 4651/2525/2604 4650/2594/2604 4652/2595/2701
f 4651/2525/2604 4652/2595/2701 4653/2596/2701
f 4654/2597/2607 4655/2454/2607 4656/2458/2607
f 4657/2456/2607 4654/2597/2607 4656/2458/2607
f 4655/2454/2607 4654/2597/2607 4658/2598/2607
f 4654/2597/2607 4657/2456/2607 4659/2599/2607
f 4660/2600/2607 4655/2454/2607 4658/2598/2607
f 4661/2601/2607 4659/2599/2607 4657/2456/2607
f 4655/2454/2607 4660/2600/2607 4662/2455/2607
f 4657/2456/2607 4663/2457/2607 4661/2601/2607
f 4660/2600/2607 4664/2451/2607 4662/2455/2607
f 4665/2452/2607 4661/2601/2607 4663/2457/2607
f 4664/2451/2607 4660/2600/2607 4666/2602/2607
f 4661/2601/2607 4665/2452/2607 4667/2603/2607
f 4668/2604/2607 4664/2451/2607 4666/2602/2607
f 4665/2452/2607 4668/2604/2607 4667/2603/2607
f 4664/2451/2607 4668/2604/2607 4669/2453/2607
f 4665/2452/2607 4669/2453/2607 4668/2604/2607
f 4670/2598/2748 4673/2602/2749 4671/2600/2750
f 4674/2599/2751 4670/2598/2748 4672/2597/2752
f 4674/2599/2751 4673/2602/2749 4670/2598/2748
f 4676/2603/2753 4674/2599/2751 4675/2601/2754
f 4674/2599/2751 4676/2603/2753 4673/2602/2749
f 4673/2602/2749 4676/2603/2753 4677/2604/2755
f 4678/2605/2607 4679/2606/2607 4680/2607/2607
f 4681/2608/2607 4680/2607/2607 4679/2606/2607
f 4680/2607/2607 4681/2608/2607 4682/2609/2756
f 4681/2608/2607 4679/2606/2607 4683/2610/2607
f 4683/2610/2607 4679/2606/2607 4684/2611/2607
f 4681/2608/2607 4683/2610/2607 4685/2612/2607
f 4686/2441/2607 4687/2440/2607 4688/2443/2607
f 4687/2440/2607 4686/2441/2607 4689/2442/2607
f 4690/2447/2607 4688/2443/2607 4687/2440/2607
f 4688/2443/2607 4690/2447/2607 4691/2448/2607
f 4692/2444/2607 4687/2440/2607 4693/2445/2607
f 4694/2446/2607 4687/2440/2607 4692/2444/2607
f 4694/2446/2607 4690/2447/2607 4687/2440/2607
f 4690/2447/2607 4694/2446/2607 4695/2449/2607
f 4690/2447/2607 4695/2449/2607 4696/2450/2607
f 4697/2422/2757 4698/2420/2757 4699/2421/2758
f 4699/2421/2758 4698/2420/2757 4700/2423/2759
f 4702/2424/2715 4703/2425/2760 4701/2426/2715
f 4704/2427/2760 4703/2425/2760 4702/2424/2715
f 4705/2429/2761 4706/2428/2761 4707/2427/2762
f 4707/2427/2762 4706/2428/2761 4708/2425/2762
f 4711/2431/2763 4712/2432/2764 4709/2430/2720
f 4710/2433/2765 4712/2432/2764 4711/2431/2763
f 4715/2435/2763 4716/2436/2766 4713/2434/2720
f 4714/2437/2765 4716/2436/2766 4715/2435/2763
f 4718/2439/2767 4719/2423/2768 4717/2438/2721
f 4720/2421/2769 4719/2423/2768 4718/2439/2767
f 4721/2409/2607 4722/2412/2607 4723/2413/2607
f 4722/2412/2607 4721/2409/2607 4724/2408/2607
f 4724/2408/2607 4721/2409/2607 4725/2410/2607
f 4724/2408/2607 4725/2410/2607 4726/2411/2607
f 4725/2410/2607 4721/2409/2607 4727/2414/2607
f 4727/2414/2607 4721/2409/2607 4728/2415/2607
f 4728/2415/2607 4729/2416/2607 4727/2414/2607
f 4729/2416/2607 4728/2415/2607 4730/2417/2607
f 4727/2414/2607 4729/2416/2607 4731/2418/2607
f 4727/2414/2607 4731/2418/2607 4732/2419/2607
f 4733/2403/2607 4734/2401/2607 4735/2400/2607
f 4734/2401/2607 4736/2402/2607 4735/2400/2607
f 4734/2401/2607 4737/2404/2607 4736/2402/2607
f 4737/2404/2607 4738/2405/2607 4736/2402/2607
f 4737/2404/2607 4739/2406/2607 4738/2405/2607
f 4739/2406/2607 4740/2407/2607 4738/2405/2607
f 4742/2613/2770 4743/2614/2771 4741/2615/2772
f 4743/2614/2771 4742/2613/2770 4744/2616/2643
f 4744/2616/2643 4745/2617/2773 4743/2614/2771
f 4745/2617/2773 4744/2616/2643 4746/2618/2722
f 4747/2619/2722 4748/2620/2722 4750/2621/2643
f 4752/2622/2643 4750/2621/2643 4748/2620/2722
f 4749/2623/2770 4751/2624/2774 4752/2622/2643
f 4750/2621/2643 4752/2622/2643 4751/2624/2774
f 4753/2625/2643 4754/2626/2643 4755/2627/2643
f 4755/2627/2643 4756/2628/2643 4753/2625/2643
f 4757/2629/2573 4758/2630/2573 4759/2631/2775
f 4759/2631/2775 4758/2630/2573 4760/2632/2757
f 4762/2633/2776 4763/2634/2777 4761/2635/2778
f 4763/2634/2777 4762/2633/2776 4764/2636/2777
f 4765/2637/2779 4763/2634/2777 4764/2636/2777
f 4764/2636/2777 4766/2638/2779 4765/2637/2779
f 4765/2637/2779 4766/2638/2779 4767/2639/2734
f 4768/2640/2780 4767/2639/2734 4766/2638/2779
f 4769/2641/2643 4770/2642/2643 4771/2643/2781
f 4772/2644/2781 4771/2643/2781 4770/2642/2643
f 4770/2642/2643 4769/2641/2643 4773/2645/2782
f 4774/2646/2783 4773/2645/2782 4769/2641/2643
f 4775/2647/2761 4776/2648/2688 4777/2649/2784
f 4775/2647/2761 4777/2649/2784 4778/2650/2761
f 4779/2651/2770 4780/2652/2770 4781/2653/2643
f 4783/2654/2643 4781/2653/2643 4780/2652/2770
f 4781/2653/2643 4783/2654/2643 4784/2655/2722
f 4782/2656/2722 4784/2655/2722 4783/2654/2643
f 4787/2657/2765 4785/2658/2692 4786/2659/2785
f 4787/2657/2765 4786/2659/2785 4788/2660/2765
f 4791/2661/2765 4789/2662/2692 4790/2663/2786
f 4791/2661/2765 4790/2663/2786 4792/2664/2765
f 4795/2616/2643 4794/2665/2722 4793/2666/2722
f 4795/2616/2643 4796/2667/2643 4794/2665/2722
f 4797/2668/2770 4796/2667/2643 4795/2616/2643
f 4797/2668/2770 4798/2669/2787 4796/2667/2643
f 4799/2670/2788 4800/2671/2672 4801/2672/2770
f 4800/2671/2672 4799/2670/2788 4802/2673/2789
f 4802/2673/2789 4803/2674/2698 4800/2671/2672
f 4803/2674/2698 4802/2673/2789 4804/2675/2699
f 4805/2676/2698 4806/2677/2790 4807/2678/2672
f 4808/2679/2672 4807/2678/2672 4806/2677/2790
f 4807/2678/2672 4808/2679/2672 4809/2680/2770
f 4810/2681/2770 4809/2680/2770 4808/2679/2672
f 4811/2682/2791 4812/2683/2792 4813/2684/2791
f 4813/2684/2791 4812/2683/2792 4814/2685/2793
f 4812/2683/2792 4815/2686/2794 4814/2685/2793
f 4814/2685/2793 4815/2686/2794 4816/2687/2795
f 4815/2686/2794 4817/2688/2796 4816/2687/2795
f 4817/2688/2796 4815/2686/2794 4818/2689/2796
f 4820/2690/2708 4821/2691/2672 4819/2692/2708
f 4819/2692/2708 4821/2691/2672 4822/2693/2672
f 4823/2694/2672 4824/2695/2672 4825/2696/2778
f 4824/2695/2672 4826/2697/2776 4825/2696/2778
f 4828/2698/2797 4827/2699/2797 4829/2700/2798
f 4828/2698/2797 4829/2700/2798 4830/2701/2799
f 4831/2695/2800 4832/2694/2801 4833/2691/2802
f 4834/2693/2800 4833/2691/2802 4832/2694/2801
f 4835/2702/2672 4836/2703/2672 4837/2704/2672
f 4836/2703/2672 4835/2702/2672 4838/2705/2672
f 4835/2702/2672 4839/2706/2672 4838/2705/2672
f 4838/2705/2672 4839/2706/2672 4840/2707/2672
f 4841/2708/2672 4842/2709/2672 4843/2710/2672
f 4842/2709/2672 4841/2708/2672 4844/2711/2672
f 4841/2708/2672 4845/2712/2672 4844/2711/2672
f 4844/2711/2672 4845/2712/2672 4846/2713/2672
f 4847/2714/2672 4848/2715/2672 4849/2716/2672
f 4848/2715/2672 4847/2714/2672 4850/2717/2672
f 4851/2718/2803 4852/2719/2803 4853/2720/2672
f 4854/2721/2672 4853/2720/2672 4852/2719/2803
f 4853/2720/2672 4854/2721/2672 4855/2722/2804
f 4856/2723/2805 4855/2722/2804 4854/2721/2672
f 4857/2724/2672 4858/2725/2672 4859/2726/2672
f 4858/2725/2672 4857/2724/2672 4860/2727/2672
f 4861/2700/2806 4862/2728/2672 4863/2701/2807
f 4862/2728/2672 4861/2700/2806 4864/2729/2672
f 4864/2729/2672 4865/2730/2808 4862/2728/2672
f 4865/2730/2808 4864/2729/2672 4866/2731/2808
f 4867/2730/2809 4868/2731/2810 4869/2732/2809
f 4867/2730/2809 4869/2732/2809 4870/2733/2811
f 4871/2734/2698 4872/2735/2698 4873/2736/2672
f 4874/2737/2672 4873/2736/2672 4872/2735/2698
f 4873/2736/2672 4874/2737/2672 4875/2738/2770
f 4876/2739/2770 4875/2738/2770 4874/2737/2672
f 4879/2671/2672 4878/2740/2770 4877/2741/2774
f 4879/2671/2672 4880/2742/2672 4878/2740/2770
f 4882/2743/2698 4880/2742/2672 4879/2671/2672
f 4882/2743/2698 4881/2744/2698 4880/2742/2672
